image,score
lanphere54810922.jpg,2.85
43751877@N085618633908.jpg,2.21
argstudios3369487147.jpg,3.35
blemaire2221855692.jpg,2.41
jillblack335278234599.jpg,2.79
parisbreakfast21504244226.jpg,2.04
dbagcollection2572422882.jpg,1.91
ale_bujj5031652084.jpg,2.79
mattbbr8000677242.jpg,1.7
32966980@N085054385089.jpg,2.49
ohm17247744061.jpg,2.56
cakewalkqueen5995502391.jpg,2.17
giveawayboy4344708839.jpg,2.71
theworldisatwarwegonnastopit4187575895.jpg,2.15
_kimmg_2831596875.jpg,3.06
thegraveyardshift4119447854.jpg,2.2
remed_art2473219115.jpg,2.54
31408335@N034420417921.jpg,2.48
holodelic2791675307.jpg,3.95
dosmosis189806897.jpg,2.39
toxicnerd5613735003.jpg,2.79
pbsartstudio6051720084.jpg,2.25
peewee_gonzoid157087272.jpg,3.08
clairgraubner88628433.jpg,2.15
bills_eye_view4050563533.jpg,2.51
76057363@N00330102099.jpg,2.71
nohjcoleynotions3441594362.jpg,2.55
lipatovadv2614266889.jpg,1.84
espinosa_rosique5903181776.jpg,3.11
cat-net4552039382.jpg,3.35
thegraveyardshift3990985851.jpg,3.01
waese2264250893.jpg,2.0
maric_atelier6081683022.jpg,2.94
espinosa_rosique6945205532.jpg,2.08
danaekyle5656879642.jpg,2.67
ticianapsi6236586979.jpg,2.9
32966980@N084681545060.jpg,2.62
smeroner5103102831.jpg,2.3
espinosa_rosique6043201671.jpg,2.27
suzysoosoo4842705551.jpg,2.04
menesje2144196162.jpg,2.3
befunked5815074696994.jpg,1.64
alodiaalmira4729369157.jpg,4.02
v-neck5372384406.jpg,3.0
1fifteen55403084129.jpg,1.95
thegraveyardshift4260327687.jpg,2.48
32966980@N084441320522.jpg,2.44
lbkbigfoot4558152211.jpg,2.83
mrrowl4576150258.jpg,3.81
137009693@N0822494287583.jpg,3.48
42398636@N075044766603.jpg,2.37
kyuubitamer2527648141.jpg,2.01
smart_alex537841101.jpg,2.98
lunatiknataly5444352162.jpg,2.62
cedarseven85860277.jpg,2.06
7945330@N051509645961.jpg,3.6
ingvilar2270069516.jpg,2.26
sammo371351204047.jpg,2.06
holodelic2400567081.jpg,4.17
dbagcollection3252885540.jpg,2.12
thegraveyardshift3985819576.jpg,2.79
eclectic_market4586215558.jpg,3.44
danbuck456919970.jpg,2.84
22755074@N063697805642.jpg,3.16
silentmiaow5621967171.jpg,1.85
geninne5147335466.jpg,3.45
moments_in_time_by_olga7813710456.jpg,4.2
dominicspics820426697.jpg,2.17
1q866346854519.jpg,2.24
imo2923660283.jpg,4.27
51448033@N075131472947.jpg,1.7
espinosa_rosique6518416935.jpg,2.42
traveljunkieoz786900096.jpg,1.98
kimkarlene26333563231.jpg,2.63
thegraveyardshift4368756040.jpg,2.97
thegraveyardshift4020593348.jpg,3.05
greysheepduo475085457.jpg,2.38
1q866279471365.jpg,2.22
16938979@N053343822062.jpg,1.75
thegraveyardshift4204911247.jpg,2.35
30417745@N023907257525.jpg,3.98
vanheek3054209520.jpg,2.15
isicrew6685322997.jpg,2.5
32089921@N045280222609.jpg,2.86
nesk2304457415.jpg,2.71
ritontattoo2549352740.jpg,2.31
47120294@N024940972303.jpg,2.57
lbkbigfoot4017684428.jpg,2.78
lbkbigfoot3518676744.jpg,2.39
133475017@N0227597745215.jpg,1.93
gracesharesphotos2809683834.jpg,2.04
dominicspics821478730.jpg,2.12
21963462@N074543243351.jpg,3.54
lbkbigfoot4558152871.jpg,2.77
32966980@N084507162120.jpg,1.96
bunnyism2428299124.jpg,3.35
augphoto6793803440.jpg,3.73
131020975@N0324243538396.jpg,3.5
142846273@N0827245699604.jpg,2.49
32966980@N084425731069.jpg,2.48
kyuubitamer3963200412.jpg,2.03
27259847@N00889168397.jpg,2.83
60463308@N001624157720.jpg,3.07
wanzitang22762657463.jpg,3.11
remed_art2473219097.jpg,2.38
66388737@N046063877540.jpg,3.62
novembermoon5553202784.jpg,2.38
annamarchi3312400530.jpg,2.75
dmise2106176417.jpg,2.43
32966980@N084426443982.jpg,2.67
seniorc2385036314.jpg,3.21
32966980@N084687433380.jpg,3.02
thegraveyardshift3983163510.jpg,2.54
mediodescocido5375539145.jpg,3.48
32966980@N084503487954.jpg,2.99
116171072@N0223112249965.jpg,4.38
14554939@N081860995714.jpg,2.95
141680319@N0825825056953.jpg,3.12
giveawayboy336373279.jpg,2.44
mackpics6565019953.jpg,3.23
zaraillustrates4293951812.jpg,2.6
thegraveyardshift3985870170.jpg,3.2
fernandofiuza17849060.jpg,2.07
dosmosis189807563.jpg,2.89
32966980@N085009153688.jpg,2.79
espinosa_rosique6041543966.jpg,3.04
gandalfsgallery32377632936.jpg,3.03
thegraveyardshift4207364537.jpg,3.14
meisone1800760296.jpg,3.0
ccc4ever2589799738.jpg,2.36
47934977@N0325243375606.jpg,3.07
11843711@N026121422565.jpg,2.81
wanzitang24974069401.jpg,2.75
32966980@N084966897604.jpg,2.95
wanzitang24481711683.jpg,3.38
jorgecalfo_galeria4696443860.jpg,3.87
espinosa_rosique6033391113.jpg,2.96
caatje5529823378.jpg,2.54
old_skool72604187307.jpg,2.68
g-edition4638245501.jpg,2.68
sammo371401432357.jpg,3.44
92943860@N00110556978.jpg,2.64
32966980@N084441313060.jpg,3.25
92943860@N0068088031.jpg,3.25
37817853@N083758494881.jpg,2.71
andymag27663050980.jpg,3.38
14287083@N034350813367.jpg,2.94
margee_s4255874997.jpg,2.9
32966980@N084507150700.jpg,3.6
wanzitang22755797970.jpg,3.82
jiem13421278350.jpg,2.57
skrikl4775905293.jpg,2.63
32966980@N084470860873.jpg,2.88
gandalfsgallery21804118325.jpg,3.44
wanzitang25012735561.jpg,2.76
orlandograffiti5475323413.jpg,2.95
116171072@N0222668956205.jpg,4.48
36302234@N024302861690.jpg,2.92
colindarke16437312606.jpg,2.33
helenajansen3413853983.jpg,2.88
imo282477855.jpg,3.63
4dloveofblythe5514399564.jpg,3.02
smantrom1208315482.jpg,3.06
holodelic2545653621.jpg,4.19
helenajansen3413854121.jpg,2.84
markolino23453241490.jpg,3.77
23809160@N044016097106.jpg,3.26
109240335@N0529834546614.jpg,2.65
hatsepsuta5370273423.jpg,2.94
juliealicea2433994661.jpg,2.84
32089921@N045273207180.jpg,3.02
32966980@N084326191957.jpg,2.91
espinosa_rosique6033114713.jpg,3.92
modern_artifacts24563636.jpg,2.38
haeusermann4937305365.jpg,4.55
138528305@N0524358795844.jpg,2.71
61610204@N036194229875.jpg,3.81
136486982@N0821745108673.jpg,2.04
36149148@N043639262589.jpg,2.63
noosedkitty2910464052.jpg,3.24
nekroticphotos4108141086.jpg,2.69
sullamitapraxedes6954468088.jpg,3.4
heavenxxx236837530109.jpg,4.07
thegraveyardshift4175814310.jpg,3.85
121832342@N0428799776196.jpg,4.73
peligro203579502.jpg,2.63
116171072@N0226699727994.jpg,3.73
65343564@N0829295979021.jpg,4.37
silesianbromba2272365156.jpg,3.8
kay-hansen32307126833.jpg,4.1
pnullsti15692764715.jpg,3.32
mamnic475195248510.jpg,4.52
gandalfsgallery26554141545.jpg,3.49
kecko389271671.jpg,3.21
amithes3534585335.jpg,4.29
-4u-5835492751.jpg,4.08
langkawi35681988580.jpg,3.26
anniea3007273966.jpg,2.84
24268205@N085523495302.jpg,3.8
mohdi2227285911.jpg,2.99
129881189@N0215836361090.jpg,3.46
thegraveyardshift4118666651.jpg,4.02
16155421@N0629404184231.jpg,3.4
30056912@N083545654016.jpg,2.99
joangarau5047771176.jpg,4.91
jillclardy31241061945.jpg,3.9
pnullsti15605738011.jpg,3.0
32966980@N084431417798.jpg,3.44
lazarus_19732721090748.jpg,3.15
mehrz28482076124.jpg,4.12
lazarus_19733872163024.jpg,3.32
133475017@N0227320582100.jpg,2.88
102067335@N0733357115910.jpg,3.27
32966980@N084728669281.jpg,2.95
fletch-lives3497740171.jpg,3.3
stickerart5945186160.jpg,3.0
davidzentao32219084285.jpg,3.64
gandalfsgallery26336429601.jpg,3.23
60926909@N0527163502382.jpg,3.17
24248667@N0231257903461.jpg,3.32
40177263@N054552782772.jpg,3.35
32966980@N084470888957.jpg,3.42
naturama2435211121.jpg,4.83
gandalfsgallery28067851841.jpg,4.04
holodelic2743851172.jpg,5.4
32966980@N084968725023.jpg,3.27
oscarfh21745069999.jpg,4.02
mamnic475195248976.jpg,3.33
128699252@N0223191520794.jpg,3.37
nasa-crew4430690057.jpg,3.29
95198486@N006121433032.jpg,3.69
anniea27846687.jpg,4.41
gandalfsgallery32191416452.jpg,3.14
133475017@N0227563554286.jpg,2.78
theganesh29640050060.jpg,3.54
kyuubitamer2370565618.jpg,3.81
16493074@N081764021558.jpg,4.11
141568914@N0526947556634.jpg,2.98
13070711@N0323863365805.jpg,4.35
s_wphotography15336942810.jpg,4.32
stickerart4564765238.jpg,3.0
redroom_studios1448078370.jpg,3.92
44513002@N054273704817.jpg,3.11
jasonology24783294713.jpg,3.35
32966980@N085055002780.jpg,3.06
69824043@N0721768647333.jpg,3.05
12494014@N073605996203.jpg,3.57
mag373714179361071.jpg,3.4
14445881@N0415097548775.jpg,5.26
igor_ulangin_art23235675632.jpg,3.5
34093261@N053468414206.jpg,3.62
gandalfsgallery27485858810.jpg,3.72
carstennicolaus25846731782.jpg,5.68
gandalfsgallery22854764071.jpg,3.65
adina-ana5211915995.jpg,4.48
wanzitang22785497583.jpg,4.19
mejuan24565671169.jpg,3.86
ricko1945046141854.jpg,3.66
41840987@N034051957731.jpg,3.76
planetelsita25883286055.jpg,5.03
138528305@N0523841541893.jpg,4.16
bettyvlasiu36320997940.jpg,5.63
gandalfsgallery27362731820.jpg,3.25
59196604@N0326844145280.jpg,3.74
50727129@N0031724746851.jpg,4.94
gandalfsgallery23393515703.jpg,3.53
rofi6919457458.jpg,4.04
103237066@N0627680064305.jpg,3.54
gandalfsgallery29095003101.jpg,3.35
holodelic2789946425.jpg,5.53
ankara669982400584.jpg,4.35
creacha6201757005.jpg,4.36
128699252@N0223309053506.jpg,3.62
thegraveyardshift3980963074.jpg,4.56
148155974@N0735003752030.jpg,3.66
mkmphoto1902346714.jpg,5.42
21644167@N042104837816.jpg,4.48
111724958@N0626965951883.jpg,4.89
love_795405227940.jpg,3.81
thegraveyardshift3988650640.jpg,5.05
darkrider_cambo26117174656.jpg,5.86
langkawi16722218967.jpg,4.22
mabelinsantos33879834386.jpg,4.04
edguimaraes2535689351.jpg,4.6
jackiecrossley24536368629.jpg,5.39
116171072@N0223760974391.jpg,3.65
hellie5527760515380.jpg,4.34
remed_art2401509964.jpg,3.56
32966980@N084681541464.jpg,3.93
71283955@N0632418961595.jpg,4.68
rsnow5862207198.jpg,5.17
78306936@N0223475423530.jpg,3.1
phdstressreilief7647819208.jpg,3.87
139303726@N0525962024116.jpg,4.25
38635235@N043661358439.jpg,4.25
gandalfsgallery24121659925.jpg,4.4
21644167@N042104868910.jpg,3.63
129923608@N0528646721085.jpg,3.46
joolsashton16449776769.jpg,3.6
98531702@N0529737775584.jpg,3.86
jeremy_forson2879085461.jpg,5.63
gandalfsgallery27674380220.jpg,4.45
127842837@N0815650768587.jpg,3.46
138428555@N0825740109175.jpg,5.43
alexander-ponick36947330286.jpg,4.49
53898331@N0026243427683.jpg,4.91
alfamale-19746200700499.jpg,3.74
mihil31757521871.jpg,4.31
elenaortegasanchez36329321181.jpg,3.93
knipser314058255647168.jpg,5.63
mary_faith28025533205.jpg,4.37
qaway21646297391.jpg,3.62
philoujack5455346003.jpg,3.98
bagdadcafe5142440190.jpg,5.22
siobhanalbertiana1225387667.jpg,4.32
isaurasousa31015012613.jpg,5.1
lalobamfw26504001175.jpg,3.67
128699252@N0223711193051.jpg,3.5
106048394@N0232195489302.jpg,4.17
subcess6273509128.jpg,4.19
swarnendughoshdastidar15525943568.jpg,4.15
33405808@N064108622407.jpg,4.13
brian10432980140264.jpg,4.95
32966980@N084506497251.jpg,3.56
gandalfsgallery29371998654.jpg,3.56
61743864@N066784012617.jpg,3.54
ramonboldrini6868564533.jpg,5.67
joolsashton15883642481.jpg,6.09
pnullsti15605044401.jpg,3.71
stockcarpete30043419341.jpg,4.53
hannahkarina399018101.jpg,4.22
cj_proartz23620776002.jpg,4.09
vejam16058236722.jpg,4.79
hectorferreiro27512982536.jpg,5.5
-noisette-16468230673.jpg,4.71
141489848@N0626993802040.jpg,5.48
marin7122227534486.jpg,4.42
lukedixonart4422910357.jpg,5.02
16918709@N049681125557.jpg,4.46
marin7129160811211.jpg,5.13
85692590@N0516780861698.jpg,4.52
121469093@N0224432800465.jpg,4.55
marin7116399801243.jpg,5.63
71473456@N0425051358492.jpg,3.88
lbkbigfoot6723609685.jpg,5.06
16918709@N046749937331.jpg,4.37
16918709@N047927284426.jpg,4.61
yana_l15398855129.jpg,5.29
mhirano8533895237.jpg,4.67
gandalfsgallery22086389675.jpg,3.98
cj_proartz31133394476.jpg,3.91
marin7122454016208.jpg,5.1
16918709@N048474323106.jpg,4.35
gmcgivern1023698540856.jpg,4.45
16918709@N048698293640.jpg,4.33
safaripartners5280680446.jpg,4.77
93445149@N0626077177151.jpg,4.53
akbar228193275492.jpg,4.78
133789612@N0728830560235.jpg,4.52
theblackpearl1228488875520.jpg,5.45
27830146@N0824726424619.jpg,4.38
light-and-shadow-by-pen26546818486.jpg,4.69
cielopedernal16641837429.jpg,4.54
marin7130216822200.jpg,5.1
whiptail20116221977259.jpg,4.58
thegermanfriday7565034748.jpg,4.34
99811651@N0728496335505.jpg,6.53
16918709@N048444394465.jpg,4.11
marin7116489828845.jpg,4.38
ohyourenofun15539355933.jpg,4.11
16918709@N048849126484.jpg,4.41
marin7125359327503.jpg,3.87
glenndiana17285840230.jpg,4.49
barbara_luel11935937793.jpg,3.78
66451146@N0834852212706.jpg,5.87
138428555@N0824761220115.jpg,4.29
guytyler28058686683.jpg,4.4
138428555@N0825718526895.jpg,5.44
artcreature31993138065.jpg,4.12
rivercrouchwalker19707487620.jpg,4.12
thegermanfriday7592986404.jpg,4.77
rlovetaylor33021727190.jpg,5.18
yellenajames4923251645.jpg,4.37
32966980@N085054475573.jpg,4.31
phase-one23628982620.jpg,4.41
blueocean6427791663735.jpg,5.46
beelz35219484102.jpg,6.02
65347433@N078343849346.jpg,4.68
verdigrisjane5625301884.jpg,4.17
orion-by35211607144.jpg,4.54
marin7130697325966.jpg,5.25
16918709@N047170742737.jpg,4.14
cj_proartz30831738024.jpg,4.8
karibequeen20227330353.jpg,4.67
90402951@N006066313803.jpg,4.0
gandalfsgallery27554224880.jpg,4.66
flavoredtape26720769182.jpg,3.87
gmcgivern1022341825491.jpg,4.1
stanzim9521038120.jpg,5.09
marin7114374311366.jpg,4.19
32966980@N084630860468.jpg,4.92
jimharris_art22782090674.jpg,4.13
16918709@N048322568333.jpg,4.17
dannemann7184485177.jpg,4.24
21644167@N043155025606.jpg,5.01
21644167@N042104321943.jpg,4.47
shenweichen14652332496.jpg,6.25
sacred_wars6980739280.jpg,3.93
12143104@N076084257909.jpg,4.06
47156767@N0711018411395.jpg,4.64
16918709@N045888369642.jpg,4.85
16918709@N047771665082.jpg,4.28
161693384@N0438916317310.jpg,4.87
134154923@N0831889333853.jpg,3.81
101846157@N0317227000261.jpg,5.26
stanzim13221514235.jpg,4.55
147318655@N0529633213452.jpg,5.98
boccacino31807356926.jpg,4.21
jimharris_art34445380673.jpg,4.1
cj_proartz23627579915.jpg,5.03
lbkbigfoot6444694101.jpg,4.71
gmcgivern1024623357466.jpg,4.12
lilola9231240747.jpg,5.3
gandalfsgallery29353320053.jpg,4.7
16918709@N049631058504.jpg,4.62
gmcgivern1024120902350.jpg,4.0
fotos_zeichnungen29100146981.jpg,4.62
marin7122562240702.jpg,4.54
somanystars6751641511.jpg,4.03
stanzim16862824015.jpg,4.31
jepics29534378121.jpg,5.9
16918709@N048179329686.jpg,4.66
jamalhj6200718271.jpg,6.38
16918709@N046714882719.jpg,4.65
69824043@N0722400509911.jpg,5.08
marin7119450123291.jpg,4.21
16918709@N047492515648.jpg,3.82
oxfordshire_church_photos23009494265.jpg,5.34
44584394@N004695624452.jpg,5.38
kyoto_sketch25275858544.jpg,4.78
16918709@N048157861079.jpg,4.12
marin7121039395633.jpg,4.94
gandalfsgallery27855003541.jpg,3.83
artcreature33192778930.jpg,4.05
133457276@N0231068468375.jpg,4.21
artcreature29479604510.jpg,4.01
lbkbigfoot4811438838.jpg,4.8
57734089@N0329167460965.jpg,4.46
josematutina24883189116.jpg,5.25
16918709@N046991720668.jpg,4.14
16918709@N045947587267.jpg,4.53
25016762@N0524778997062.jpg,3.97
marin7123490415650.jpg,4.37
skipmoore29853368992.jpg,4.29
thegermanfriday6915036564.jpg,4.37
hannnahjannne7701010226.jpg,5.79
25016762@N0524574870509.jpg,5.85
bkhagar_gallery27333009156.jpg,5.8
marin716871744071.jpg,4.53
16918709@N046536559729.jpg,4.59
16918709@N045626769466.jpg,5.08
farshad_sanaee5415527595.jpg,5.56
16918709@N046903230282.jpg,4.75
32966980@N085054384331.jpg,5.02
marin7115419526724.jpg,5.05
jen72230910436.jpg,5.52
kingsneversuffer6848258462.jpg,5.27
aerosmith69246807542.jpg,6.1
kaimingwong19911259336.jpg,5.35
rmf-6713872584174.jpg,5.79
marin7116787444575.jpg,5.3
stanzim29121657833.jpg,4.79
sunciti_sundaram8021823235.jpg,6.13
art_from_fred8490583186.jpg,5.07
32966980@N084930497264.jpg,4.79
21644167@N042105101870.jpg,5.58
lbkbigfoot3518641088.jpg,5.34
stanzim33571027053.jpg,4.48
dalbao33480748775.jpg,4.88
spiritualblue8597971872.jpg,5.77
shaireproductions6731551819.jpg,6.48
16918709@N045465817339.jpg,5.21
marin7116044379710.jpg,4.53
quimgranell5582853502.jpg,7.13
antdude300131554325894.jpg,5.17
marin7115347158149.jpg,4.36
ldb456556308.jpg,4.59
peterscherub24309749503.jpg,5.5
48703240@N0617671797678.jpg,5.36
16918709@N049563921015.jpg,4.6
writing23546055162.jpg,4.31
16918709@N047612011338.jpg,5.41
lynket531917119600.jpg,5.71
33405808@N064108622105.jpg,4.81
16918709@N048028867239.jpg,4.94
skynoir24809581782.jpg,5.95
lbkbigfoot4433795446.jpg,5.12
147910513@N0625864104568.jpg,4.93
139194555@N0535924957304.jpg,5.71
madebybees2718361759.jpg,6.09
16155421@N0628530212054.jpg,5.79
espinosa_rosique5947894147.jpg,5.75
marin7115867294614.jpg,4.6
leejaeyeon6425396133.jpg,5.42
bubblegummmm5425799752.jpg,4.72
europeanasian34309476160.jpg,4.59
-masi-4368602057.jpg,5.97
16918709@N046076362289.jpg,4.66
131920084@N0428043093653.jpg,4.84
girl-vivian13816061414.jpg,4.45
decor84818989974.jpg,5.02
132561248@N0636176734234.jpg,5.49
graffitiremco14135534190.jpg,6.24
thegermanfriday7574716494.jpg,4.74
16155421@N0625930886376.jpg,5.78
marin7116887964518.jpg,5.4
cityofbones9524904476.jpg,4.68
16918709@N048454381798.jpg,5.03
16918709@N047227675514.jpg,5.23
rkc0133208831141.jpg,5.3
sunsward711104645723.jpg,5.53
mehrz28479689913.jpg,4.92
16918709@N047492450372.jpg,5.05
goddess_spiral23263039604.jpg,5.31
126830891@N0329511711113.jpg,5.6
gandalfsgallery23798480049.jpg,4.59
16918709@N047064694257.jpg,4.79
thegermanfriday7647147330.jpg,4.99
marin7131565184496.jpg,5.13
davidgutierrez14424577940.jpg,6.58
126458797@N0223797760655.jpg,4.94
tatiana-b19539510792.jpg,4.46
manuel_abascal22554824960.jpg,7.2
16918709@N048537593397.jpg,5.04
thegermanfriday6975211702.jpg,5.12
140799513@N0226493819324.jpg,5.42
127905331@N0226620347155.jpg,4.72
16155421@N0632480247450.jpg,5.11
134160943@N0427469322862.jpg,4.88
django_leinfelden24239083521.jpg,5.57
teresa_19477565832.jpg,6.63
16918709@N049681144487.jpg,4.24
16918709@N0410211451775.jpg,4.75
16918709@N047508934158.jpg,5.02
bellesouthstudio20697658262.jpg,5.27
54576605@N0032398923284.jpg,4.39
akbar224262959740.jpg,5.09
16918709@N047242315276.jpg,4.83
martinsphotoart14988482909.jpg,4.38
kittyjujube28293575234.jpg,4.61
16918709@N048014034946.jpg,4.46
werner_schnell_images31182932181.jpg,6.76
16918709@N047612008034.jpg,4.74
marin7115904525977.jpg,4.46
jainbow44057543062.jpg,4.98
sonnysixteen41143490344.jpg,5.73
ro_buk5241022310.jpg,6.24
106211993@N0226023088886.jpg,4.97
saralechner745711695.jpg,4.41
16918709@N047283849860.jpg,4.72
billayton27837307772.jpg,4.47
16155421@N0632936384014.jpg,5.87
reneerk28922596691.jpg,4.46
16918709@N045626757446.jpg,5.36
witness_it_all3500233050.jpg,5.25
21644167@N042104023667.jpg,6.25
ebcreation34764292066.jpg,5.71
hutterdesign16250175638.jpg,6.01
16918709@N048399851440.jpg,5.49
stanzim9784963883.jpg,5.38
marin7115687866514.jpg,4.78
gerardguyot32854709044.jpg,4.59
jezselten7758849268.jpg,5.55
66677970@N0824574264733.jpg,5.22
megvs7156751767.jpg,4.86
16918709@N0410057349803.jpg,5.45
marin7116976816180.jpg,5.5
23333264@N005628774420.jpg,5.33
16918709@N047042224327.jpg,4.41
16918709@N045501692366.jpg,4.76
theblackpearl1228741729376.jpg,5.65
16918709@N047227634724.jpg,5.56
piktorama8575419544.jpg,5.21
mini_malist14138825821.jpg,5.23
prettylittlethieves5515454346.jpg,5.3
16918709@N049291747112.jpg,5.0
dagoe7003372572.jpg,4.88
16918709@N046536564947.jpg,4.41
robvndb16745412821.jpg,5.28
danniepolley10448012286.jpg,5.76
16918709@N048606791387.jpg,5.3
141489848@N0626501819463.jpg,6.38
imaginative-child8416126315.jpg,4.74
vidalluna13998900186.jpg,5.47
16918709@N048412411558.jpg,4.8
marin7119269230788.jpg,4.88
cj_proartz28740029696.jpg,4.57
16918709@N049637918881.jpg,4.34
dashynek6851047085.jpg,5.38
16918709@N045947557229.jpg,4.84
pau-lin7800625214.jpg,4.34
138428555@N0825744551016.jpg,5.64
opart38026004368.jpg,5.26
marin7123786111495.jpg,4.76
125814940@N0614631035888.jpg,6.37
22240309@N068828842732.jpg,4.47
aleme7010174139.jpg,4.54
90402951@N007249757876.jpg,4.98
124212775@N0514467367044.jpg,5.07
138428555@N0825375554812.jpg,5.02
maxtuguese33647450111.jpg,5.29
emeraldtriangle5256689438.jpg,4.84
rebfoto33025569740.jpg,6.13
lynket524299163136.jpg,6.23
vivivieira5509808425.jpg,6.28
155141803@N0540168156282.jpg,5.11
jneentertainment24129819646.jpg,4.76
roniyo14984435574.jpg,5.63
12171076@N041262325838.jpg,5.17
126190268@N0415231958656.jpg,5.01
galapunk7344813262.jpg,5.28
jorgecalfo_galeria5346979643.jpg,4.56
16918709@N048516821512.jpg,4.61
127606136@N0220248464125.jpg,5.42
marin7116302390070.jpg,4.94
yourfantasytravelclub23411175385.jpg,5.46
gerardguyot33558540052.jpg,4.88
kev_gregory_general28338224890.jpg,5.21
31176851@N028462611187.jpg,5.73
143018951@N0732523901827.jpg,4.62
jimharris_art23323314812.jpg,4.55
gandalfsgallery31568762925.jpg,5.44
marctaro5779507744.jpg,6.44
medo10116535911343.jpg,5.42
jimharris_art24099888564.jpg,4.52
veenanair15741027726.jpg,5.61
lbkbigfoot4728652440.jpg,4.94
marin7125687505590.jpg,5.24
59126218@N0633804785895.jpg,6.62
131208255@N0626562068443.jpg,6.47
eyeconpix72732018.jpg,6.25
boccacino31289238783.jpg,4.62
88502812@N0716472897770.jpg,6.18
bercolly6842612149.jpg,6.7
klandestina15012228958.jpg,6.42
gollybard4149835894.jpg,6.67
alpharios10121525220714.jpg,5.84
militao379717013812.jpg,4.94
128699252@N0223755055903.jpg,5.07
marin718959506166.jpg,5.36
stanzim21186211742.jpg,4.99
16918709@N048319000444.jpg,5.36
obeth127400586724.jpg,5.19
16918709@N047611979768.jpg,5.43
sharonsoutlook16139413758.jpg,5.89
16918709@N047464129646.jpg,5.44
marin716334519100.jpg,5.19
akbar228403093545.jpg,6.02
patperry6632006613.jpg,5.64
de_joie26482263656.jpg,6.91
patpardon21335192821.jpg,5.58
16918709@N047375296956.jpg,5.56
73929589@N038203328899.jpg,6.69
forestforthetrees29755859961.jpg,4.95
cheishichiyo8533711898.jpg,6.19
lbkbigfoot3586152226.jpg,6.06
saralechner426966285.jpg,5.77
132561248@N0636709348325.jpg,5.36
stickerart8088003258.jpg,5.25
akiraaa6137575885.jpg,4.75
16918709@N048912231259.jpg,5.0
ledrakenoir35755105752.jpg,5.81
bokis-foto_man28407583160.jpg,4.89
16918709@N047006759104.jpg,6.12
marin716793210870.jpg,5.78
akiraaa6224383334.jpg,6.83
millasplace5279989382.jpg,5.07
32686931@N0715496771443.jpg,5.83
132561248@N0636469002470.jpg,6.67
marin7121650219489.jpg,5.44
salazart6708922943.jpg,5.45
16918709@N048050537158.jpg,4.75
kgiantx20979532205.jpg,5.7
niark15963185505.jpg,5.38
junibears43059948001.jpg,5.22
tetsuwaka8549500534.jpg,6.53
jenwang4156630869.jpg,5.33
marin7115268909860.jpg,5.21
garbagepailkid4891255241.jpg,5.25
pixelpancho6458631709.jpg,5.63
stanzim14744129493.jpg,5.02
craft-tea5930024138.jpg,5.04
71764263@N068379615669.jpg,6.96
heavymetalgang6027485758.jpg,5.63
hibiki_miyazaki12818577594.jpg,6.37
49554283@N0420417935330.jpg,6.14
16155421@N0632107591714.jpg,6.48
igsirenita27285472991.jpg,6.04
jameschong8293330727.jpg,5.86
sacred_wars6808361528.jpg,4.81
16918709@N049684386654.jpg,5.02
16918709@N045501692456.jpg,5.58
danielwildi6492523379.jpg,7.82
16918709@N048949534538.jpg,5.44
jen72284203342.jpg,4.61
16918709@N048423131050.jpg,5.31
maldito_lapiz6833297095.jpg,5.17
imran_dawood__arts__photography_15159154330.jpg,4.98
141447056@N0636751989472.jpg,5.62
marin7119116961403.jpg,5.53
walrustexas21106720678.jpg,5.43
21644167@N048663792001.jpg,6.2
claudiogil5397435001.jpg,5.0
gandalfsgallery25061830464.jpg,6.43
legohaulic8682287622.jpg,7.0
robvndb8704655303.jpg,5.86
galapunk7787680972.jpg,5.15
16918709@N048468165253.jpg,5.29
16918709@N048412413294.jpg,5.11
neviepiecakes5525936772.jpg,5.63
77791730@N057129574911.jpg,5.12
kgiantx23225791206.jpg,5.07
kgiantx21705236234.jpg,6.86
akbar223947062214.jpg,5.67
13499964@N0315919337195.jpg,5.33
king395921920825190.jpg,6.32
acerriteno6265455023.jpg,5.71
marianbijlenga5451091141.jpg,6.27
lelalobo5540261006.jpg,5.75
48111716@N078166619126.jpg,5.21
rasko17631634312.jpg,6.42
16918709@N045754210070.jpg,5.0
16918709@N048834646400.jpg,5.22
marin7115854520890.jpg,5.69
foggyray9026386637665.jpg,6.5
jaszmurka5323679598.jpg,7.11
132561248@N0636839655230.jpg,6.3
71764263@N0615625158712.jpg,6.55
akbar224581126725.jpg,6.25
128322404@N0731949780280.jpg,5.65
135745767@N0226663383533.jpg,5.64
72955221@N0528129507836.jpg,6.22
by_ljucsu15750611440.jpg,6.31
jibz5537164381285.jpg,6.21
patpardon21896994942.jpg,5.16
raffacama11383924094.jpg,5.76
doeshdv3373332330.jpg,5.59
wright-leslie17008633356.jpg,6.47
lbkbigfoot6584631541.jpg,6.04
tealights5228560670.jpg,4.88
marin7116307953464.jpg,5.14
16918709@N047612006106.jpg,5.38
16918709@N048314302739.jpg,4.89
16918709@N048357870271.jpg,5.19
oddiophoto8915503000.jpg,5.97
patpardon21890433345.jpg,5.64
139321902@N0523749146124.jpg,5.83
58523741@N0633780627414.jpg,7.14
132561248@N0636423502723.jpg,5.45
retakretak-stickerman8098368237.jpg,5.89
barbarissima24161099280.jpg,4.83
smeroner5200370166.jpg,5.19
pedrolakes22363281483.jpg,5.77
daniloyzaga176270075.jpg,6.39
woodylauland16230158387.jpg,4.95
gollybard7901382214.jpg,6.2
lbkbigfoot6584629161.jpg,5.96
16918709@N047508932518.jpg,5.42
125814940@N0616576760660.jpg,7.47
marin7115467958344.jpg,5.34
saralechner2485860843.jpg,4.89
tballard14076442225.jpg,5.39
patpardon21699040778.jpg,5.19
jorgetoselli27454495483.jpg,5.88
tripudios-6733792237.jpg,5.62
30462932@N072959561454.jpg,5.93
85544610@N0319006461550.jpg,5.81
16918709@N0410211375354.jpg,5.16
marin7121669540921.jpg,6.1
134391322@N0524107915393.jpg,5.15
55143402@N057798739618.jpg,5.12
marin7124141843270.jpg,6.73
fingtoys2109044239.jpg,5.29
lfchamarelli15736928119.jpg,6.45
eloquentnoise20524499849.jpg,5.0
adrianoguerreiro9542137324.jpg,6.19
47859152@N0528331369290.jpg,6.16
kewguys14850827490.jpg,5.48
gert558591932547.jpg,5.63
16918709@N046954415465.jpg,5.29
16918709@N045383992880.jpg,5.44
96586097@N0329416119895.jpg,5.33
16918709@N046816201500.jpg,5.43
jimlaskowicz31292668188.jpg,6.12
96160086@N0420496935214.jpg,6.12
peterseelig8228318784.jpg,5.83
16155421@N0631186944076.jpg,6.62
lbkbigfoot6723611285.jpg,5.43
paul_heaston15265175872.jpg,6.06
decor82381998917.jpg,6.0
hidalgosean33647006091.jpg,5.29
132561248@N0636763956450.jpg,6.3
peterseelig8242742910.jpg,6.51
cheishichiyo6735725615.jpg,6.17
13070711@N0329010106293.jpg,5.77
102067335@N0726906751593.jpg,5.42
16918709@N046851145864.jpg,5.71
132561248@N0636741997620.jpg,6.02
57272948@N0525634275551.jpg,6.28
kewguys15034418701.jpg,5.03
jimharris_art31734146593.jpg,5.6
123687679@N0514493290322.jpg,6.69
137060046@N0427734541895.jpg,6.35
glickw15013939824.jpg,5.5
maiclo__10017719836176.jpg,5.55
astrid25901802252.jpg,7.04
stanzim12321246444.jpg,5.5
16918709@N048244126263.jpg,5.29
marin716836537751.jpg,5.45
kgiantx21743467144.jpg,5.63
mikofox23913575919.jpg,5.61
obeth126924481414.jpg,6.28
16918709@N048315354218.jpg,5.19
78404550@N0325879235714.jpg,5.25
-ahimsa-24424640433.jpg,6.56
16918709@N048215641434.jpg,5.25
120862522@N0423716524449.jpg,5.24
16918709@N047383537076.jpg,5.17
37761688@N0831530517206.jpg,6.14
giveawayboy32564551475.jpg,5.12
16918709@N046425963807.jpg,5.93
jorgecalfo_galeria4568498502.jpg,5.97
hotteli25986378784.jpg,7.63
vivid_dreams27117919336.jpg,7.69
123687679@N0518415980756.jpg,6.44
sosi2986259143.jpg,5.56
pagedooley30618066000.jpg,6.52
surr25183884005.jpg,6.27
wizartmurales33798734511.jpg,5.92
13070711@N0331914988185.jpg,5.81
132561248@N0636772014131.jpg,5.95
62677758@N036150486299.jpg,6.72
16918709@N048037141995.jpg,5.59
gert558613988200.jpg,7.17
16918709@N046516557915.jpg,6.0
luciana_luz9824325454.jpg,6.36
16918709@N047782489770.jpg,5.92
125510487@N0231588291130.jpg,5.69
47290259@N067844709908.jpg,6.71
something-more-productive5778364135.jpg,5.76
peterseelig24933129396.jpg,6.11
matchola7058565181.jpg,7.06
16918709@N047611990414.jpg,6.0
veeste22145770885.jpg,5.42
gregoryrohan29851522163.jpg,5.04
bettycat6265525292.jpg,5.54
dmp195915375555567.jpg,7.43
kldcott20607279071.jpg,6.16
marin714766894611.jpg,6.39
lbkbigfoot6447444661.jpg,6.22
138428555@N0824142864633.jpg,7.12
machiel_taal5268781988.jpg,5.62
zinniatreasures3660486869.jpg,6.53
dollinterrupted9667219802.jpg,5.67
132561248@N0636203607513.jpg,6.93
125761169@N0623273921936.jpg,5.96
solidcoldtwain5156665026.jpg,6.03
lbkbigfoot4811460200.jpg,6.5
andreadaquino6985637583.jpg,6.03
primatologist24270981779.jpg,6.31
pierrette928805085380.jpg,7.56
jacoboson13759817543.jpg,6.19
mobili43016990312.jpg,7.09
monika_seelig14020659843.jpg,6.89
lbkbigfoot6804101481.jpg,6.04
132561248@N0636656597252.jpg,6.4
132561248@N0633294558412.jpg,5.19
12171076@N044129549969.jpg,5.78
studioferullo31336719775.jpg,6.81
czeko6436400717.jpg,5.29
vegarshansen18861367555.jpg,5.79
132561248@N0636827795455.jpg,5.83
lbkbigfoot6571548797.jpg,6.42
126736503@N0332883499515.jpg,5.64
hellie5530473283620.jpg,6.06
42591863@N005994093457.jpg,5.79
132561248@N0636955038641.jpg,6.08
mikecina3364103478.jpg,6.52
bioholicer8029699195.jpg,5.71
ejmordasky20742049366.jpg,7.53
ashleymoe6921199811.jpg,5.33
remed_art5489785755.jpg,5.36
132561248@N0636024206920.jpg,5.25
141182551@N0228484227676.jpg,6.23
16918709@N046165892017.jpg,6.29
silvergold21650796446.jpg,6.04
annar_506329539656.jpg,6.61
brandon_4582150535.jpg,5.98
josiahdhan99986668445.jpg,5.82
36281890@N0320668384480.jpg,7.42
132561248@N0636496204372.jpg,5.88
kgiantx19474947173.jpg,5.71
16918709@N045948148960.jpg,6.06
21644167@N042104031791.jpg,7.54
127508165@N0628904611947.jpg,5.75
nuran17168702780.jpg,7.58
138428555@N0825276274633.jpg,5.89
gerardguyot33662578316.jpg,6.47
theuttereast6931409559.jpg,6.09
kankiann9963828104.jpg,5.76
16918709@N045383388023.jpg,6.08
tatiana-b28512864581.jpg,7.52
patpardon21888292826.jpg,6.42
132561248@N0635833438152.jpg,6.6
16918709@N047007033169.jpg,6.05
16918709@N047190055029.jpg,5.58
kgiantx21796015342.jpg,5.44
kgiantx22497529973.jpg,6.28
kgiantx19549599393.jpg,5.28
obeth127630308283.jpg,6.68
toonmanimage16020667284.jpg,7.13
132561248@N0636364621945.jpg,5.44
losangeles1015903206578.jpg,6.2
132561248@N0634383227355.jpg,6.97
patpardon21695161479.jpg,6.15
arty-90581586.jpg,6.04
primatologist23559104210.jpg,6.25
remed_art5489685467.jpg,6.3
31390256@N063472081245.jpg,5.58
gaphiker28805633614.jpg,6.22
pedro_garcia_01535895564132.jpg,6.08
jozefrutkiewicz16988857640.jpg,6.67
76410117@N0425205020171.jpg,6.38
obeth127936185321.jpg,6.62
gemmacorrell5937436872.jpg,6.93
patpardon21678146708.jpg,5.87
29487672@N0734388710966.jpg,6.29
s_wphotography15336893010.jpg,6.3
imagik133006289720.jpg,6.29
mini_malist12829068954.jpg,7.47
andreadaquino7308679674.jpg,6.09
saralechner1304230132.jpg,7.24
furbs0115553454139.jpg,7.52
kgiantx19939307766.jpg,5.53
132561248@N0635927937303.jpg,5.88
16918709@N048215640388.jpg,5.62
16918709@N048535055357.jpg,5.51
kyrsos21828739564.jpg,6.93
35232829@N055413867591.jpg,5.73
thomas_tassy29981078212.jpg,6.77
roomwithaview5609735645.jpg,5.81
16918709@N045924704750.jpg,5.83
sunciti_sundaram8268374283.jpg,6.92
peterseelig8204440438.jpg,5.72
turkmenbashy694537248666.jpg,5.68
61357175@N0815452774565.jpg,7.23
remed_art8414384808.jpg,5.88
123687679@N0514608336062.jpg,6.28
yourfantasytravelclub22782809404.jpg,6.34
16918709@N046917767217.jpg,5.24
16918709@N047211701574.jpg,5.95
125761169@N0622839988014.jpg,7.11
16918709@N045918977855.jpg,5.28
47170017@N075621015047.jpg,8.12
akiraaa7826946246.jpg,5.52
saralechner538887905.jpg,5.71
barindoma26954475433.jpg,5.75
robvndb16066012490.jpg,7.17
zyphonx3925088208.jpg,6.03
16918709@N048050525753.jpg,5.74
16918709@N047531651840.jpg,5.61
jenniferdavisart2912338274.jpg,5.78
132561248@N0635725694853.jpg,6.62
alice24015231176130.jpg,6.96
merwing3990464239.jpg,6.21
ajhu29236321683.jpg,8.12
declanod24919063501.jpg,7.03
petalum131108339.jpg,5.66
16918709@N048037141996.jpg,5.6
seemoo426323422.jpg,7.12
71764263@N0614434609912.jpg,7.78
lbkbigfoot6396908509.jpg,6.61
132561248@N0637044963475.jpg,5.64
24x6016820625794.jpg,6.27
stone6531440315165.jpg,5.38
kgiantx19141986053.jpg,5.66
arena_provietnam4387034632.jpg,8.14
remed_art2288427495.jpg,6.18
marin7119388983528.jpg,6.25
patpardon21855762012.jpg,5.46
roymildor14950105319.jpg,5.79
imagik133006291240.jpg,6.49
lbkbigfoot6447453115.jpg,6.2
vikkiq15982821647.jpg,6.93
lbkbigfoot5426227521.jpg,6.39
16918709@N046385260925.jpg,5.64
robvndb17607810282.jpg,7.41
kumaravel11169875093.jpg,6.79
16918709@N047227637550.jpg,6.19
pagedooley32399075174.jpg,6.82
123855199@N0216554912331.jpg,7.38
monika_seelig9481071454.jpg,5.85
47934977@N0327750110422.jpg,6.61
16918709@N046385237619.jpg,5.91
derodeolifant26969095304.jpg,6.73
peterseelig21475533419.jpg,5.94
16918709@N048014034164.jpg,6.11
peterseelig15540862330.jpg,6.19
theopendoor17967749585.jpg,5.88
100030116@N0625707063880.jpg,6.72
hfsmlk5265899591.jpg,5.99
yas_moosa18030844295.jpg,7.17
miniminiature5552385422.jpg,6.84
monika_seelig14571570805.jpg,6.67
49127576@N067347696484.jpg,6.14
monika_seelig9693097904.jpg,6.25
alice24025079800630.jpg,6.44
76014682@N0718795359783.jpg,6.96
bobochen9202447188.jpg,6.01
csaul4258782750.jpg,6.2
gandalfsgallery5896709472.jpg,6.28
strangeplacesonearth21281912971.jpg,8.15
flyingturtle1820081554.jpg,6.97
peterseelig8929192876.jpg,6.51
mandy96814498635782.jpg,6.53
36542113@N0015070435108.jpg,7.55
124590318@N0523292538362.jpg,6.49
16918709@N047242321690.jpg,6.61
131884472@N0223713117789.jpg,6.72
132561248@N0633732874813.jpg,5.72
71764263@N0615514219478.jpg,8.58
100087202@N0613139940753.jpg,6.55
163199244@N0742720753844.jpg,6.58
16918709@N048372144186.jpg,6.3
mariola_aga24775836399.jpg,7.25
16918709@N048519303424.jpg,6.63
obeth127486672383.jpg,7.21
132561248@N0634085214900.jpg,6.65
robvndb15200623495.jpg,6.59
135230942@N0621657054355.jpg,7.2
studioetipsone15966426916.jpg,7.33
151891954@N0536211451471.jpg,6.17
monika_seelig10923750425.jpg,5.87
arte-martina50358598351.jpg,7.56
110570137@N0815004715398.jpg,6.22
16918709@N047211601952.jpg,6.62
tatiana-b22136865443.jpg,6.54
pixel_fan35952885230.jpg,7.9
133870155@N0320184860690.jpg,7.73
monika_seelig13943100129.jpg,6.12
monika_seelig10455400964.jpg,6.29
128699252@N0225426169393.jpg,8.19
dollinterrupted9667216360.jpg,6.06
yas_moosa16763815169.jpg,7.6
jeremy_forson2232887669.jpg,7.79
hamzeh2229278612.jpg,7.64
peterseelig15789926339.jpg,6.81
nickmann3161211111.jpg,6.26
peterseelig8216814260.jpg,7.11
miniminiature4734850230.jpg,6.66
remed_art4384696082.jpg,6.38
16918709@N049492167896.jpg,6.5
peterseelig8236368250.jpg,6.65
rejik28433114826.jpg,6.92
132561248@N0636397329395.jpg,5.75
147045002@N0431464864607.jpg,7.88
124590318@N0523292550322.jpg,6.06
sarahmcneil4751556634.jpg,5.9
sarahmcneil4751496466.jpg,6.31
monika_seelig10210090954.jpg,6.38
bubblegummmm6349790863.jpg,6.29
remed_art5595801228.jpg,6.28
125761169@N0623843854489.jpg,6.77
93775984@N0836453369425.jpg,6.03
darek_drapala16003344485.jpg,6.6
132561248@N0636743182320.jpg,6.52
wright-leslie23248613695.jpg,7.21
monika_seelig10358479004.jpg,6.44
marin7117761797554.jpg,6.92
o_bernard16694267205.jpg,6.89
braitman12513224115.jpg,7.33
bluoo21085901394.jpg,6.61
55143402@N057967750764.jpg,6.94
47934977@N0326180714341.jpg,6.79
16918709@N046954357039.jpg,7.23
daniel3569015476120700.jpg,6.86
boodilly2265588855.jpg,6.71
alexarnaoudov20982217048.jpg,7.58
132561248@N0636640447110.jpg,6.97
doods-euphoria26150392185.jpg,6.34
remed_art4752314654.jpg,7.12
ffhwu3393977444.jpg,6.76
imageo27586410912.jpg,6.45
obeth128186669980.jpg,6.04
62835825@N0234215378161.jpg,7.55
jamacianbecard20576202640.jpg,7.23
75230083@N0734675815685.jpg,6.38
zairakhan19301093841.jpg,7.42
wackelaugen26480624625.jpg,6.78
16918709@N047610508326.jpg,6.48
16918709@N046076362073.jpg,6.25
peterseelig8202351406.jpg,6.25
roymildor24211507279.jpg,6.26
peterseelig16449690587.jpg,5.91
128850595@N0815980124637.jpg,7.48
16918709@N047464131154.jpg,6.79
16918709@N046237883305.jpg,6.08
16918709@N046919026497.jpg,6.26
sinalein14456587472.jpg,7.67
98780012@N0512076137735.jpg,6.35
132561248@N0633852886865.jpg,5.76
132561248@N0636476273755.jpg,8.02
complicatedprettythings5605271510.jpg,6.2
albertwirtz27280743142.jpg,6.98
kgiantx19659779859.jpg,6.47
monika_seelig9755784665.jpg,6.64
hoobgoobliin30727320678.jpg,7.08
95044232@N0322016835663.jpg,6.17
arrhakis12640633813.jpg,6.56
71764263@N0614910180616.jpg,8.1
peterseelig15010991122.jpg,6.87
132561248@N0636682372910.jpg,7.47
71764263@N0618610222909.jpg,6.85
57146521@N0227624081021.jpg,7.31
22751672@N032249966184.jpg,7.89
lbkbigfoot6445030107.jpg,7.29
allchrome11331388246.jpg,7.03
something-more-productive5452618117.jpg,7.05
-si-tu-savais-15324999419.jpg,7.8
rawjrphotography6679944191.jpg,7.0
peterseelig14887973019.jpg,7.41
134614619@N0527446252281.jpg,7.4
adipolo49603921511.jpg,7.64
138589760@N0525227679864.jpg,7.4
mini_malist16643872317.jpg,7.65
21619951@N076288043637.jpg,9.46
lbkbigfoot4558790288.jpg,7.14
128747322@N0317428636771.jpg,8.36
cubagallery7392983878.jpg,9.28
obeth128364808282.jpg,6.96
esale28116632732.jpg,6.75
sebmanstar30382292344.jpg,8.12
