image,score
21387424@N002877738505.jpg,3.83
lukeas093874799823.jpg,3.29
momofone9827698376423.jpg,3.35
droplingur6683060431.jpg,2.42
linkzi1006223896.jpg,3.67
39001830@N086632294841.jpg,2.5
robwallace996410209.jpg,2.69
jingjok2915740836.jpg,4.04
enzym2102481059.jpg,3.02
27125124@N072612499033.jpg,2.98
7981815@N052940018704.jpg,3.35
30056912@N083260618610.jpg,2.21
joegoaukdirtypanjim23401542484.jpg,2.42
svetan3432973616.jpg,3.15
darkofthemoon1182267091.jpg,2.92
shmow3249739210.jpg,3.33
mozzarellahead2530619748.jpg,2.73
45494180@N064460285306.jpg,2.31
phcoppens7651142298.jpg,2.68
66083795@N056039708048.jpg,3.73
kcjazz302412973.jpg,2.4
photographs-by-susanne3791107546.jpg,3.0
jeanerace5357329614.jpg,3.67
laszlo-photo6701745247.jpg,3.08
x0nelg4303429051.jpg,3.4
mattpaish6829081862.jpg,2.66
robwallace745362377.jpg,2.49
kighting4325621866.jpg,3.19
53682184@N00143332919.jpg,2.92
araswami3674038464.jpg,2.97
davidonformosa3782837999.jpg,3.54
29374594@N002325042094.jpg,3.27
22771810@N00106174482.jpg,3.11
heydrienne469401103.jpg,2.64
66504421@N046224730234.jpg,3.12
irenicrhonda5045259388.jpg,3.04
silvia-m269123767.jpg,2.72
36950810@N044465307637.jpg,2.6
errolberrol435189511.jpg,2.38
georgiahunt2813135385.jpg,2.44
armandolobos4039306153.jpg,3.08
kaipukur3909461842.jpg,2.84
thebentmage881919844.jpg,3.46
doug_e_style5394111800.jpg,3.7
kp10675902597912.jpg,2.98
omnia72704493.jpg,3.35
7173281@N051097585076.jpg,2.48
12723092@N031457680702.jpg,2.38
maayo531159380.jpg,2.62
ndavid3110408300.jpg,3.42
flutterbye8563484553932.jpg,2.71
34595642@N005114329546.jpg,2.64
82955120@N057731155724.jpg,3.31
15685664@N004769663914.jpg,3.06
39001830@N086586570803.jpg,2.3
cwhatphotos3778262549.jpg,3.46
karnevil2915004773.jpg,2.6
beave4841795057.jpg,2.81
tr1stero1265021502.jpg,4.04
55202307@N003976133525.jpg,4.04
robwallace3684207313.jpg,2.68
arnistm3341173010.jpg,3.55
golden_asha4305234585.jpg,3.02
kiichi_onair5323531174.jpg,3.3
davejglaves3022517616.jpg,4.29
aogg40143045840.jpg,3.91
zeeyolqpictures24873332279.jpg,2.58
130805619@N0439927180545.jpg,3.06
9019403@N0332432447352.jpg,3.1
jadedirishgryphon37986881082.jpg,2.9
zeeyolqpictures24483348669.jpg,3.0
sarjakthakkar33838423084.jpg,3.92
152115889@N0238167399206.jpg,4.12
zeeyolqpictures21688948484.jpg,3.6
124506989@N0722730309911.jpg,3.68
2slo725766491687.jpg,3.71
29374594@N002167527566.jpg,3.51
miqspix44843248984.jpg,3.93
158094573@N0441751494834.jpg,3.81
kexi28561328935.jpg,3.67
brucetopher47429259612.jpg,2.83
claudia-kiel28337539784.jpg,3.69
99076370@N0621886303281.jpg,3.71
zeeyolqpictures25332191333.jpg,3.13
aerialcamera27267153927.jpg,3.67
nealedelstein24850712402.jpg,3.46
parismadrid4522516185.jpg,3.46
146203894@N0531191077153.jpg,3.29
kasia_szura3426936536.jpg,4.58
141657472@N0726096401180.jpg,3.19
62935497@N0241378775084.jpg,3.71
magaroonie31197445906.jpg,3.98
brucetopher45634022195.jpg,4.42
abphotoza21605470669.jpg,3.88
b-inna39761710773.jpg,2.62
carlosaaviles40923814554.jpg,4.14
crazyjohn36243638651.jpg,3.02
110254593@N0727974837821.jpg,3.68
thelordofthemanor1047174128.jpg,3.93
64878816@N0727906942717.jpg,3.88
kay220jb2679982765.jpg,3.69
ggpics29245902843.jpg,4.07
115840571@N0227356992865.jpg,4.53
persky25944565920.jpg,3.79
keg216227844745489.jpg,3.08
freakyrobbie40749007301.jpg,3.99
norasphotos4u42271549110.jpg,4.66
robh475419981752388.jpg,4.28
arnekaiser22002314685.jpg,4.3
125186266@N0231620411904.jpg,4.52
mielczarek38076630995.jpg,4.54
molliesmum34967484882.jpg,3.64
eos-mike17765873883.jpg,4.87
54340658@N0726139923332.jpg,4.1
46019178@N0533632045571.jpg,3.75
143609067@N0632910001390.jpg,4.4
zeeyolqpictures36935377062.jpg,4.29
95wombat46669775525.jpg,4.65
94881114@N0431269439014.jpg,3.54
21831267@N0040784196283.jpg,4.87
parismadrid5573484679.jpg,4.2
16714425@N0432279705203.jpg,4.22
harold_brown31406013278.jpg,4.84
parismadrid14805018073.jpg,4.04
75487768@N0419123128203.jpg,4.19
paulcarroll29408893128.jpg,4.38
dave-cool37825702114.jpg,4.83
gwmain40586259041.jpg,5.1
67307569@N0022092837163.jpg,4.37
mrickard535883038553.jpg,4.08
48703240@N0626542350594.jpg,3.03
--joe30084802377.jpg,4.06
7766159@N0830150833198.jpg,3.62
lavinya23686281072.jpg,3.94
75487768@N0434220785532.jpg,4.34
eos-mike26514353106.jpg,4.95
24958117@N074337110888.jpg,4.78
n8ive3508996152.jpg,5.46
woowell30645459055.jpg,4.24
phloyd27329579671.jpg,3.83
137827118@N0227146936772.jpg,3.46
115840571@N0227230936470.jpg,4.42
zeeyolqpictures22732913308.jpg,4.69
lak_photography39198812800.jpg,4.28
ronniedankelman27398156889.jpg,5.28
32537659@N0417560571928.jpg,4.67
124740930@N0429984963413.jpg,4.19
silbecl34477003955.jpg,4.87
kd_robinson23687271079.jpg,4.36
zphoto2c28546414764.jpg,3.71
sean_mccammon42369746291.jpg,4.12
0529pm16689769670.jpg,3.73
melystu30545219940.jpg,4.54
elizabeth_at_landanna34394916564.jpg,4.01
75487768@N0434369569702.jpg,4.34
75487768@N0439396759950.jpg,3.63
137553387@N0325066419885.jpg,4.27
oldt1mer26138562915.jpg,4.49
creiser36821014913.jpg,3.22
parismadrid4580500523.jpg,4.17
149065524@N0632101767097.jpg,5.12
38493797@N074421731065.jpg,3.5
whitneygoodey36372380954.jpg,4.75
irene347710126292.jpg,3.45
trevorreoch40891299693.jpg,4.06
haqiqimeraat41224858820.jpg,4.49
143168540@N0435114213663.jpg,4.46
doctor-parowozy43960479932.jpg,5.35
120862522@N0427890635355.jpg,4.08
zeeyolqpictures24910906122.jpg,4.29
zeeyolqpictures26147757524.jpg,4.68
stuartgordonphotography27541678161.jpg,4.73
skrubu36973730315.jpg,2.62
dragonfly9012215899537.jpg,3.52
46019178@N0539628857030.jpg,4.12
ronmetcalfe23366424656.jpg,4.58
tonykro19527306190.jpg,4.24
zeeyolqpictures29736158851.jpg,4.44
sunsward78281703763.jpg,4.99
jo9245612893712.jpg,4.97
75487768@N0420348192821.jpg,4.05
sadagus200014052697194.jpg,5.1
aacerbo38461887854.jpg,4.59
arnekaiser21815389869.jpg,4.21
91887621@N0447269272721.jpg,4.38
erik_reijndres32586666408.jpg,4.46
147910513@N0640241651330.jpg,3.7
eyrephotographyaustralia5667366936.jpg,4.15
roni582021323490339.jpg,2.83
87763659@N0432077826187.jpg,4.27
magic_rainer36547844241.jpg,4.12
raminn42304547735.jpg,5.0
zeeyolqpictures27724505330.jpg,4.71
kana_movana29010692354.jpg,4.79
brucetopher37384174832.jpg,4.81
77691364@N0743076997274.jpg,3.43
ozgal42108308035.jpg,3.17
129017899@N0826161748815.jpg,4.14
muzz1325876003706.jpg,4.91
x_photographme25116455661.jpg,4.22
tetleyboy37981160981.jpg,4.65
lw-photography28872188493.jpg,4.2
89576501@N0527146908042.jpg,3.88
8773698@N032520957492.jpg,4.63
zeeyolqpictures26680241352.jpg,5.21
hopemanfoto26653892237.jpg,3.73
robintaylor-photography30125984136.jpg,4.75
neil_sutton30100664058.jpg,4.2
cbruzos31860130900.jpg,4.69
144516240@N0245247130742.jpg,4.38
162114568@N0829843131567.jpg,4.0
125975698@N0441280803151.jpg,3.88
beef_yerki4336985002.jpg,4.59
neesam36285780802.jpg,5.75
127527591@N0638335218291.jpg,4.71
robintaylor-photography29845011960.jpg,4.92
parismadrid3808108297.jpg,4.65
63705896@N0235031196846.jpg,5.38
frankeleveld43553742165.jpg,4.24
leoleamunoz23867104426.jpg,4.7
kerstin_i24806568190.jpg,3.7
133032228@N0827899374223.jpg,4.22
75487768@N0441531426710.jpg,4.72
131482198@N0339460712584.jpg,4.79
assamcat23930528938.jpg,4.42
osanpo31357807012.jpg,4.32
moraypix30092261438.jpg,5.29
110040712@N0429544048317.jpg,4.59
will-jensen-202030660998187.jpg,4.72
tomfenskephotography32560463176.jpg,5.12
kamomebird41813035801.jpg,5.36
iain_harris29843555126.jpg,5.63
142914281@N0734399581594.jpg,4.69
keriarpi26975207787.jpg,4.83
sougatasinha26919307516.jpg,5.02
zeeyolqpictures33044380554.jpg,5.6
m_graf6744957162492.jpg,5.0
stefanblomberg27805117929.jpg,4.52
enmrd41615880515.jpg,4.99
moonfruitphotography27962362534.jpg,6.08
visualideas34340267080.jpg,4.47
w-wanderley27971828469.jpg,5.12
zeeyolqpictures37218460012.jpg,5.37
56455754@N0517024722068.jpg,4.73
89328412@N0237633583214.jpg,4.2
brian10426667035025.jpg,4.34
svendrs34138902596.jpg,3.87
13070711@N0336769426976.jpg,3.85
mielczarek47058464961.jpg,4.79
magicshoot33279371503.jpg,5.47
joelbramley42221033995.jpg,4.23
rlonpine42323883490.jpg,5.47
zeeyolqpictures43511692851.jpg,4.97
sbjessop36930300351.jpg,4.67
rameshsa25713319155.jpg,4.53
137983917@N0438208917062.jpg,5.58
tomfenskephotography32588377374.jpg,5.59
wainwrightwarrior22360159659.jpg,4.92
darblanc41649254962.jpg,5.55
sanodi28083104920.jpg,4.14
zeeyolqpictures32835009902.jpg,5.65
142432470@N0646764739905.jpg,5.18
philipleemiller39674276095.jpg,5.07
kazempson45716177262.jpg,4.0
alexmilkis25802089487.jpg,5.15
fionnlukphotography29435138872.jpg,4.32
sunsward714370749196.jpg,5.27
atilla200843970858865.jpg,4.81
128980882@N0232027914804.jpg,4.32
little_frank46368848952.jpg,4.7
ariejand34060875533.jpg,5.62
sedge80825969362090.jpg,4.67
alfarroba46444597814.jpg,5.05
pasbury40651360135.jpg,5.3
zeeyolqpictures35123939256.jpg,5.36
pelicanpetesphotos43931708452.jpg,4.3
jpleo39168519260.jpg,5.12
jonathanramsdell24540446443.jpg,5.35
77096872@N0039915619100.jpg,4.6
hindrik36216984701.jpg,4.38
deniskrivoguz33501107522.jpg,4.17
85474712@N0638631462280.jpg,4.94
135586771@N0240156242522.jpg,4.93
134810005@N0631744426242.jpg,5.22
pelicanpetesphotos38830068034.jpg,4.28
saumalyaghosh43754146641.jpg,5.25
46019178@N0533720232096.jpg,4.38
aacerbo26179906557.jpg,4.31
tcoppus43330847185.jpg,5.56
future-echoes45046488181.jpg,4.11
illogical42075007661.jpg,4.13
muttiah29489227282.jpg,5.97
yorkeyrin24923782517.jpg,4.51
w-wanderley39938511460.jpg,4.63
lesmarissapics40163279515.jpg,4.87
josematutina26702340678.jpg,5.58
154889876@N0736778730201.jpg,4.96
fxbob43212174755.jpg,4.06
taj5536792068462.jpg,4.54
7359038@N0245417821512.jpg,4.48
95093531@N0436682618216.jpg,5.2
60700203@N0346922033651.jpg,5.03
zeeyolqpictures35912160096.jpg,5.46
a_surjanto26508937446.jpg,5.5
zeeyolqpictures24299299451.jpg,5.21
loretovila34634585635.jpg,4.71
stefanobiserni38909470821.jpg,4.85
changfamily1686229166083.jpg,4.83
100477852@N0524539936530.jpg,4.24
zeeyolqpictures34503495485.jpg,4.37
94958489@N0625950619802.jpg,4.71
sunsward78498977198.jpg,5.22
149328524@N0843336784140.jpg,4.41
leighviande163319600.jpg,4.62
andersonporfirio23073090062.jpg,5.17
87106931@N0025832477918.jpg,3.48
larryjay40525854424.jpg,4.43
ddt_uul24235792954.jpg,4.42
zeeyolqpictures24777276550.jpg,4.54
147867516@N0644732137085.jpg,4.89
jmiske28167503782.jpg,4.95
thevixen28964871407.jpg,4.86
jainbow40787670441.jpg,5.1
zeeyolqpictures38898620300.jpg,4.68
44292341@N0334413906764.jpg,5.8
outbj28650107235.jpg,4.4
lionfrr3360780876.jpg,4.79
26345015@N0337791016104.jpg,5.31
88198496@N0441412081830.jpg,4.2
75487768@N0434310858894.jpg,4.71
95093531@N0436590017521.jpg,5.6
75487768@N0440898768851.jpg,5.12
145183034@N0536049730136.jpg,4.65
60185190@N0036016679446.jpg,4.89
stanzim42101377192.jpg,4.65
85474712@N0634646986600.jpg,4.54
4seasonbackpacking36382043186.jpg,4.76
rjmiller180741132206405.jpg,3.96
kanjt17229547564.jpg,5.33
laing1135681617373.jpg,4.11
95796256@N0434931970702.jpg,4.83
sunsward717107461077.jpg,4.96
aaamsss36459554435.jpg,4.78
137516649@N0334491670126.jpg,4.77
denzelk34746607501.jpg,4.19
tomraven25378439394.jpg,4.8
28432918@N0435006412566.jpg,5.16
hindrik34900239600.jpg,5.02
manchepr30782149016.jpg,4.73
shabazzclicks37515710391.jpg,4.44
steamnut77745105289114.jpg,4.5
tconstandinou41705675482.jpg,4.76
lorinleecary37010300252.jpg,5.13
tobesandjess5704147994.jpg,5.96
127311540@N0229227085364.jpg,4.94
136233657@N0828249929152.jpg,5.53
photofool221812540.jpg,5.39
steve_brewer_photography40735035054.jpg,4.29
156297092@N0743231478092.jpg,5.26
55551624@N0032094976611.jpg,6.04
79665302@N0030279904001.jpg,4.73
lincolnian21260179724.jpg,5.81
128475922@N0322589109653.jpg,6.33
jpleo34486847711.jpg,5.83
brian_doucette2537563699.jpg,4.96
toshio134426634744.jpg,5.27
rainbowwasabi_m36075732500.jpg,5.69
mswansonphoto47020769404.jpg,5.61
ep_jhu23956652036.jpg,4.83
88198496@N0436876801233.jpg,5.19
markcmorris30261957352.jpg,5.97
zeeyolqpictures36929062991.jpg,5.93
saha_naresh8010093445.jpg,5.54
astrid42912553901.jpg,5.23
peterscherub30695224287.jpg,3.86
gerritimages45117890824.jpg,6.01
sunsward78233219480.jpg,5.36
zeeyolqpictures35884824915.jpg,5.56
viewphotoshere45641998975.jpg,5.4
p_atricinha2193242125.jpg,5.58
elhadidi26975825675.jpg,5.6
cubagallery6805218346.jpg,4.53
152858639@N0239745339644.jpg,5.54
144095120@N0632702541357.jpg,5.81
milouvision8487732167.jpg,6.53
mswansonphoto34243842430.jpg,4.82
lebelge40326960000.jpg,5.58
77096872@N0027188363345.jpg,5.11
91887621@N0433527133528.jpg,4.89
67307569@N0028530207506.jpg,5.69
om44pomch940622938063.jpg,5.52
130281204@N0631608391407.jpg,5.12
haraldfelgner31285515306.jpg,4.2
rckr8840887368593.jpg,4.92
tevfikteo38069369424.jpg,5.71
jenp316333016731141.jpg,5.77
davidstanleytravel25264455845.jpg,4.79
cubagallery3368325077.jpg,5.44
rtcsarasota25926688060.jpg,5.02
milo2233055770923.jpg,5.54
peteker27120574757.jpg,5.35
28327968@N0238822105595.jpg,5.02
gmwilliams24280274620.jpg,4.88
robmcc33049999146.jpg,5.31
sannita_cortes36372734665.jpg,4.69
128262950@N0646642780494.jpg,5.25
patrickdoreau43809190872.jpg,4.16
amayasld43324647660.jpg,5.14
blueocean6421618432440.jpg,5.14
105002799@N0822743766973.jpg,5.73
bigbaldbiker19411291930.jpg,6.01
tdlucas500030222615255.jpg,4.94
_davor19784752973.jpg,5.62
26230150@N0837243613636.jpg,5.23
ac4photos32875750754.jpg,5.55
147910513@N0640350398731.jpg,5.35
21028294@N0642518299811.jpg,4.33
canuckphoto42981925994.jpg,4.89
cubancerveza41475314450.jpg,4.7
marklindstrom44269961172.jpg,5.82
seikocats30638043948.jpg,5.12
148859679@N0233819947960.jpg,4.89
philsavoryphotography26731297469.jpg,6.27
155400398@N0325841281188.jpg,6.29
153448884@N0728129845018.jpg,5.11
drauseaseeker27288613077.jpg,4.3
sunsward716595282695.jpg,5.65
sanodi37261210555.jpg,5.27
bartvandamme42226125192.jpg,3.91
87106931@N0032104243212.jpg,5.65
randyherring36341657825.jpg,5.32
mariano-colombotto-photography33288990151.jpg,5.83
free3yourmind39987160672.jpg,5.93
65125824@N0241837528632.jpg,4.66
kairosjmv43939409265.jpg,4.32
128568203@N0828163108333.jpg,5.7
rckr8847762631981.jpg,5.03
roemen26414135188.jpg,5.83
101480190@N0235756487254.jpg,5.05
thethomsn28167740401.jpg,5.4
zeeyolqpictures14675453118.jpg,6.0
146342802@N0739848202695.jpg,5.16
22760365@N0346336127475.jpg,5.42
121213254@N0731732412194.jpg,5.87
67307569@N0027384987693.jpg,5.7
zeeyolqpictures24601041837.jpg,4.96
cdemoll42432373971.jpg,4.84
29966643@N0325259171461.jpg,4.78
25767209@N0243943611314.jpg,5.48
129898891@N0236577522940.jpg,5.44
yourfantasytravelclub24495055083.jpg,6.01
dmunro10033650372288.jpg,5.85
33416825@N0026629812877.jpg,5.52
leeharrisimages42994207835.jpg,5.53
wk4ever32702151991.jpg,6.09
itucker23167784462.jpg,6.14
w-wanderley27451141479.jpg,5.54
ungulate-dave7006519421.jpg,5.87
100776999@N0332144414930.jpg,4.7
borisbox41136809390.jpg,4.96
om44pomch932646445977.jpg,5.38
stefanblomberg38546430316.jpg,5.73
126782455@N0535992911423.jpg,4.67
99361639@N0232718032920.jpg,5.07
92633737@N0035506310514.jpg,5.66
r_rodriguez30893834838.jpg,4.88
smiller99927828740655.jpg,4.27
click_bunny24038625275.jpg,5.18
damiengraham25889045575.jpg,4.92
kruessi26791307336.jpg,5.69
sweet_tasty_honey33300021461.jpg,5.46
marianna_armata39662091865.jpg,5.24
jenp316338950648925.jpg,5.08
artcrowther16265810831.jpg,4.41
jimj0will38595772871.jpg,5.33
norm_p40785776653.jpg,6.04
tomhazen24389233888.jpg,4.77
pennyperchphotography43998813255.jpg,5.53
ddli00841366538351.jpg,4.77
bartvandamme36927526142.jpg,4.46
50digital43973054220.jpg,5.34
abhishekverma5536130474860.jpg,5.22
136810694@N0323172850259.jpg,6.21
b3nny197627680308129.jpg,6.29
130423547@N0829249031048.jpg,4.94
sjrushton37992002285.jpg,5.89
valkamch38770210692.jpg,5.09
45875890@N0826197567268.jpg,4.89
pflum215210118941.jpg,5.2
mariano-colombotto-photography43868426280.jpg,5.46
patrickmilan32833584387.jpg,4.63
126250149@N0827245079100.jpg,5.04
lawatt28138197589.jpg,5.46
134371499@N0336634672821.jpg,5.27
114207244@N0734294441890.jpg,5.22
101450720@N0525238477855.jpg,5.09
125825969@N0242199531981.jpg,5.43
105849326@N0825450111260.jpg,5.39
jesseflickrdog42064681604.jpg,5.42
freakyrobbie39843922925.jpg,5.85
lorinleecary26182708998.jpg,4.32
janpelz30845894418.jpg,5.38
visualideas33943392260.jpg,5.33
aogg31869576945.jpg,5.03
raynbow14439270584144.jpg,5.9
28040142@N0732823691447.jpg,5.85
cjkeddie42833775020.jpg,4.77
zeeyolqpictures32656007602.jpg,5.78
149012108@N0830770145986.jpg,5.46
125825969@N0240392917370.jpg,5.3
arekev47646721252.jpg,5.04
doods-euphoria23161306321.jpg,4.83
132057774@N0816654014847.jpg,4.57
77096872@N0022890671226.jpg,5.17
mswansonphoto36258507594.jpg,5.26
96182244@N0528668957025.jpg,5.87
robintaylor-photography36032881505.jpg,4.96
porthmeor18936954931.jpg,6.13
bronwolff33451842011.jpg,5.59
rivai5625086938087.jpg,4.67
zeeyolqpictures41936542080.jpg,5.76
smiller99944324302754.jpg,5.41
ycharlet162725399.jpg,5.03
stmaartenpiloot38938770355.jpg,6.05
marite200829064212747.jpg,5.15
cubagallery13555831435.jpg,5.37
themikelowe29267406740.jpg,4.61
borisbox22815239946.jpg,5.69
cubagallery8254414794.jpg,5.97
haraldfelgner30953349290.jpg,5.63
98474349@N0017682740364.jpg,5.84
trishhamme26576649073.jpg,5.39
136963514@N0233066717685.jpg,5.17
98680861@N0838141605545.jpg,6.29
csaba-lehel27523436237.jpg,5.21
16021433@N0731184083145.jpg,5.8
sandy_leidholdt28057373379.jpg,5.02
chrisbuhr46269190195.jpg,5.55
151333266@N0832691524488.jpg,6.55
jlsaguar4790256797.jpg,5.81
r_rodriguez43822471650.jpg,5.02
canadapt26488036519.jpg,6.33
m-guerra22825377396.jpg,6.36
152417729@N0340675091683.jpg,5.75
charles2500127856832283.jpg,5.6
77741274@N0731221981562.jpg,5.41
byjonnievt25882879137.jpg,4.88
153365613@N0646305836892.jpg,6.64
137620031@N0544716797961.jpg,5.15
27955898@N0733008448001.jpg,5.04
tatiananikolay43027348561.jpg,6.55
rainbowwasabi_m34357402732.jpg,5.88
nqtri0134729495771.jpg,6.08
149170189@N0342524108144.jpg,6.33
rourkeor35099158965.jpg,5.36
engelbart44676516775.jpg,5.02
photografieber34120380976.jpg,5.92
143663369@N0831764153417.jpg,6.02
cubagallery12197655306.jpg,5.72
14017876@N0225060897148.jpg,5.97
59560090@N0733637959856.jpg,6.28
markdefleury5715968837.jpg,6.27
145882555@N0436669774456.jpg,5.05
sanodi30776003197.jpg,5.58
brookeipse23582242528.jpg,5.69
rldaly47682240301.jpg,6.08
cubagallery5720629753.jpg,6.39
rovingeye_to24174731571.jpg,6.53
105849326@N0825750521625.jpg,5.75
76014682@N0725652818262.jpg,5.5
sutto00716868229232.jpg,6.73
jetjohn37985776795.jpg,6.35
55198400@N0525184606204.jpg,5.46
naulty16318122164.jpg,5.53
fotochut36291023922.jpg,5.7
cubagallery10989427174.jpg,5.54
92036960@N0528310393482.jpg,5.17
cubagallery8104608689.jpg,6.47
jpleo28129226051.jpg,6.16
jonncrisp47418322701.jpg,5.84
picture-picture17055983128.jpg,5.62
aogg32752198572.jpg,5.6
142252831@N0438845106591.jpg,5.19
82528913@N0026364199742.jpg,5.41
phredkh27092143988.jpg,5.99
cubagallery15394808204.jpg,5.73
akhombre29681945571.jpg,5.76
csaba-lehel42411191445.jpg,5.54
jpleo45073939244.jpg,5.58
mswansonphoto41287199290.jpg,5.21
eos-mike40675104743.jpg,6.86
maurocolonna27616730986.jpg,5.51
144729932@N0236285536963.jpg,5.2
meeyak42813992014.jpg,6.56
anthony_stal38527275694.jpg,6.2
21370827@N0820660062888.jpg,5.92
14419055@N0835847389224.jpg,5.85
64113757@N0528844138097.jpg,4.88
jpleo40654868224.jpg,6.4
32648459@N0429827694243.jpg,7.03
vaughanweather28785169951.jpg,5.46
x1klima32642548225.jpg,5.47
143663369@N0846652737032.jpg,6.04
ralphstewart21940377242.jpg,5.77
cubagallery9331726263.jpg,6.0
lotharheller36164059194.jpg,6.96
wolf-creek-carl30132618243.jpg,5.94
peachyladyga38674138584.jpg,6.04
138542440@N0440584344821.jpg,4.78
10257132@N0834389249242.jpg,6.37
jpleo32387041032.jpg,6.0
157373904@N0739371235500.jpg,6.1
34396697@N0026411655675.jpg,5.55
astrid37494161842.jpg,5.11
elkaypics24207222987.jpg,6.36
bratodb10711535094.jpg,5.7
little_frank44668126924.jpg,5.3
143666556@N0840503107691.jpg,5.61
bartvandamme27595974198.jpg,4.19
stanzim43116753990.jpg,5.86
cubagallery5341605405.jpg,5.7
meeyak43721799260.jpg,6.58
y_xs23973368893.jpg,5.94
jojung38501583395.jpg,5.73
63721984@N0820241660856.jpg,6.21
136327125@N0430342200874.jpg,4.99
mark_rigler_uk37231038646.jpg,5.13
flint12343029632480.jpg,5.27
129017899@N0826044435433.jpg,6.08
yury-prokopenko3241376754.jpg,6.55
110399462@N0243885516135.jpg,6.12
39086290@N0642466640714.jpg,4.95
110579987@N0833349901486.jpg,5.75
cubagallery3962027734.jpg,5.46
orionsm29896237231.jpg,6.04
101572311@N0515597285099.jpg,6.06
nils_p14910969686.jpg,6.37
merrillie35568902533.jpg,5.15
robintaylor-photography30649645324.jpg,6.28
vbvaphotos40352096960.jpg,5.15
137983917@N0443324521994.jpg,5.46
jpleo27772482829.jpg,6.01
cubagallery8746402587.jpg,5.61
tmsam46802774191.jpg,5.2
dmjames5832943312150.jpg,5.71
jeffclow3458995529.jpg,5.58
85474712@N0624782768017.jpg,6.18
garygrossman33573010223.jpg,5.52
cubagallery9374597709.jpg,6.39
globalfoto40506198180.jpg,5.39
prbimages31193929626.jpg,6.64
47574723@N0335579039893.jpg,5.67
10649004@N0536258847760.jpg,5.97
lotharheller26708764289.jpg,6.81
cubagallery7147004955.jpg,5.37
yury-prokopenko4427579437.jpg,7.2
cylynex32693708144.jpg,5.47
nealjwilson32417209984.jpg,5.11
milouvision6942913468.jpg,6.88
joeinpenticton32867859524.jpg,5.62
cubagallery32375432115.jpg,4.95
ilikefish210371361.jpg,6.55
parismadrid17029832935.jpg,5.04
48695150@N0642678897382.jpg,5.58
147910513@N0629737607268.jpg,4.76
copeg388283470.jpg,6.56
seangreyvenstein21431872014.jpg,6.25
montenegrina22446395248.jpg,5.65
b3nny197642829467865.jpg,6.6
125801292@N0835051163433.jpg,5.54
114187629@N0835746100791.jpg,6.18
russellk201334043854865.jpg,6.07
131589109@N0825040267330.jpg,4.89
markles15501426652.jpg,6.92
60825921@N0236855198606.jpg,6.17
rick_yvd40664250454.jpg,6.02
cubagallery4912053926.jpg,5.7
mikhail_korolkov36913103975.jpg,5.75
cubagallery6946773880.jpg,4.57
paulcopp47380415892.jpg,5.56
ddmitr30689917723.jpg,6.66
haraldfelgner31206849391.jpg,6.08
alanhowe22875270535.jpg,6.79
branderson36908101986.jpg,5.77
rockartwolfy31230587900.jpg,6.27
cubagallery13660587665.jpg,6.33
paulhollins26822582955.jpg,7.22
124706007@N0517163991159.jpg,6.3
fotobuena35814500106.jpg,6.1
mariano-colombotto-photography37410173502.jpg,6.64
148035666@N0626567612808.jpg,5.97
wmauricep43574336480.jpg,6.67
kvse-pics29421109806.jpg,5.92
derodeolifant29042270185.jpg,6.14
sandy_leidholdt32539557135.jpg,5.46
10257132@N0837186724344.jpg,6.87
kamomebird36698587534.jpg,6.19
133580173@N0847300669202.jpg,6.77
takako_r_kitamura28476868487.jpg,5.61
cubagallery15478063854.jpg,6.33
sonieta38397378844.jpg,6.0
mark_leader29384436868.jpg,7.31
jpleo32410577474.jpg,7.05
bigsleep2648057647.jpg,7.15
theocrazzolara31516767607.jpg,6.88
devilineden4404838100.jpg,6.77
clinteverett39736595474.jpg,6.77
lilphil43628105081.jpg,6.54
2dxtreem18217732995.jpg,4.69
captainsudsy2045760017.jpg,5.95
borisbox32851461771.jpg,6.62
ennev25759550502.jpg,6.04
tomabenz17547210980.jpg,6.74
valeriozaccone40314602961.jpg,6.03
cubagallery32274330905.jpg,5.49
41280056@N0525388499757.jpg,5.9
antzpicz36802523831.jpg,5.81
branderson34526970812.jpg,5.86
vbvaphotos35003335565.jpg,5.39
132321409@N0828079334670.jpg,6.38
solidstate1042865241081.jpg,6.09
borisbox45750793792.jpg,6.5
cubagallery6774291405.jpg,6.52
143663369@N0833800416833.jpg,5.44
stephencurtin31000056378.jpg,6.92
bartvandamme30576621526.jpg,6.17
127176756@N0424190063334.jpg,6.49
94400000@N0632804861292.jpg,5.97
148035666@N0644959303624.jpg,6.09
stevemillward27516312033.jpg,6.05
146721572@N0431210470288.jpg,6.89
cubagallery8851994909.jpg,7.02
126440902@N0230871868147.jpg,6.35
jpleo28220617258.jpg,7.08
cubagallery36894643051.jpg,5.82
shesnuckinfuts34128007345.jpg,5.42
133732375@N0434853134596.jpg,6.3
brian00631301266015.jpg,6.99
csaba-lehel24819374678.jpg,5.1
cubagallery12695961134.jpg,6.48
snogun13722913234.jpg,7.5
cedricdeheyder20260586123.jpg,6.13
63977906@N0025942855728.jpg,6.59
cubagallery5230564192.jpg,6.49
cubagallery9644485782.jpg,6.69
141383443@N0738216307636.jpg,6.15
valkamch39150940462.jpg,5.5
132334520@N0345631453732.jpg,6.62
frankfullard26797070957.jpg,6.27
cubagallery5763988767.jpg,5.67
bethwode36314857494.jpg,5.7
sabinche15455563934.jpg,6.78
mimigd31301179834.jpg,7.33
sandy_leidholdt24185014192.jpg,6.0
148035666@N0640394845262.jpg,6.96
134810005@N0637388258251.jpg,6.76
brian00630149457620.jpg,6.61
jerryskinner38989976945.jpg,7.15
cubagallery33645639200.jpg,6.29
goodi34699542920.jpg,6.96
55198400@N0540067109574.jpg,6.28
cubagallery21859120123.jpg,5.8
114781512@N0234421283761.jpg,6.5
theo_reth6173305494.jpg,6.49
brian00628967073873.jpg,6.25
tsivas14188050039.jpg,6.48
klbw33472872341.jpg,5.8
yusufks28625882535.jpg,6.33
tobi040616978805887.jpg,6.06
cubagallery14991039367.jpg,6.4
138450832@N0729402735378.jpg,5.19
williamcrawford28063896452.jpg,5.9
21893688@N0335668128064.jpg,5.72
13639732@N0235949523186.jpg,6.94
tclaud33339200135.jpg,6.89
142241716@N0334083686883.jpg,6.42
cannon_s5_is6018427532.jpg,6.62
jpleo20910368871.jpg,7.17
davidshred43913074692.jpg,6.7
cjhoylephotography34650151111.jpg,5.55
cubagallery10882366143.jpg,7.12
jimj0will38595773631.jpg,6.39
manyfires9837600865.jpg,5.62
c_theodorou32087080366.jpg,5.46
lkphoto46124717024.jpg,6.27
44991205@N0324797848070.jpg,6.54
112649395@N0522116309274.jpg,6.42
wiless39374622060.jpg,5.83
lisa-37-lethen33508811342.jpg,6.23
148444916@N0544821312974.jpg,7.11
cooleyd36638522874.jpg,6.38
cjhoylephotography38623350825.jpg,6.53
linchingyao35897020202.jpg,6.4
46019178@N0545635092974.jpg,7.03
robintaylor-photography32392380981.jpg,6.93
romainvernoux32086856725.jpg,6.75
rosa_dabril35211289131.jpg,6.29
brian00632082819705.jpg,6.42
151637544@N0240857869151.jpg,6.24
epe3x24529070497.jpg,6.53
bert_vliegen25051533987.jpg,6.28
branderson28655668525.jpg,6.21
cubagallery8710052788.jpg,5.64
jpleo25102890298.jpg,6.86
136327125@N0429493049066.jpg,5.67
75184456@N0444061469661.jpg,5.56
kjkmep44909788702.jpg,7.04
sunsward714165185789.jpg,7.13
cubagallery5865956014.jpg,6.75
106705450@N0330355674008.jpg,5.88
antonio_sm35596433794.jpg,6.4
souvikb30683682615.jpg,6.86
sovietuk197525634.jpg,7.2
101168654@N0733531043822.jpg,6.85
jpleo21492910741.jpg,6.5
dorameulman42270220115.jpg,5.58
annemcgr47781929091.jpg,7.03
lotharheller45397015902.jpg,6.5
darek_drapala35534402544.jpg,6.03
robmcc38401982834.jpg,6.22
fantommst27231220778.jpg,5.76
commelalavande23339794032.jpg,6.23
shonkiniston42537370475.jpg,5.96
collins_family31046066528.jpg,6.78
afoort42277654615.jpg,6.39
132334520@N0338940035585.jpg,6.17
89481752@N0637184482351.jpg,6.78
fr4dd43808038622.jpg,5.75
jill-photo20078391931.jpg,6.3
jillsg3shots13746428673.jpg,7.15
ken92626890434598.jpg,6.64
branderson34015061360.jpg,6.24
diocruz16055383413.jpg,6.54
28010958@N0328271031400.jpg,6.73
vancouverandwhistlerdotcom38352562715.jpg,6.45
97919702@N0341491076010.jpg,7.61
frosch5034820608372.jpg,7.15
91378408@N0224830270627.jpg,5.86
roberto_rubiliani25667967367.jpg,7.21
141887735@N0436785037012.jpg,7.6
126121376@N0242524485985.jpg,6.83
valentinschalk26471759648.jpg,7.78
sabinche11850007545.jpg,7.04
cubagallery6048487915.jpg,7.25
davidrosenphotography30163329907.jpg,7.9
fantommst43090279092.jpg,6.54
136810694@N0328027639052.jpg,7.08
bit-ramone20187262270.jpg,7.58
ryan_stark43559221071.jpg,6.74
bronwolff46098399174.jpg,6.5
jazz-it-up16464429930.jpg,6.83
donmillertogo24085024060.jpg,7.76
68151761@N0524107717753.jpg,6.96
39877441@N0528157425434.jpg,7.17
caramad24499249448.jpg,8.02
137110431@N0845682363432.jpg,6.63
fedorlashkov36520777230.jpg,7.72
130685832@N0235370493261.jpg,6.95
130358296@N0326464339108.jpg,6.88
clevedon-clarks34372607960.jpg,7.75
sostenesmonteiro16627930898.jpg,6.44
photoksenia35084703723.jpg,6.88
adrians_art40579812631.jpg,6.83
91550765@N0631373045612.jpg,7.06
91550765@N0636933197175.jpg,5.59
133786071@N0641063412901.jpg,6.8
130776703@N0232418942132.jpg,7.46
145988625@N0539672326310.jpg,7.58
rschnaible27350718706.jpg,6.13
94400000@N0627042019243.jpg,6.61
werner-d27726404138.jpg,6.46
fantommst26270884607.jpg,6.29
cubagallery4317933916.jpg,7.15
143663369@N0834870071466.jpg,7.12
rschnaible26258252700.jpg,6.63
cubagallery8705874267.jpg,7.5
dargun33124421755.jpg,6.88
loomstone34136777180.jpg,6.75
cjhoylephotography36111413084.jpg,7.25
133260811@N0733124139162.jpg,5.76
niggley28226173260.jpg,6.83
108510835@N0636221932533.jpg,7.75
i_ali_foto28663679493.jpg,6.74
mihoff5532548396188.jpg,6.58
128807045@N0834378838312.jpg,6.36
croydonclicker37549337582.jpg,7.21
kiwiclanger11327875366.jpg,7.56
159426356@N0543221659331.jpg,6.87
tramas7634239140253.jpg,6.64
105062893@N0716761733277.jpg,6.51
massimo-buccolieri25262507233.jpg,6.9
rockartwolfy34135566111.jpg,7.51
101545735@N0842563586785.jpg,6.55
lemans85028420398818.jpg,6.58
rafaeltaqueda28239645986.jpg,6.38
landscapes_in_the_picture15672133724.jpg,7.08
eniogodoy23589129658.jpg,5.87
14419055@N0840376117430.jpg,6.51
bethwode36255073604.jpg,7.29
132068256@N0431514511958.jpg,7.67
hjuengst35163107972.jpg,7.25
mariano-mantel36522503464.jpg,7.17
cubagallery7655022536.jpg,6.99
128217494@N0825897710034.jpg,6.37
miqspix33602894886.jpg,7.0
44991205@N0337193052412.jpg,6.63
31779113@N0633239728926.jpg,7.1
99491415@N0341259881542.jpg,7.77
vijaymani34184438356.jpg,7.14
cubagallery16057792606.jpg,6.14
150689779@N0828102521827.jpg,6.5
sharonwills17799031969.jpg,6.63
46775011@N0434817886352.jpg,6.61
melissa_vet44576285115.jpg,6.6
derodeolifant33880105521.jpg,7.04
70684778@N0426955438479.jpg,7.42
125562668@N0637340381291.jpg,6.78
155516039@N0246712224564.jpg,6.98
mr_camera7143200244580.jpg,6.08
rovingmagpie20493638364.jpg,6.63
derodeolifant33751424232.jpg,7.48
fantommst40255096215.jpg,6.9
annekemaurice20234818965.jpg,6.88
cubagallery15024773807.jpg,6.54
47093873@N0823957101820.jpg,6.67
39877441@N0528734728845.jpg,7.14
91550765@N0637234006104.jpg,6.72
126616561@N0829251719431.jpg,6.65
fantommst42042912160.jpg,6.83
melopics36820740590.jpg,6.46
31956205@N0224282214938.jpg,7.14
cherryspicks29385431004.jpg,5.97
35412296@N0635683703523.jpg,5.85
143740580@N0436027489813.jpg,6.61
130478877@N0224290821100.jpg,7.24
120744348@N0833108423405.jpg,7.06
langkawi39298879014.jpg,5.84
76704355@N0435539998226.jpg,5.91
hjuengst25126172665.jpg,7.16
138962451@N0445136643252.jpg,7.64
60157365@N0026304654418.jpg,7.27
branderson28605411822.jpg,6.66
142136188@N0226207736477.jpg,7.15
vrocha50016332867874.jpg,6.34
xx_yunespex_xx23801113743.jpg,7.17
94400000@N0640020922684.jpg,6.33
12355559@N0347034379244.jpg,6.83
madarchie025062044655.jpg,7.78
91550765@N0640309452322.jpg,6.55
44991205@N0327050454771.jpg,6.92
verodar33651594948.jpg,7.56
alexandradeleuphotographies15345979463.jpg,6.76
tabliniumcarlson9159664750.jpg,6.39
brian00625237641033.jpg,6.67
jean-marc_vogel_photography29574726588.jpg,7.48
63598627@N0314681097274.jpg,6.53
dpe3x34194309534.jpg,7.21
cubagallery4941077600.jpg,7.37
marianna_armata41576622432.jpg,6.51
sunsward724355665740.jpg,7.46
roberthertel18499038440.jpg,7.29
zeeyolqpictures38438066722.jpg,7.07
j-g-fotos45667760335.jpg,6.75
149497613@N0723637754228.jpg,7.14
130679470@N0416306590142.jpg,7.6
hemokerem8500435104.jpg,7.22
zecaetano23607883958.jpg,6.78
sthompson746125633855.jpg,7.5
karine-eye25865972790.jpg,6.69
26811601@N0332834453556.jpg,7.03
jayhunt1033312164784.jpg,6.13
maurocolonna29810490122.jpg,6.53
133692007@N0246697269285.jpg,6.94
oliko229023736742.jpg,6.15
cubagallery14526752826.jpg,6.67
rockartwolfy33517352026.jpg,6.14
cubagallery13441512783.jpg,7.96
goat141233382526954.jpg,7.48
andreassofus34487073062.jpg,7.79
andreassofus28540840255.jpg,8.13
130284270@N0422779318446.jpg,7.21
sam0hsong33808753442.jpg,7.67
lospromillosontour43621386062.jpg,7.1
113178519@N0834281031104.jpg,7.83
152986175@N0737297453242.jpg,7.82
smithandjones32240373443.jpg,7.9
152134324@N0543043321304.jpg,7.38
cubagallery5392651180.jpg,8.4
fineartphotoshots41062386684.jpg,8.4
77432926@N0237696639305.jpg,7.31
ellenvddoelfoto43717675242.jpg,7.25
77741274@N0745348697362.jpg,7.92
peter-bergmann20759456345.jpg,7.75
paultrottier23372126010.jpg,7.31
steven_peachey38707670202.jpg,8.19
85314460@N0247205201931.jpg,7.28
janarendtsz40763634044.jpg,7.66
sonythomas41424021051.jpg,7.93
rogernolan26932204554.jpg,8.11
cubagallery22380420946.jpg,6.35
peaceful_wind29482208457.jpg,6.52
canconio5936977014656.jpg,8.15
meeyak18646837951.jpg,7.16
134694065@N0526068011054.jpg,7.62
119307367@N0339850170371.jpg,8.18
trevpics35116837882.jpg,8.15
esteecha15112076369.jpg,7.35
144783031@N0539893674432.jpg,6.14
123474721@N0641435834211.jpg,7.5
brian00619404895135.jpg,7.72
miniwaites28907192190.jpg,6.72
88398914@N0636025540160.jpg,6.52
68479447@N0414868594074.jpg,7.38
smlarsen22137137653.jpg,7.69
nikon50526737469977.jpg,8.43
peterthoeny33607997932.jpg,7.89
149846854@N0834969296612.jpg,7.84
137830686@N0336406151763.jpg,7.42
anxanum43452103751.jpg,7.61
128356571@N0829130057836.jpg,7.76
simmiereagor36765827076.jpg,8.04
135716390@N0725001972463.jpg,7.14
lospromillosontour45883528215.jpg,6.7
darren-moore29186307900.jpg,7.72
russdavidphotos26288224382.jpg,6.65
133204046@N0335513231164.jpg,7.45
147581222@N0433043031730.jpg,6.79
chrisvankan33391725603.jpg,8.03
oliverherbold33996933772.jpg,8.32
43372015@N0218980998440.jpg,7.95
hdvesely41501933475.jpg,7.87
120580497@N0831796755138.jpg,7.96
peaceful_wind43180893165.jpg,6.04
130835640@N0521232682022.jpg,7.58
143044316@N0641272542135.jpg,6.86
ninasclicks5672933036.jpg,7.48
137128961@N0332592537510.jpg,7.13
94265950@N0529438172813.jpg,7.24
eniogodoy36983271222.jpg,6.77
mswansonphoto28434908224.jpg,7.85
154723464@N0645145054002.jpg,7.29
140783720@N0726882938845.jpg,7.79
cubagallery23470095999.jpg,7.73
peter-bergmann36089905140.jpg,6.88
kernowseb32265296482.jpg,7.74
68669953@N0432430481613.jpg,6.67
jesspictures24832824961.jpg,7.24
mutun34703558252.jpg,5.71
151794345@N0544637024781.jpg,7.73
guilhermegmp14806749967.jpg,7.42
77432926@N0240406819531.jpg,7.82
real_aragorn31316764158.jpg,6.62
94400000@N0644531960464.jpg,6.5
133786071@N0646345967351.jpg,6.7
12928122@N0224983676008.jpg,7.95
wandavella27691567858.jpg,6.89
martin-barmbek37455612831.jpg,6.96
marbleblueguide15262934121.jpg,7.28
crossiecoco19338073560.jpg,7.58
luxuriel27127093437.jpg,6.79
putuka21577548733.jpg,7.42
eniogodoy40464315912.jpg,6.05
ka2rina15380208708.jpg,7.25
sunset-snapper38125503026.jpg,7.89
148636314@N0844473482021.jpg,6.29
113480313@N0533380978745.jpg,7.81
luizcontreira43727106632.jpg,6.67
7422037@N0628320731258.jpg,7.78
132727889@N0429747094020.jpg,7.94
squareburn25073847202.jpg,7.86
129461403@N0733349397846.jpg,7.72
amalefijt34058993572.jpg,8.2
79802017@N0616036539929.jpg,6.17
125101667@N0432848821413.jpg,8.04
102951649@N0825193221894.jpg,7.18
kayjen27055734258.jpg,6.3
2dxtreem27900606008.jpg,7.83
madarchie016105553751.jpg,8.07
photosharejk34361652025.jpg,7.12
stu_patta26007944298.jpg,8.11
94265950@N0526816687125.jpg,7.78
neesam36454182996.jpg,7.75
cjhoylephotography36397809882.jpg,7.92
lfsis32306523023.jpg,7.14
rlb195738592390260.jpg,7.25
peter-bergmann36964010801.jpg,8.1
daveros230237110907.jpg,7.83
135786738@N0725387472139.jpg,6.25
24842334@N0735983484145.jpg,7.57
lrod35871369202.jpg,7.28
jackeastlake30124463040.jpg,8.18
126944123@N0434474366942.jpg,7.98
43406353@N0229053168875.jpg,7.52
dswindler43550098702.jpg,8.6
125864675@N0441461413710.jpg,8.22
icemanphotos46918331882.jpg,7.52
stevebond41120221630.jpg,7.9
33658837@N0834243509264.jpg,8.75
geezaweezer36111134094.jpg,8.22
blavandmaster24819906649.jpg,6.88
blavandmaster24776561169.jpg,7.28
ellenvddoelfoto42250471935.jpg,7.86
155067484@N0445162467031.jpg,8.5
rockartwolfy33629585375.jpg,8.57
132872955@N0335259634136.jpg,7.42
35412296@N0637212886231.jpg,7.6
tcemedia42482294662.jpg,8.01
hammermad23746635180.jpg,8.05
gregorydolivet36268961282.jpg,8.25
djuliano16881330002.jpg,9.14
cjhoylephotography39458906104.jpg,7.9
94174169@N0312537000055.jpg,8.13
yarinasanth45393376722.jpg,8.32
kerjzquel25725576520.jpg,7.58
vickenliu33743536024.jpg,8.24
jackeastlake25805489068.jpg,8.47
posnov31939685742.jpg,8.88
jackeastlake46538870802.jpg,8.21
lfsis31372097085.jpg,7.65
67141625@N0329132955605.jpg,7.42
jackeastlake45046306521.jpg,8.29
gusdiaz47571825771.jpg,8.12
53510493@N0514394159028.jpg,7.13
lospromillosontour44483778564.jpg,8.31
