image,score
necilbug2655761545.jpg,2.75
markal3211869807.jpg,2.66
egyszeriember22719798573.jpg,3.17
brianephotos5690938400.jpg,2.06
sylvaf22032943665.jpg,2.54
capturingthemomentphotography3324442292.jpg,3.13
gulgulass4354270621.jpg,3.37
anirpandit6484207029.jpg,2.13
12034714@N024507703716.jpg,2.88
bezbrige3346187957.jpg,3.12
128300631@N0525359457924.jpg,3.12
9566777@N08845910400.jpg,2.98
silvano_alloggio30970453886.jpg,3.71
rwkphotography5173829762.jpg,3.22
particelle_elementari25165667544.jpg,3.37
carolinafraser22738113319.jpg,3.46
wolfgangfoto2284112571.jpg,3.46
137618843@N0432514039076.jpg,3.23
zw2009984070831657.jpg,3.38
perki49622545932008.jpg,2.57
egyszeriember22341382098.jpg,2.9
113849019@N0321522562913.jpg,2.07
donewiththetaxman2320963312.jpg,3.84
32482907@N003244935838.jpg,3.54
lightshousehpc1066799513.jpg,3.23
31256721@N033829460436.jpg,2.55
roni582018127882511.jpg,3.85
wojtek_kogut22039645100.jpg,3.85
54458422@N0424782475189.jpg,4.16
143790014@N0426840104844.jpg,3.58
ucietipa27131607916.jpg,4.35
andreaschuh31836897512.jpg,3.65
gammasintesi26114825233.jpg,4.13
salvatoredangelo31840929364.jpg,3.19
salvatoredangelo32228084250.jpg,2.9
pierrot_4926573703995.jpg,3.98
blaubluebleu27581595353.jpg,3.74
143334384@N0627497762544.jpg,4.56
jasonhackett24270734693.jpg,3.38
blaubluebleu24660113639.jpg,2.54
mihauu2740924490.jpg,4.13
camillamorsia32370682575.jpg,3.38
107148415@N0622208155273.jpg,3.44
venafilarmonica27954526533.jpg,3.08
pardolite19604009328.jpg,3.5
joanpujol22035261398.jpg,2.62
26carlangas24198601716.jpg,3.85
iomario3314885892.jpg,3.65
andreaschuh26978800806.jpg,4.15
138469713@N0332139045736.jpg,3.71
ysephotos24005838504.jpg,3.52
135307949@N0527416550124.jpg,3.4
andreaschuh32161488372.jpg,2.25
ravi-shah32619035215.jpg,3.0
eorus26212139462.jpg,3.52
blaubluebleu19433238132.jpg,2.64
andreaschuh25389787071.jpg,3.92
-marcello-26724073944.jpg,4.04
andreaschuh24003091192.jpg,3.92
blaubluebleu21477642561.jpg,3.71
132039729@N0428807414330.jpg,3.96
blaubluebleu27809451796.jpg,2.85
iloper23200655893.jpg,2.82
blaubluebleu32026002525.jpg,2.72
snowghoul30472912901.jpg,2.58
blaubluebleu19640882885.jpg,4.38
andreaschuh31729953413.jpg,3.33
andreaschuh29014622121.jpg,3.52
pilechko24006731379.jpg,3.5
andreaschuh23589709494.jpg,4.31
snowghoul26971624614.jpg,4.18
118627521@N0216946417498.jpg,3.33
shastajak28152457585.jpg,4.0
142925015@N0629136485186.jpg,2.83
andreaschuh31124737344.jpg,4.47
loveshutterbug24545013560.jpg,3.6
129975212@N0327147494482.jpg,3.1
andreaschuh28092784860.jpg,4.42
135307949@N0524884601232.jpg,3.72
122139716@N0622162364975.jpg,2.87
craigb-w14883914441.jpg,4.1
vanheerdenpieter23490271841.jpg,4.17
andreaschuh22761614540.jpg,4.19
blaubluebleu23643759573.jpg,3.56
andreaschuh30778731435.jpg,3.15
16858871@N0522915795409.jpg,2.7
andreaschuh26371056654.jpg,3.96
35994806@N0422593827051.jpg,4.17
dragonfly102327471104365.jpg,3.34
blaubluebleu28900703804.jpg,3.27
90133211@N0514543880783.jpg,4.22
andreaschuh29007289115.jpg,3.79
ashleecakes4328071067.jpg,2.37
brianephotos5512670438.jpg,3.67
103781223@N0210176026114.jpg,3.35
134468986@N0321892069939.jpg,3.0
43085086@N0532063575152.jpg,4.02
salvatoredangelo30685253610.jpg,3.55
blaubluebleu24948237091.jpg,3.46
mich295616824911378.jpg,4.18
ajkpix5147148281.jpg,2.76
kuestenkind27899019041.jpg,2.79
andreaschuh25381886674.jpg,3.58
andreaschuh27392776674.jpg,3.73
103484654@N0423309241889.jpg,3.96
andreaschuh28909970210.jpg,3.95
sylvaf26282523432.jpg,4.11
andreaschuh18576503710.jpg,3.55
blaubluebleu19872927649.jpg,2.98
andreaschuh28151865814.jpg,4.22
129975212@N0326707629421.jpg,3.36
blaubluebleu24024935246.jpg,2.74
29940556@N0726061909731.jpg,3.83
smitchelrific24816970289.jpg,3.75
venafilarmonica26556360562.jpg,2.46
capturingthemomentphotography4399651786.jpg,4.21
139959534@N0526884883451.jpg,3.46
andreaschuh24404430101.jpg,4.45
andreaschuh27086582493.jpg,4.06
16761671@N0825028899801.jpg,4.22
martinwozenilek22090876544.jpg,2.79
126091722@N0232313964455.jpg,3.19
mybitofsky544422734.jpg,2.13
andreaschuh23969048261.jpg,4.08
salvatoredangelo31475849963.jpg,3.48
blaubluebleu22178571668.jpg,4.06
126961601@N0626936718411.jpg,3.44
snowghoul23897484724.jpg,2.98
andreaschuh28248978732.jpg,4.46
91891702@N0631769103851.jpg,4.42
marcogiuman17019197804.jpg,4.0
113449730@N0330527964293.jpg,4.63
1202875n0323988527491.jpg,2.93
justsaytheword15227432600.jpg,5.02
hornbeck13314640033.jpg,4.52
143334384@N0629257425552.jpg,4.39
blaubluebleu25846730463.jpg,2.63
andreaschuh29729258612.jpg,4.15
tomasolsen30786247344.jpg,5.46
andreaschuh26645980195.jpg,5.18
belknet23159141311.jpg,4.75
130407090@N0329693894810.jpg,4.28
petergonera14723745434.jpg,4.13
hornbeck11611670953.jpg,3.86
andreaschuh31088811491.jpg,4.28
wolfgangfoto26445208030.jpg,3.01
blaubluebleu26375712252.jpg,2.73
andreaschuh17843418766.jpg,5.38
132103689@N0324317126411.jpg,4.0
marielledevalk24360486045.jpg,3.73
130030213@N0425669891871.jpg,4.88
blazingpictures26815307486.jpg,4.84
bezbrige3276425384.jpg,5.17
andreaschuh21587693891.jpg,4.46
92441917@N0327608343903.jpg,4.42
pvizdal_photo20121984329.jpg,3.34
128266155@N0616908236537.jpg,4.48
maxzip21506781766.jpg,4.2
louisemillar29921580750.jpg,4.12
raulbar21853447252.jpg,4.35
iaourtofrez26634290586.jpg,4.86
110548103@N0720456662815.jpg,3.24
blaubluebleu19522547999.jpg,4.39
andreaschuh26570872412.jpg,4.13
95998755@N0226940450996.jpg,4.05
janpelz28669327840.jpg,4.62
uwschu31244389481.jpg,4.63
eorus25119403171.jpg,4.44
lotharheller23741809962.jpg,5.19
andreaschuh25191504351.jpg,4.59
145673866@N0831301013583.jpg,4.5
118106855@N0516891007960.jpg,4.62
blaubluebleu17222551955.jpg,3.17
hornbeck9720728680.jpg,2.92
venafilarmonica26368934071.jpg,4.12
blaubluebleu31408470390.jpg,4.13
salvatoredangelo30804955406.jpg,4.58
132103689@N0322723006884.jpg,3.59
143701422@N0528562326564.jpg,4.4
127767555@N0332401908012.jpg,4.26
salvatoredangelo32017108000.jpg,4.5
1202875n0324855590330.jpg,3.02
116218346@N0517324664836.jpg,4.25
130062061@N0319434726131.jpg,4.12
acordey25503835851.jpg,4.44
146873693@N0232176327402.jpg,4.45
andreaschuh22026565263.jpg,4.24
marikokitaoka17363143381.jpg,5.32
migro31317957564.jpg,4.63
94056742@N0616502762283.jpg,4.07
nigelhannant26068964145.jpg,4.3
andreaschuh25696137642.jpg,4.44
louisemillar31424998612.jpg,4.44
andreaschuh20797989656.jpg,4.39
dim5129335324286.jpg,4.39
atamano25879898223.jpg,4.17
92647507@N0425621370006.jpg,4.54
126703467@N0630355730536.jpg,3.46
marcos_jerlich21621079140.jpg,4.89
ucietipa30185300480.jpg,4.56
133677111@N0723053040326.jpg,4.29
blaubluebleu23291559141.jpg,4.13
monomarv32121052046.jpg,4.36
131421153@N0326131834780.jpg,4.97
blaubluebleu28374433125.jpg,3.16
130030213@N0422310716428.jpg,4.02
hornbeck9525970075.jpg,3.88
snowghoul28540850315.jpg,2.91
andreaschuh25519231133.jpg,4.52
andreaschuh22680473287.jpg,4.14
125106733@N0421620078806.jpg,4.68
andreaschuh20826005553.jpg,4.3
54458422@N0424738250729.jpg,3.92
111470303@N0524784726462.jpg,3.22
snowghoul31359813762.jpg,2.94
andreaschuh27676939802.jpg,4.2
andreaschuh30971196896.jpg,4.35
blaubluebleu26070283911.jpg,3.9
128476074@N0829844384751.jpg,3.85
andreaschuh25297366872.jpg,4.3
130582221@N0823277862294.jpg,4.58
79299563@N0630387684783.jpg,4.43
87304766@N0818580934590.jpg,4.1
andreaschuh22063580843.jpg,2.77
andreaschuh28548767910.jpg,4.05
143184955@N0732484667306.jpg,4.0
andreaschuh30419034890.jpg,4.19
blaubluebleu28568317122.jpg,3.29
marcos_jerlich21596582459.jpg,4.14
andreaschuh26369263556.jpg,4.69
atamano25472871006.jpg,4.03
gakout337007548.jpg,3.79
rprawira9264384727.jpg,4.54
blaubluebleu21643620402.jpg,3.71
andreaschuh30323701145.jpg,4.3
blaubluebleu30141823086.jpg,3.19
marikokitaoka15198226602.jpg,4.97
s_inagaki28219048492.jpg,4.23
joemoconnell26073203233.jpg,3.85
mytang20319219276.jpg,4.92
135944303@N0728335222534.jpg,4.55
131747179@N0420444300470.jpg,4.63
karodi24946115442.jpg,4.46
sylvaf26271163580.jpg,3.46
ashleecakes4512684798.jpg,4.35
snowghoul31563350394.jpg,2.77
138981399@N0829237560782.jpg,3.52
andreaschuh25610352402.jpg,4.1
campingandhiking16112065999.jpg,4.21
107956625@N0423694752304.jpg,4.03
113318113@N0415081696761.jpg,3.01
scampagni24718157472.jpg,4.45
pardolite16390397446.jpg,3.92
gakout269899920.jpg,5.2
andreaschuh18172590309.jpg,4.72
59020843@N0227603394195.jpg,3.25
andreaschuh27330502930.jpg,3.75
nwsteve30628591116.jpg,4.44
debbykwong25403034275.jpg,4.24
68009930@N088884701592.jpg,3.43
96781984@N0323693726324.jpg,4.83
andreaschuh25570076934.jpg,4.62
hornbeck14519260948.jpg,4.09
andreaschuh28973708495.jpg,4.34
andreaschuh28508511444.jpg,3.5
teachme2see21791004556.jpg,4.75
andreaschuh30458250841.jpg,5.03
miririva19538580821.jpg,4.61
andreaschuh25303196260.jpg,3.27
desamymages27679518806.jpg,4.33
142130872@N0628156607901.jpg,4.14
bobevansimages8351471684.jpg,3.13
snowghoul28868920062.jpg,3.2
andreaschuh28443403002.jpg,5.42
blaubluebleu22763017823.jpg,3.57
1202875n0327235982436.jpg,3.51
20127329@N0628510482092.jpg,3.92
-marcello-28527572246.jpg,4.32
charliewinters16183510270.jpg,4.12
hornbeck16906855397.jpg,4.15
andreaschuh28613411720.jpg,4.08
andreaschuh18797495309.jpg,4.72
blaubluebleu28495031425.jpg,3.63
andreaschuh24712416996.jpg,4.85
59230164@N0720307750569.jpg,3.81
rafavergara15777474312.jpg,4.22
marcogiuman19722462976.jpg,4.39
132039729@N0431536207510.jpg,4.17
gammasintesi28084263735.jpg,4.71
andreaschuh24399501045.jpg,4.52
blaubluebleu27544181805.jpg,4.31
52660724@N0523367052559.jpg,3.47
sterling-flex16510797834.jpg,4.06
ericlicen13453350275.jpg,3.9
hornbeck10417222705.jpg,3.23
salvatoredangelo30980267494.jpg,4.11
pvizdal_photo20009619783.jpg,5.03
andreaschuh24467145995.jpg,4.06
artursrr20692987021.jpg,4.58
22903885@N0213292677413.jpg,3.6
jhonbphoto32526962431.jpg,4.27
ashleecakes4098707812.jpg,3.48
andreaschuh31482057452.jpg,3.5
josteinsen21142178343.jpg,4.05
red_signal23318933772.jpg,4.81
snowghoul30811269000.jpg,3.33
142124989@N0827574088293.jpg,4.92
andreaschuh21660989346.jpg,4.83
tholes221907451998.jpg,5.12
bhendrix25525461283.jpg,3.0
atamano25843769090.jpg,4.47
127438676@N0831898000182.jpg,4.15
50160294@N026185791257.jpg,4.61
zw2009984230299033.jpg,5.42
59020843@N0226306183161.jpg,4.95
blaubluebleu21605184220.jpg,3.42
blaubluebleu27187952874.jpg,4.71
shastajak24150180791.jpg,5.06
lauracappelluzzo27950322233.jpg,4.41
andreaschuh25027824993.jpg,4.55
andreaschuh21870944448.jpg,5.29
128474566@N0325244197036.jpg,3.97
blaubluebleu24187631239.jpg,3.14
andreaschuh22363842638.jpg,4.72
blaubluebleu23726868546.jpg,3.35
127525638@N0621788194728.jpg,3.9
joelpwilliams30972623870.jpg,3.89
iaourtofrez14036082265.jpg,4.75
59020843@N0227495360604.jpg,4.35
hornbeck9505028938.jpg,4.71
143282714@N0629165137375.jpg,3.41
andreaschuh23101282593.jpg,5.37
hornbeck11231636823.jpg,4.21
andreaschuh25214858216.jpg,4.89
andreaschuh25441731531.jpg,4.66
snowghoul25224576632.jpg,3.38
132039729@N0430408768974.jpg,4.95
ashpmk25110836363.jpg,4.65
andreaschuh19956524151.jpg,5.04
blaubluebleu27784131981.jpg,3.67
hornbeck8470029021.jpg,3.66
red_signal22456953477.jpg,4.89
blaubluebleu26091990261.jpg,3.71
sfowlerphotos16123389572.jpg,5.02
ashleecakes4788595959.jpg,4.21
blaubluebleu24044104282.jpg,5.08
christeasley53030912478732.jpg,3.94
andreaschuh23795331883.jpg,5.37
blaubluebleu23007942080.jpg,3.67
140321779@N0325812724414.jpg,4.65
100471659@N0423393947465.jpg,4.38
blaubluebleu27515246091.jpg,4.36
deanlewisphotography16894414154.jpg,5.53
29940556@N0728901439114.jpg,4.81
andreaschuh26758728115.jpg,5.0
andreaschuh16938319838.jpg,5.39
andreaschuh23545121966.jpg,4.83
uwschu31352277565.jpg,5.5
blaubluebleu22664614610.jpg,4.71
zw2009984055004645.jpg,4.58
hornbeck10880661103.jpg,3.33
roni582020408806832.jpg,4.39
andreaschuh25721595132.jpg,4.5
blackbulb25178651380.jpg,5.0
braennwerth15876988972.jpg,4.67
95741537@N0425119605161.jpg,5.53
andreaschuh28272457875.jpg,4.39
andreaschuh20898048482.jpg,5.33
59020843@N0227703041891.jpg,4.43
andreaschuh27261533412.jpg,5.12
137808790@N0726621588433.jpg,4.25
andreaschuh26615146611.jpg,4.4
hornbeck9013798424.jpg,3.29
67597493@N048387651532.jpg,3.69
lasfotosdelcarajoese5054492944.jpg,3.64
antfish22065632535.jpg,4.97
133697151@N0830590231946.jpg,4.42
59230164@N0720360590110.jpg,4.63
andreaschuh19312709519.jpg,5.0
41675651@N00284633466.jpg,5.29
125690721@N0622940516224.jpg,5.2
bente_nordhagen28444714380.jpg,5.14
andreaschuh24748285180.jpg,4.92
blaubluebleu27204799060.jpg,4.25
monoestepario22183212302.jpg,4.96
sunflowerblue28233239513.jpg,4.44
iliakigeorgina22006290506.jpg,4.99
andreaschuh25751661354.jpg,4.78
andreaschuh21205435799.jpg,5.2
andreaschuh29392727144.jpg,5.37
sylvaf25043388015.jpg,3.69
sofronass25554317704.jpg,5.25
andreaschuh25173159340.jpg,4.61
andaelentari23548142985.jpg,4.62
x99elledge8247372260.jpg,3.12
136723861@N0729885778291.jpg,5.19
andreaschuh25564125312.jpg,4.86
81445942@N058888229859.jpg,4.61
blaubluebleu17004317166.jpg,3.62
hornbeck8477163321.jpg,3.17
snowghoul27036000610.jpg,3.73
hornbeck8897959713.jpg,4.59
atamano25982297780.jpg,4.54
blaubluebleu21188514235.jpg,4.3
hornbeck11326479494.jpg,3.9
41675651@N00243036340.jpg,4.61
sarahphotographer2188094100.jpg,4.05
lurick27508968072.jpg,5.2
105297896@N0828288401395.jpg,4.8
mytang20466056830.jpg,5.0
andreaschuh25311742245.jpg,3.21
122139148@N0818146344146.jpg,4.62
andreaschuh19814796158.jpg,3.87
blickkontakt26254026961.jpg,5.02
andreaschuh26534446291.jpg,5.33
112222905@N0618248444562.jpg,4.33
snowghoul28971217591.jpg,3.67
tattooedjoker8746756539.jpg,4.63
michael_b_photography27665943845.jpg,4.9
monoestepario30435432646.jpg,4.08
andreaschuh23018358475.jpg,5.17
s_inagaki23420708111.jpg,4.17
59230164@N0719873493413.jpg,4.17
jessicalavoie15310898820.jpg,3.55
danielbradley16106024454.jpg,3.33
s_inagaki27120344170.jpg,4.58
andreaschuh24896131066.jpg,5.17
blaubluebleu29129521436.jpg,4.47
60411563@N0528850488410.jpg,4.93
s_inagaki23310608515.jpg,4.7
andreaschuh19524415412.jpg,5.38
10084809@N0431523670783.jpg,4.46
andreaschuh23901034762.jpg,5.3
blaubluebleu22764906400.jpg,3.4
ashleecakes4293717879.jpg,4.41
59230164@N0720360589710.jpg,4.62
roni582017780492878.jpg,5.56
blaubluebleu20595009219.jpg,3.5
roni582023927110461.jpg,4.8
atamano26534314636.jpg,4.36
116459825@N0518041611095.jpg,5.33
andreaschuh19566630568.jpg,5.9
128730659@N0321925995936.jpg,4.78
andreaschuh32338905322.jpg,4.96
hornbeck7981167545.jpg,3.81
138120325@N0430902779335.jpg,5.47
iloper22570186921.jpg,5.8
hornbeck13182994823.jpg,3.94
blaubluebleu21143944596.jpg,4.77
lescalanteg23707989229.jpg,4.51
evilripper22014725346.jpg,3.73
andreaschuh21085534299.jpg,5.82
133677111@N0726106885640.jpg,4.87
132103689@N0328660826582.jpg,4.19
95860232@N0720635636182.jpg,4.09
karinsfotografier21193699483.jpg,4.34
140321779@N0324758006653.jpg,4.89
98180692@N0414771478926.jpg,3.55
pierrot_4927750717275.jpg,5.17
53696886@N0820648769084.jpg,3.71
85314460@N0219647747449.jpg,5.22
hzstar20318497280.jpg,5.23
s_inagaki23207430980.jpg,5.06
blaubluebleu26720621344.jpg,4.11
76201130@N0525291856482.jpg,4.74
atamano29611131073.jpg,4.72
paulie-b24636610434.jpg,4.3
andreaschuh21521105636.jpg,5.5
blaubluebleu24485377759.jpg,4.12
103484654@N0429014451271.jpg,4.92
andreaschuh27374793862.jpg,5.4
111470303@N0522700506383.jpg,4.69
andreaschuh24405535261.jpg,3.91
andreaschuh17021946841.jpg,5.13
frankreitz17030514387.jpg,4.2
blaubluebleu27988262063.jpg,4.5
132103689@N0330245461391.jpg,4.7
lotharheller27616427960.jpg,5.53
napowell20321687578.jpg,5.21
atelierdeux31592147891.jpg,4.93
andreaschuh19622675718.jpg,5.1
137693289@N0726408947374.jpg,5.45
druzi25226930904.jpg,5.12
118627521@N0217034302300.jpg,4.02
andreaschuh17203465565.jpg,5.47
andreaschuh22206168405.jpg,5.17
andreaschuh18626302586.jpg,5.0
andreaschuh31040655202.jpg,5.11
margfoley21950721281.jpg,5.18
s_inagaki24842848024.jpg,3.83
paul-nadin29442184315.jpg,4.66
andreaschuh24467378553.jpg,4.22
rvill19584691845071.jpg,4.83
andreaschuh24005917506.jpg,5.32
per_josefsson16520650862.jpg,4.53
59230164@N0720494434765.jpg,3.92
andreaschuh22598114309.jpg,5.07
divineseye1448244620.jpg,4.92
craigb-w14970038788.jpg,4.71
andreaschuh23553390262.jpg,4.51
andreaschuh29996179006.jpg,5.56
andreaschuh25463708700.jpg,4.38
103607064@N0511065618943.jpg,4.1
andreaschuh26160933741.jpg,4.86
hornbeck11199871896.jpg,3.35
ashleecakes4113074568.jpg,4.33
123587963@N0726258258610.jpg,4.6
andreaschuh16276090814.jpg,5.67
124321425@N0220350243334.jpg,5.15
135944303@N0722899011105.jpg,4.82
yucel_basoglu17431238371.jpg,6.06
111642264@N0421408899290.jpg,5.39
124419227@N0428728365331.jpg,4.64
wedeking-photo21773371304.jpg,5.42
22903885@N0230343758291.jpg,4.98
marcogiuman21223551361.jpg,5.52
sleepless142328162375.jpg,5.53
10380360@N0722815947380.jpg,4.9
andreaschuh22678903839.jpg,6.13
132103689@N0329752889140.jpg,5.37
charxlotte3417909670.jpg,5.43
andreaschuh26194569555.jpg,5.08
s_inagaki25275085359.jpg,5.17
littletinperson17153733032.jpg,3.93
mandln4516771979730.jpg,6.11
21376727@N0016524272778.jpg,4.25
anatyagi6423675102195.jpg,4.74
29940556@N0724390965756.jpg,3.69
22903885@N0217135577921.jpg,6.0
robwiddowson20685041273.jpg,4.7
eliud193551591566.jpg,5.82
blaubluebleu21426306371.jpg,4.91
virginia-villacisla-photography27686568083.jpg,4.63
s_inagaki23110569149.jpg,4.06
hornbeck8468713686.jpg,4.21
sarahphotographer2549988846.jpg,4.89
andreaschuh27047315116.jpg,5.44
113849019@N0317508315944.jpg,5.88
143790014@N0427415350546.jpg,4.55
photo_djordje27216569826.jpg,5.81
saraia7722558146160.jpg,4.96
126703467@N0628352635420.jpg,5.64
hornbeck8977171891.jpg,4.74
131992867@N0224638851199.jpg,4.22
ashleecakes4938912249.jpg,6.38
paulie-b25949165066.jpg,5.73
beritsundman23501465930.jpg,4.72
andreaschuh26511399295.jpg,5.69
hornbeck11175933056.jpg,3.8
hornbeck10711280913.jpg,5.08
red_signal17135968612.jpg,5.78
99178087@N0327438965882.jpg,4.67
blaubluebleu26039301503.jpg,4.6
parismadrid23021604252.jpg,5.02
132103689@N0331940772085.jpg,5.73
104815519@N0813079817893.jpg,5.12
dim5131987730852.jpg,5.3
monomarv30210001314.jpg,5.77
andreaschuh28069114143.jpg,5.4
red_signal15071376631.jpg,5.19
29940556@N0726750761661.jpg,5.88
ch-straub23588385514.jpg,5.14
raulbar24087069131.jpg,5.71
red_signal22585025100.jpg,5.09
24848163@N0820162347040.jpg,4.28
bschaefers15966480435.jpg,4.71
snowghoul18115129534.jpg,4.92
132103689@N0331334820493.jpg,5.72
instanthphotography25784044962.jpg,5.62
142835180@N0431968057456.jpg,4.33
christeasley53031492279490.jpg,3.78
132103689@N0331660269994.jpg,5.65
evilripper21090833838.jpg,4.65
lauracappelluzzo24521421572.jpg,5.36
141273443@N0731021647410.jpg,4.6
raulbar23583666143.jpg,5.3
andreaschuh30827317492.jpg,5.12
98180692@N0413087547114.jpg,4.92
andreaschuh25725811484.jpg,5.48
andreaschuh31550739364.jpg,5.89
meerasch24388871899.jpg,4.24
96520063@N0526633747042.jpg,5.2
blaubluebleu26640278062.jpg,4.65
111470303@N0527475368470.jpg,4.41
52660724@N0525971245325.jpg,4.36
48141388@N0727534719923.jpg,4.87
paulie-b25947905215.jpg,5.29
67575135@N0521443070614.jpg,5.56
iliakigeorgina25687334826.jpg,5.11
blaubluebleu28846871976.jpg,4.86
98180692@N0415438954999.jpg,5.12
lasfotosdelcarajoese5129413967.jpg,4.38
lasfotosdelcarajoese5343125958.jpg,4.95
hornbeck14608542047.jpg,4.77
130582221@N0824033284874.jpg,5.9
130407090@N0329524635810.jpg,5.96
123587963@N0718210838754.jpg,5.62
s_inagaki25714323781.jpg,5.09
blaubluebleu27740371610.jpg,4.57
hornbeck8933096024.jpg,5.05
131616583@N0825003727666.jpg,5.33
104815519@N0813869249915.jpg,4.46
lauracappelluzzo28641696810.jpg,5.34
hornbeck8863445880.jpg,5.92
sabrinacaramanico7822754664.jpg,3.67
hornbeck14638363458.jpg,4.33
serdart12798601893.jpg,5.21
raulbar23174716905.jpg,4.65
sarahphotographer1368044719.jpg,4.94
130766316@N0216124874633.jpg,6.16
marco_arnesano27709043533.jpg,5.21
93194168@N0523989160991.jpg,5.33
blaubluebleu28502565801.jpg,4.95
130582221@N0824585918399.jpg,5.38
hornbeck11227258153.jpg,4.45
andreaschuh22789974937.jpg,5.57
ashleecakes4921237537.jpg,5.95
andreaschuh21116756169.jpg,6.31
78688084@N0317133937080.jpg,4.85
130582221@N0822725396768.jpg,5.31
96520063@N0532059509552.jpg,4.31
andreaschuh26644656173.jpg,5.5
52660724@N0523055841834.jpg,4.14
111470303@N0522266630425.jpg,4.2
ucietipa30247737121.jpg,6.17
ashleecakes5221887105.jpg,4.0
s_inagaki23165927431.jpg,4.65
103607064@N0522227207904.jpg,4.96
126051167@N0819782061385.jpg,4.91
93642662@N0518022329004.jpg,4.02
hornbeck7911317872.jpg,4.33
118106855@N0517080844015.jpg,5.35
124025493201265.jpg,5.6
22903885@N0216255848815.jpg,4.32
s_inagaki24606194551.jpg,4.13
ashleecakes5241844033.jpg,4.09
atamano31394657421.jpg,4.87
91866955@N0417560971866.jpg,4.92
59230164@N0720548628195.jpg,5.92
104032055@N0716387523597.jpg,3.99
126330948@N0528777885720.jpg,3.8
127879757@N0627204684433.jpg,4.0
135947242@N0323190772282.jpg,6.03
pvizdal_photo32290046181.jpg,4.86
130213710@N0526283196251.jpg,5.13
andreaschuh31636028981.jpg,5.72
45814836@N0621689942135.jpg,5.79
bschaefers8994976352.jpg,5.54
blaubluebleu28785640874.jpg,4.61
hornbeck9715641122.jpg,4.01
paulie-b25342375274.jpg,5.42
craigb-w15199387539.jpg,5.79
atamano31238857994.jpg,4.83
blaubluebleu30647243384.jpg,4.96
60411563@N0526596954785.jpg,6.16
andreaschuh23722903359.jpg,5.65
andreaschuh19038916776.jpg,5.7
andreaschuh23219981275.jpg,5.96
wilfried_gebhard17039247368.jpg,5.15
135120484@N0625732337410.jpg,6.32
s_inagaki22041263343.jpg,6.19
marcogiuman17038473432.jpg,5.98
torodd23486962933.jpg,5.55
monoestepario24223216413.jpg,4.39
atelierdeux30897683643.jpg,6.31
andreaschuh24503792350.jpg,6.36
red_signal17215402385.jpg,4.28
andreaschuh31748350855.jpg,5.24
nannaferguson28914014963.jpg,6.25
mihauu3286621615.jpg,5.79
blaubluebleu20530167935.jpg,5.03
andreaschuh26711284671.jpg,5.86
raulbar23070097715.jpg,6.02
s_inagaki26981235291.jpg,5.95
andreaschuh21814472970.jpg,6.0
52660724@N0526735034291.jpg,5.9
137065446@N0525164720399.jpg,5.32
claireyl8326584561.jpg,5.53
joshhamphotos12832849994.jpg,5.54
132103689@N0325815960291.jpg,5.81
104815519@N0814525706146.jpg,6.34
blaubluebleu30706917931.jpg,5.7
anaxit16145109060.jpg,4.69
sarahphotographer2384099334.jpg,5.02
ashleecakes4883550879.jpg,4.38
130582221@N0824336183384.jpg,5.6
104815519@N0814315432921.jpg,4.64
45814836@N0617743872890.jpg,6.42
59230164@N0720361910279.jpg,5.48
sarahphotographer3288160857.jpg,5.89
petdek28217213714.jpg,5.94
98882044@N0726150933515.jpg,6.1
126330948@N0527303063774.jpg,5.22
132103689@N0324776136560.jpg,5.11
djihadjo6917665578.jpg,4.03
stephenf8110235701593.jpg,4.32
130582221@N0824139419504.jpg,6.33
davidrallen13420857413.jpg,6.34
blaubluebleu20305324908.jpg,5.14
canonpm16991016082.jpg,5.21
78311865@N0527210222655.jpg,5.7
declanod27081809320.jpg,6.0
lasfotosdelcarajoese5481748305.jpg,4.28
blaubluebleu23089814284.jpg,5.21
hornbeck9165749321.jpg,6.15
122139148@N0831394575530.jpg,4.61
antoniogreek22670254868.jpg,5.87
gretapowell18007466675.jpg,5.39
menelaos_x18789925849.jpg,5.86
menelaos_x28859551513.jpg,5.34
67998927@N0827131508064.jpg,5.4
88266491@N0831089099505.jpg,6.25
robwiddowson18281104763.jpg,5.13
78311865@N058438819282.jpg,5.92
s_inagaki25407023921.jpg,5.52
104815519@N0813886407772.jpg,5.98
anatyagi6422574129365.jpg,5.5
pvizdal_photo23057612946.jpg,6.38
andreaschuh31744983002.jpg,5.86
hornbeck8885660350.jpg,4.46
andrewfphoto2996333174.jpg,6.45
desperate4389521791.jpg,5.4
ashleecakes4733620832.jpg,5.27
weibelmartin13398404165.jpg,5.39
132693563@N0623824075442.jpg,5.3
125907354@N0625537910123.jpg,5.28
122139148@N0818273466522.jpg,5.5
roni582020341735171.jpg,6.13
130582221@N0819196907729.jpg,6.21
sarahphotographer1445160086.jpg,5.0
126703467@N0629612618255.jpg,6.43
s_inagaki20618132681.jpg,6.02
s_inagaki25132300949.jpg,5.56
blaubluebleu29645740896.jpg,5.11
48008491@N0516905578930.jpg,5.89
gianlucavecchi16239206130.jpg,6.03
andreaschuh26565906680.jpg,6.37
justin-time16696168410.jpg,5.57
rake6830099223990.jpg,4.98
patriciamoreno14869451759.jpg,5.6
andreaschuh26202258222.jpg,6.39
vasilikos3669624200.jpg,5.83
98882044@N0726990566736.jpg,5.33
103607064@N0516255113630.jpg,4.86
s_inagaki22419080527.jpg,5.51
104815519@N0813909940584.jpg,4.36
128474566@N0324472430751.jpg,5.4
s_inagaki24926792312.jpg,5.87
atamano31402206046.jpg,4.96
131965867@N0819666125493.jpg,6.42
126232476@N0625531928634.jpg,6.52
andreaschuh25008093035.jpg,6.03
126232476@N0619934011098.jpg,6.28
andreaschuh31248927535.jpg,6.29
130348903@N0419682865951.jpg,6.54
costiflorea16098949548.jpg,6.78
ashleecakes4279778190.jpg,5.14
s_inagaki22261721293.jpg,4.87
93486738@N0427743380585.jpg,5.31
126695918@N0320836014820.jpg,5.52
68009930@N0811069452493.jpg,5.75
102440457@N039962940465.jpg,5.46
lasfotosdelcarajoese5710737945.jpg,5.8
okanakgul19647786248.jpg,5.8
135120484@N0625902338820.jpg,6.0
127639140@N0419271254510.jpg,5.15
hornbeck8351381619.jpg,4.86
hornbeck15336810849.jpg,5.8
s_inagaki23284499866.jpg,5.94
blaubluebleu20260527465.jpg,5.62
124945398@N0631412119534.jpg,4.34
dragonfly102329040404601.jpg,5.13
barbarissima24249809355.jpg,5.62
29940556@N0716544880609.jpg,6.19
zairakhan26586364455.jpg,5.12
anatyagi6431390508646.jpg,5.46
70226196@N0013821663094.jpg,5.92
59230164@N0719925989594.jpg,5.5
hornbeck13454936593.jpg,6.02
vienois20921121370.jpg,6.47
blaubluebleu24969900951.jpg,5.5
atamano26457189961.jpg,6.42
sarahphotographer2289299704.jpg,5.28
resa1032356744571.jpg,5.92
146004124@N0630885841426.jpg,6.2
133633587@N0622935648031.jpg,6.08
nebojsa-beat26045654292.jpg,5.08
gazman_au26074729406.jpg,5.58
samkigyos30441880676.jpg,5.72
instanthphotography25778132445.jpg,5.74
gammasintesi28784650142.jpg,6.04
ashleecakes4908965390.jpg,5.77
bretpemelton24342167529.jpg,5.6
127269890@N0216118951698.jpg,5.79
cedricdeheyder22207345080.jpg,5.31
142747081@N0527524676801.jpg,5.31
ashleecakes3825996951.jpg,4.83
104815519@N0822877936086.jpg,6.36
129800367@N0829977920461.jpg,6.12
ashleecakes4883852170.jpg,5.71
54224433@N0724109931856.jpg,6.27
bruxellus15298744607.jpg,5.04
barbarissima27237775495.jpg,5.47
hornbeck7978568082.jpg,5.0
atamano25159673569.jpg,5.53
104815519@N0814291834707.jpg,5.53
lauracappelluzzo29119315914.jpg,5.8
andreaschuh22327286224.jpg,5.54
s_inagaki26034732450.jpg,5.76
s_inagaki27135589976.jpg,5.75
antoniogutierrezfotografia26988258145.jpg,5.51
132318259@N0821858095151.jpg,4.01
ucietipa28443666843.jpg,6.63
fabio_petry23417287583.jpg,5.25
andreaschuh21170836904.jpg,6.04
132469086@N0822025477564.jpg,6.17
22903885@N0217019631422.jpg,7.37
andreaschuh22453164451.jpg,6.77
80652848@N0724562050484.jpg,5.78
133631430@N0320040162770.jpg,6.33
raulbar28517297630.jpg,6.41
andreaschuh32524044325.jpg,6.63
90435711@N0221020988458.jpg,6.21
104815519@N0814296016474.jpg,5.81
124247233@N0530435199500.jpg,6.47
espritcrescendo21794393431.jpg,6.75
130797738@N0217641296264.jpg,5.82
136692433@N0330820071533.jpg,6.68
ashleecakes4669155059.jpg,5.7
robwiddowson17771477430.jpg,6.16
andreaschuh30809380376.jpg,6.87
nyoroko7921168314.jpg,6.35
marcinkrawczyk30787228873.jpg,5.61
lorena5922754219137.jpg,6.39
136173715@N0830105858820.jpg,6.83
retratosdelmoedetriana5380827424.jpg,6.03
ashleecakes4427808083.jpg,5.66
roni582018110836005.jpg,6.08
131965867@N0818533048426.jpg,6.64
71449261@N0517205578875.jpg,6.8
135120484@N0626312692581.jpg,6.55
96781984@N0316783413658.jpg,6.75
blaubluebleu27903174253.jpg,5.19
andreaschuh25726208023.jpg,5.79
ashleecakes4219748037.jpg,4.71
52660724@N0525950751981.jpg,6.23
neal10th22822311880.jpg,5.73
135944303@N0723076260020.jpg,5.73
135944303@N0722575382693.jpg,5.75
s_inagaki27304074333.jpg,6.48
bschaefers14640528052.jpg,5.58
52660724@N0525434538223.jpg,5.88
sarahphotographer1537253934.jpg,5.06
paskale-monnom24423538483.jpg,4.81
scottrackers16697002888.jpg,6.72
131021906@N0526459493730.jpg,6.79
s_inagaki27444787363.jpg,5.18
122139148@N0831730513020.jpg,6.6
56782864@N0022250989991.jpg,5.79
derodeolifant27777591711.jpg,6.67
131747179@N0420728522150.jpg,6.18
45257406@N0821142045209.jpg,6.58
135004461@N0623466638006.jpg,5.64
raulbar22677842984.jpg,5.29
alaind7824205545346.jpg,6.55
130766316@N0217013011695.jpg,5.73
meerasch22179514881.jpg,5.41
robwiddowson12722624025.jpg,5.39
justin-time20647994470.jpg,7.33
68009930@N0814417174646.jpg,5.85
104815519@N0814126894486.jpg,6.12
jbernstein89923699622893.jpg,6.52
135243920@N0721326213770.jpg,7.36
hornbeck8777076588.jpg,6.29
max-arbust10959871893.jpg,4.97
joao_cruz_santos15073683901.jpg,6.02
andreaschuh25450527973.jpg,6.86
114270893@N0232086593862.jpg,6.33
129588807@N0819064607552.jpg,6.34
andreaschuh20742235765.jpg,6.75
103607064@N0514074463772.jpg,5.29
andreaschuh24844005872.jpg,5.12
osgpcu26671502633.jpg,6.58
52660724@N0525697762420.jpg,6.48
ashleecakes4686946372.jpg,6.35
135120484@N0625653783544.jpg,7.21
40122107@N0714285792514.jpg,6.04
renate-o16224659222.jpg,6.9
anatyagi6416624632932.jpg,4.46
bryantap7181940133.jpg,6.31
robwiddowson14177340296.jpg,6.02
52660724@N0523913316965.jpg,6.14
ashleecakes4147095487.jpg,6.08
52660724@N0527573460601.jpg,5.77
48141388@N0725968394994.jpg,6.39
_throughthelookingglass_3565407698.jpg,4.83
134081692@N0526840737390.jpg,5.87
runkewitz15690466521.jpg,6.39
112208464@N0421515284629.jpg,6.51
snowghoul28711756216.jpg,5.14
130081596@N0625907778095.jpg,6.25
126330948@N0526844211294.jpg,5.95
s_inagaki27344259783.jpg,6.09
robwiddowson16706148582.jpg,5.5
87304766@N0821381251032.jpg,5.96
124991596@N0614613059047.jpg,4.81
sarahphotographer2102053391.jpg,4.7
27469287@N0726495731886.jpg,6.29
windsorterrorist16288973603.jpg,6.32
106600666@N0520169276683.jpg,5.3
52660724@N0523414774540.jpg,6.53
85314460@N0221995949439.jpg,6.45
133802214@N0618574389428.jpg,5.71
132693563@N0623507446354.jpg,6.22
yaer197622124989922.jpg,6.42
blaubluebleu22913634204.jpg,6.66
s_inagaki24050316883.jpg,4.92
havnfn22606925689.jpg,6.03
dorinser26738412910.jpg,6.47
yaer197621757824660.jpg,6.09
104815519@N0812361792273.jpg,7.09
103607064@N0519384280545.jpg,4.99
95397590@N0314383178315.jpg,5.96
118050174@N0520826569226.jpg,7.55
1010199327903640204.jpg,7.09
124091887@N0421792891955.jpg,7.33
uli_and_ty23905159579.jpg,7.16
52660724@N0525597244023.jpg,7.01
blaubluebleu29651005202.jpg,6.75
52660724@N0526665478935.jpg,6.72
fmayh16205726639.jpg,5.28
teekay189324473308542.jpg,7.34
95397590@N0323245252853.jpg,6.9
hornbeck8512239566.jpg,5.25
vit29225801907803.jpg,6.71
134617990@N0219775623871.jpg,6.85
127525638@N0631449526774.jpg,6.22
127639140@N0417067118648.jpg,7.21
blaubluebleu20707534529.jpg,6.29
123587963@N0719093401845.jpg,5.85
bschaefers16124022411.jpg,5.62
robwiddowson14127248393.jpg,6.27
tomos3313726199743.jpg,6.07
112195644@N0526429819084.jpg,7.25
8brian24569187992.jpg,7.39
faronkee8474245104.jpg,5.74
catiamencacci32506737195.jpg,5.71
ines_maria24560375220.jpg,6.12
108061213@N0714669776942.jpg,7.01
130582221@N0824102774993.jpg,6.35
84935187@N0414944687427.jpg,7.1
blaubluebleu21016167951.jpg,6.3
52660724@N0526331529440.jpg,6.31
dimkon31267431002.jpg,6.25
130582221@N0824028179539.jpg,5.45
gammasintesi28827128762.jpg,6.8
129341276@N0620424667752.jpg,6.92
bschaefers15949179726.jpg,7.19
98882044@N0727390249733.jpg,6.72
138185340@N0526202000996.jpg,7.08
derodeolifant31453660863.jpg,5.69
135944303@N0723459322949.jpg,7.23
okanakgul23617786511.jpg,6.92
agongar37221603268374.jpg,7.33
124080475@N0818571010930.jpg,7.39
77237839@N0315305969524.jpg,7.04
jamesleese3839324381.jpg,7.74
136303471@N0621741795124.jpg,5.61
ric_capucho32144795370.jpg,6.33
valsdarkroom25516046841.jpg,7.56
52660724@N0527233641973.jpg,6.23
sebastian-klopfer22098454645.jpg,7.03
113849019@N0322678513164.jpg,6.61
s_inagaki24621566972.jpg,6.44
joyjordan20141138575.jpg,5.86
132113445@N0226518349236.jpg,6.71
nico-gesualdo14823416439.jpg,6.42
karmaji12115142886.jpg,7.1
debbykwong23593728719.jpg,6.75
138198225@N0729963452684.jpg,6.67
s_inagaki27342816050.jpg,7.29
95397590@N0311777012393.jpg,7.1
vit29226780671005.jpg,6.54
atamano29886264976.jpg,6.48
108061213@N0716487441514.jpg,6.46
geforcean21523411341.jpg,7.54
zuiko1220585774922.jpg,7.48
52660724@N0527858500692.jpg,6.85
125611214@N0715354779490.jpg,6.77
alexarnaoudov22011374379.jpg,7.19
s_inagaki21840168649.jpg,6.25
bschaefers12071601575.jpg,6.49
130582221@N0824286872989.jpg,6.27
ashleecakes4390905126.jpg,5.17
sarahphotographer2654207415.jpg,5.73
sarahphotographer2235723938.jpg,6.25
youtalktome8327578199793.jpg,6.47
wormdog27230706526.jpg,7.46
ghoermann18689905062.jpg,6.83
135944303@N0724006585576.jpg,6.83
andreaschuh32233608715.jpg,7.68
1010199328236622560.jpg,6.91
claireyl8588146782.jpg,6.5
110186192@N0425093834980.jpg,7.35
craig2116850222286.jpg,7.23
draganbrankovic23144874320.jpg,6.85
charxlotte2954158901.jpg,8.06
52660724@N0525619713062.jpg,7.06
joyjordan18267724059.jpg,7.41
juliadelgado18202005550.jpg,7.75
bschaefers12359564404.jpg,7.03
59198619@N0824910870096.jpg,6.38
138185340@N0527374980212.jpg,7.37
bschaefers11840910533.jpg,7.57
100851286@N0813220850853.jpg,7.94
eliza_d15283579568.jpg,7.08
thbahamut23974903680.jpg,7.26
hector_cbs25333984464.jpg,7.14
joyjordan19140072992.jpg,6.46
bschaefers14650395362.jpg,7.92
dougalug200522200215551.jpg,6.26
130992689@N0324211950309.jpg,7.7
106602945@N0531607128713.jpg,7.67
spookyghost122022465413.jpg,7.6
t_j_p31732706025.jpg,7.98
bschaefers31837385390.jpg,7.1
atamano30749915831.jpg,6.12
joyjordan26921075226.jpg,7.55
esintu24487720825.jpg,6.12
t_moore28799899252.jpg,6.71
ric_capucho25424640373.jpg,6.68
1010199328299766463.jpg,7.13
_insomniac9449853796.jpg,8.02
okanakgul25267247470.jpg,6.41
1010199328130023053.jpg,7.57
28449734@N074497683603.jpg,7.32
bschaefers25619853726.jpg,6.59
125201063@N0816180239196.jpg,7.64
tomabenz20405832594.jpg,7.13
29940556@N0726213660383.jpg,8.0
novaseeker15201589348.jpg,6.92
tomos3314244533348.jpg,6.35
justin-time20838580503.jpg,6.87
vit29225875898510.jpg,7.36
nicovigenti23280976686.jpg,6.94
draganbrankovic25976236931.jpg,7.89
karmaji26075395552.jpg,7.89
theopendoor27079979291.jpg,7.26
130030213@N0424836881122.jpg,7.06
newmandrew15799283818.jpg,6.12
ric_capucho24971256445.jpg,7.6
fredflickr24415227600.jpg,7.25
ric_capucho26085486252.jpg,6.0
125201063@N0815277208362.jpg,7.25
130992689@N0324677303111.jpg,7.62
pranaymaheshwari26147148000.jpg,6.56
bschaefers17261334331.jpg,6.45
ahweilungwei21318402296.jpg,5.74
25311728@N0416849870537.jpg,7.86
ashleecakes4607320742.jpg,6.17
gazcreativediver10222336965.jpg,6.68
nicovigenti23143657815.jpg,6.96
52660724@N0526731503744.jpg,7.78
125201063@N0815369913988.jpg,7.38
nicovigenti21921289843.jpg,7.65
125201063@N0815320815765.jpg,6.8
132469086@N0822635126892.jpg,7.73
125201063@N0816216444847.jpg,6.56
bschaefers20726727256.jpg,7.42
ashleecakes5042439919.jpg,5.94
agbgng17218892240.jpg,7.6
roni582031764326360.jpg,7.87
fabio_petry23188608700.jpg,6.73
125201063@N0815368732186.jpg,6.96
97018853@N0814629310569.jpg,7.2
agongar37224329877021.jpg,7.56
hornbeck14440740025.jpg,7.72
126330948@N0519089789771.jpg,7.5
sordie21782066836.jpg,8.12
joyjordan22045397481.jpg,6.52
125201063@N0815848255150.jpg,7.79
132014049@N0428105465312.jpg,7.88
robwiddowson15344081772.jpg,6.89
130525269@N0816229168271.jpg,7.5
fat-freddies-cat16874118382.jpg,7.92
26882566@N022516834406.jpg,7.88
124991596@N0614777444182.jpg,5.86
125201063@N0816004516805.jpg,6.81
52660724@N0524028231814.jpg,7.88
126330948@N0519092972424.jpg,7.06
127097545@N0224214313695.jpg,7.19
135944303@N0723924678562.jpg,7.73
118050174@N0527567091651.jpg,7.64
136960143@N0331532526953.jpg,7.78
135944303@N0723924527462.jpg,7.4
103607064@N0515290881360.jpg,6.7
52660724@N0526549438900.jpg,7.64
28449734@N074369107542.jpg,7.27
altugkarakoc32492757161.jpg,7.67
1010199327237590801.jpg,7.32
1010199327503402692.jpg,6.29
ric_capucho26209391722.jpg,6.87
59020843@N0224639802946.jpg,6.45
vasilikos5404387084.jpg,7.04
135944303@N0723404528324.jpg,7.2
hornbeck8115039482.jpg,8.75
laymon-nichols28533560174.jpg,7.71
marikoen29093139903.jpg,8.11
110186192@N0425152204029.jpg,8.0
gazcreativediver21721210919.jpg,8.66
agongar37224335371615.jpg,8.11
marikoen28290362586.jpg,8.04
altugkarakoc14019184363.jpg,6.42
125201063@N0815105164412.jpg,7.51
1010199329523921043.jpg,8.15
marikoen27598030660.jpg,7.86
marikoen31137642561.jpg,8.67
vivolivido27946025873.jpg,7.89
gazcreativediver32544506606.jpg,8.06
atamano27701203965.jpg,7.79
marikoen27062227531.jpg,8.29
sinched26601447010.jpg,7.75
87044997@N0828183682572.jpg,8.79
guavilab22649706952.jpg,7.37
_aphon_14227366585.jpg,8.41
max_kas14729959655.jpg,7.0
sinched24440011162.jpg,6.57
marikoen32421434725.jpg,8.69
lfsis25814439160.jpg,7.29
135786738@N0731026449104.jpg,7.95
sleepless142220535564.jpg,8.28
sabrou_yves29341468812.jpg,8.07
133148000@N0426347571384.jpg,7.37
90909195@N0518316228116.jpg,8.25
yaer197621475123034.jpg,7.6
tomos3315373547399.jpg,7.61
canonpm16921051301.jpg,8.48
marikoen30582278296.jpg,8.75
bschaefers12497051423.jpg,8.12
99442184@N0317011841717.jpg,7.31
marikoen31492140616.jpg,7.73
marikoen31051361666.jpg,6.92
billdpix15608878173.jpg,8.66
marikoen32399898772.jpg,7.79
eliza_d14635201168.jpg,7.94
1010199331214158172.jpg,7.65
jassimbh19925264243253.jpg,8.66
justin-time16683818890.jpg,8.21
marikoen30161192084.jpg,8.13
eliza_d15108728933.jpg,8.35
1010199330291217672.jpg,8.43
131912989@N0224916776605.jpg,8.31
philocycler27687029154.jpg,8.15
39638504@N0722034096188.jpg,8.2
timelessdepictions19457175146.jpg,7.54
nicovigenti23514151945.jpg,8.43
iaourtofrez19935570159.jpg,6.6
itallosan31144098621.jpg,7.37
marikoen27577643544.jpg,8.0
skeem12516983240277.jpg,8.39
126330948@N0520942310652.jpg,7.46
marikoen30023000305.jpg,8.37
guavilab22757445781.jpg,8.45
marikoen25738157242.jpg,9.01
1010199330898394265.jpg,8.29
125201063@N0815163563870.jpg,8.31
138185340@N0527564515012.jpg,8.41
michael_capo29896653425.jpg,7.4
1010199332255046772.jpg,7.8
fable111831727219914.jpg,8.25
mayra060627632560062.jpg,7.67
130992689@N0323648547380.jpg,7.06
130992689@N0330730435824.jpg,6.75
philocycler17012292870.jpg,7.15
itallosan24196984571.jpg,7.42
justin-time25121792363.jpg,8.96
carlvinken14845591807.jpg,7.64
bschaefers23504514291.jpg,8.2
marikoen32023255291.jpg,8.35
1010199331748052460.jpg,7.67
sordie22035853865.jpg,8.46
124991596@N0614874408113.jpg,7.52
bschaefers23954324329.jpg,8.16
noelvince16160591777.jpg,8.0
eliza_d14035150090.jpg,6.53
130992689@N0324241051540.jpg,8.28
