image,score
k-moriya5569070955.jpg,2.48
wim_kok1315091050.jpg,2.7
hefestus331991148.jpg,2.6
ellekunstlerin4315421666.jpg,1.86
roslol4378552912.jpg,3.36
yewenyi4854960615.jpg,1.48
43293929@N001432556664.jpg,2.49
linsimages2341761750.jpg,2.69
cinnamon__197203540.jpg,2.82
maiataieb1092968300.jpg,2.07
zoomion4483170479.jpg,3.88
vibgyor_the_awesome350891906.jpg,3.35
cyntography3421223135.jpg,2.37
mondomuse3446446350.jpg,3.51
50692001@N085438736430.jpg,1.94
arripay25961301923.jpg,2.74
98104888@N0224300230191.jpg,2.16
jayne_wright4310273980.jpg,2.51
skylover402710977.jpg,3.06
50814175@N055817175719.jpg,3.46
isadocafe65802815.jpg,2.43
paigelynn147971494.jpg,2.36
bstrong282526340.jpg,2.66
yuyulike6392258431.jpg,2.9
finlap551825841.jpg,3.08
catzrule6888826382.jpg,4.28
amsuganya3970394907.jpg,2.43
a-z-f5982694575.jpg,2.77
mbrateng2534954821.jpg,3.0
yohablophotography3379303790.jpg,2.46
25198899@N062482790775.jpg,1.94
tullu2652347571.jpg,3.57
fatima814297245499.jpg,2.0
minouzers411489731.jpg,3.33
lina02104496827372.jpg,3.56
kokebreakadb1431380745.jpg,3.1
manuel-t2513955888.jpg,2.23
aplseed965698518.jpg,2.68
gosiak367187412.jpg,3.14
kampes609101869.jpg,3.0
magdareis2604048787.jpg,2.21
aixcracker78934905.jpg,2.65
fotoric5039099260.jpg,2.02
beautifulrust4232369668.jpg,2.12
domido2302823686.jpg,2.46
mrscurlyhead6836782367.jpg,2.56
imperfeccions2870386257.jpg,2.51
johangustavsson3586827098.jpg,2.9
yuyulike6397582943.jpg,2.17
h4ck3020073741.jpg,3.0
marinilotx3435612349.jpg,2.05
bunnygoth6579427523.jpg,2.02
corey_azza304121092.jpg,2.82
fubuki1267330.jpg,3.25
littleprinceblue2211279917.jpg,3.03
34287392@N064797746677.jpg,2.37
popotito1297438627.jpg,3.31
terriblet2938747593.jpg,3.08
dhammza2885426776.jpg,2.65
fubuki28102012.jpg,3.43
sudergal2222730225.jpg,2.29
auntsue2205414258.jpg,2.42
7279921@N034278748554.jpg,2.58
clairechao4763790677.jpg,3.67
50777853@N076046459533.jpg,2.44
29699153@N073944380882.jpg,3.19
carmemfarina3081716308.jpg,2.17
ilovemuffins3528575269.jpg,2.09
jorgelgazzano2289426578.jpg,2.38
evelynratbad118707375.jpg,2.25
renate50002261563223.jpg,2.54
fwump5410715823.jpg,1.91
34161401@N043213605291.jpg,2.81
dan_harrod563969997.jpg,3.15
minizakura449492505.jpg,3.17
guest_family4114163131.jpg,2.9
davejglaves3637348223.jpg,3.63
dutchnature4372963037.jpg,3.43
12773268@N022429166330.jpg,4.22
oliver_odd27873749685.jpg,2.91
wernerkrause609331020.jpg,3.33
yuyulike6392261031.jpg,3.64
joceykinghorn6636814427.jpg,3.79
adamopal31975553566.jpg,3.35
andymag25725924033.jpg,4.19
misterperturbed7436594232.jpg,3.32
loca-bandoca3022008110.jpg,3.45
octoberblue1513858693.jpg,3.77
nadinard3924953290.jpg,3.72
gescuer7088208341.jpg,3.49
scottszakonyi25057814435.jpg,3.38
ragnak3883172568.jpg,3.39
80641721@N00475573454.jpg,3.69
cordan666624613.jpg,2.63
54738332@N0027456532220.jpg,3.4
paddles3846471957.jpg,3.56
donnaleitch20144074900.jpg,2.65
ladyinpurple4616839764.jpg,4.39
markmuschettphotography3521111931.jpg,3.38
8538040@N0322071628620.jpg,4.62
18761825@N002796674092.jpg,3.12
142173575@N0530338850281.jpg,3.2
45014657@N0424484406401.jpg,4.62
vas_k3591367057.jpg,3.94
citrusparadisi689475890.jpg,2.73
jeannot74860212681.jpg,3.58
dixieroadrash3386126399.jpg,4.27
bigcat14us4130935465.jpg,3.31
fox-pix24216124419.jpg,3.67
macplatti31301225071.jpg,3.12
andyhaines25044653235.jpg,3.77
frazier827544257665.jpg,3.19
mamihenny2833370200.jpg,4.48
96828831@N005138519323.jpg,3.65
yuyulike6392255345.jpg,3.27
chrizzie19792277911116.jpg,2.86
theenmoy8292229315.jpg,4.04
26322131@N083075410472.jpg,4.12
41314913@N086093088666.jpg,4.52
mariaeklind22124508589.jpg,3.61
riffa908620768121.jpg,3.85
hanadi354180334.jpg,4.13
35188534@N006788915580.jpg,5.21
hayashina28347179092.jpg,5.22
life_begins_with_4t4973833973.jpg,4.2
40874027@N0722958958854.jpg,3.96
102589577@N0821550869758.jpg,4.56
sup3rtux6507810581.jpg,3.75
kimbar30313876386.jpg,3.98
84265607@N003520690415.jpg,3.29
sparky407213352121575.jpg,4.75
125784328@N0229640264461.jpg,4.65
49658368@N0014068724803.jpg,3.88
picnikk2328147921.jpg,4.48
97922031@N0516311324482.jpg,3.71
8153468@N042575607449.jpg,4.14
stephenlipton4122111540.jpg,3.78
saudades100024132222573.jpg,3.58
peterscherub4768264382.jpg,4.41
cd-nikon5115007526.jpg,3.98
michael_hamburg20735429796.jpg,4.54
ute_kluge5486305578.jpg,4.05
trimming20082524301350.jpg,4.08
56044478@N0028179589895.jpg,3.39
145756601@N0530905065075.jpg,3.62
17282664@N0325034129875.jpg,4.23
dahlstroms26600240445.jpg,3.49
fotonormann27402602933.jpg,4.02
leenda_k5752697362.jpg,3.61
62935497@N0219968390231.jpg,3.45
128089081@N0421955871312.jpg,3.79
mauriziodefeudis25067923515.jpg,3.55
dreadwear3477176467.jpg,5.11
85701348@N0727710294236.jpg,3.9
daveshiel4474572702.jpg,4.11
burls294946590.jpg,3.75
vlastik374038806.jpg,4.35
leaky_tiki3553576291.jpg,3.46
a_rud_beth2472476813.jpg,3.96
wwwcelinestalnl14258495327.jpg,3.67
stellinam3142499514.jpg,3.69
ecstaticist8020777961.jpg,3.96
91688437@N0723085945704.jpg,3.1
disgruntledbaker22325600181.jpg,4.11
103890477@N0321142754553.jpg,3.12
fubuki322026.jpg,3.56
frcornelissen26558832515.jpg,4.15
denisejc2870940154.jpg,3.88
davidgutierrez5250596293.jpg,5.17
57400018@N0526913559923.jpg,3.67
northernkite14184402851.jpg,3.14
ioan_bacivarov17065046686.jpg,3.64
corneliq4940266791.jpg,4.02
karennfld26129859971.jpg,3.6
siggabv3205529049.jpg,3.77
wild_curl523630631.jpg,4.1
joka20003667885275.jpg,4.04
tonybill22652769752.jpg,3.12
rileybn10555013154.jpg,4.08
sunsward78233223442.jpg,4.13
mihil25311832655.jpg,3.7
aladyx3370591221.jpg,3.46
skylover402710980.jpg,3.49
xtraphoto21806193203.jpg,3.64
gburke63036083687.jpg,4.51
63198253@N048755261282.jpg,4.14
_ilkin_4116879436.jpg,4.47
lucavezzoni425567643.jpg,3.97
43693449@N0523832880033.jpg,4.23
philocycler13637578563.jpg,4.06
andymag26180905591.jpg,3.57
faiteach27678507452.jpg,3.77
pedrolakes8438186419.jpg,3.5
13747655@N062611298814.jpg,3.88
momentsofnow3808815176.jpg,3.51
111100364@N0242548268094.jpg,4.43
13499964@N0329579303875.jpg,3.7
mj-aparicio4324821007.jpg,3.33
97919702@N0326520545914.jpg,3.71
evindl2103019068.jpg,3.41
8525214@N061039396451.jpg,3.23
annemiel878054054.jpg,5.55
73152565@N0027136806100.jpg,4.21
martini_dk261709520.jpg,4.56
purplenoel4317994580.jpg,5.21
kiuko3697692488.jpg,4.71
richard_bradshaw24553940510.jpg,3.97
eamonwalsh13166198795.jpg,3.54
sicilianitaliano2713113869.jpg,3.48
rosemarydanielis20417225181.jpg,4.98
jefvandenhoute4923787160.jpg,5.11
dominique_try521751360.jpg,5.04
vpjsuu8736539590.jpg,5.28
theodevil6357355003.jpg,5.42
68166820@N0814018532436.jpg,3.91
83397006@N058957173740.jpg,5.69
130281844@N0725838580950.jpg,4.37
139249833@N0223860697449.jpg,4.08
stanzim31194157043.jpg,4.13
jeffmoreau23875880313.jpg,4.5
24426690@N082326280167.jpg,4.81
54576605@N0023658125059.jpg,3.45
kalamakia1144128705.jpg,4.83
stefanfricke29990125980.jpg,3.99
104505737@N0827424218025.jpg,4.13
stanzim27557395060.jpg,4.27
argosphotos3739431805.jpg,3.83
18536779@N001391799584.jpg,5.28
uofmtiger34148293473.jpg,4.19
lottasphotos21136194264.jpg,4.54
18761825@N002957898222.jpg,4.04
pega61123459422079.jpg,4.52
annibel6218034391.jpg,3.52
leylagundogan377428186.jpg,5.27
naturea3965706558.jpg,4.81
101694090@N0814565801954.jpg,4.63
mvarga77716068068987.jpg,5.56
quiquecvflickr27388177106.jpg,4.29
brightburn7765931174.jpg,5.42
macnikon1333340030.jpg,5.68
johannesberg24866887532.jpg,5.81
aokcreation20195079872.jpg,3.88
stanzim8235141918.jpg,4.29
oldogs20980819489.jpg,4.38
119726453@N0520762715463.jpg,4.64
blondinrikard22247454996.jpg,3.7
154857205@N0747054792694.jpg,4.63
theilr6933370307.jpg,3.71
trish3467441411.jpg,5.75
124706007@N0524571370532.jpg,4.64
joans_stuff24894543280.jpg,4.56
elizablooms4866297842.jpg,5.02
flutterbye856543112065.jpg,4.9
melodysk537361806.jpg,5.59
kennymuz3397579054.jpg,5.32
donaldsducks22218034652.jpg,5.12
salli3915508714.jpg,4.48
aeriedesign6843571408.jpg,4.79
karennfld13799929284.jpg,4.39
barbaraelaw19630678502.jpg,4.59
conradkuiper23746878469.jpg,5.8
stanzim28332431856.jpg,3.38
margaret_s_sweeny15672491895.jpg,4.49
michael_schoenborn25717461134.jpg,4.14
57529957@N0016668703160.jpg,4.98
129326934@N0218428950958.jpg,5.4
116324769@N0819963567721.jpg,5.21
alfredo11331361078.jpg,5.02
9524771@N0623252346925.jpg,5.11
monceau22970218326.jpg,4.86
pelletierd27533988051.jpg,4.33
jordibrio4567654393.jpg,4.14
raffacama4718073566.jpg,5.18
lookatleannespictures22482410173.jpg,4.61
34121831@N0026121499114.jpg,4.49
145969405@N0632242878895.jpg,3.67
26314150@N0425045566184.jpg,4.72
henry_hemming27238015782.jpg,4.7
79813986@N0225305469493.jpg,3.96
katsrcool23289185170.jpg,5.17
26783226@N044925616449.jpg,3.74
lenlangevin11236781163.jpg,5.27
mountainbooktokyo3653075545.jpg,3.92
kirby86412743481373.jpg,4.05
zedzap6934849210.jpg,5.37
rg69olds24345445565.jpg,5.42
fgconclusion25850549132.jpg,5.3
aozmaqureshi22626534416.jpg,4.88
mickymb2283953796.jpg,4.62
lo8isimages16827195725.jpg,4.79
34733480@N0312755107594.jpg,4.92
kimsundstrom27623793142.jpg,4.23
spwasilla23028699734.jpg,4.54
132102164@N0420187770121.jpg,4.96
barbaraelaw23050447901.jpg,6.08
yuyulike8227770537.jpg,5.6
26314150@N0424679424330.jpg,4.67
deanspic27069998756.jpg,3.99
138515866@N0725923207565.jpg,4.57
paulsmeets25494683455.jpg,5.46
storm-in-arizona3169567193.jpg,4.2
rudymareelphotography31026592000.jpg,5.59
amazugui2035847817.jpg,5.11
kazs230731610077984.jpg,5.28
siliadakis20153149626.jpg,3.79
thesertaysphotoz3362323447.jpg,5.58
56044478@N0024131471551.jpg,4.39
saraforsling14312680693.jpg,4.15
37783959@N0225123069413.jpg,5.01
janeladalma534584335.jpg,4.04
127311540@N0218574550772.jpg,4.72
micha_u27180384956.jpg,5.02
gripspix26351778873.jpg,3.52
109894089@N0321941067506.jpg,4.42
137634553@N0626142667396.jpg,4.83
studiodreamplanet22065087610.jpg,5.77
7392841@N0427361343505.jpg,4.94
elburge12203651795.jpg,3.67
albertvuvukonde14234917125.jpg,5.64
10433743@N066585925617.jpg,5.62
timurilenk524601003.jpg,4.3
woutdee3531524062.jpg,5.28
roland_zink28771964076.jpg,4.38
poppis383990456.jpg,5.1
127159703@N0423177339616.jpg,5.23
145360783@N0629300967413.jpg,3.96
alexander_bihn8428136466.jpg,3.99
rafaelchacon327064818011.jpg,4.74
folcobanfi14170750136.jpg,5.29
chanmelmel19762265015.jpg,5.1
132940734@N0224609687889.jpg,4.83
tartalom4413064853.jpg,4.38
canukka14052100774.jpg,3.65
12453093@N032094732319.jpg,4.77
svjetlost7784298126.jpg,4.44
steveblackdog14448328926.jpg,5.79
der-amaot23788706001.jpg,4.97
sfowlerphotos21613316359.jpg,5.85
flametree23299151011.jpg,4.46
stevedocwra16647757284.jpg,5.52
37354539@N064875721971.jpg,5.71
137587793@N0423800187293.jpg,4.79
flametree21659192550.jpg,4.41
stevehopson8533827197.jpg,5.53
gazman_au18850527452.jpg,4.87
133203622@N0624021667722.jpg,6.04
131718314@N0621283190550.jpg,6.13
mvarga77716893513905.jpg,6.7
83707859@N0810167037546.jpg,5.92
79450590@N0213103483594.jpg,5.33
flametree29740903535.jpg,5.01
12639210@N082453996052.jpg,5.21
104839863@N0216238211097.jpg,5.58
ginaromano2521729918.jpg,5.34
toulousi10507958143.jpg,4.65
44947946@N0620071580809.jpg,4.34
104815519@N0812653650965.jpg,4.99
k1ngfisher_photos9582858917.jpg,4.83
115487115@N0620909965083.jpg,5.54
jae_at_wits_end23092429946.jpg,5.9
photographyfun7120792137985.jpg,5.46
coxee113211130.jpg,5.17
43293929@N001432558802.jpg,5.04
chirles22545857976.jpg,5.04
9524771@N0628674349352.jpg,5.06
chrissie2003247261929.jpg,4.42
nimitnigam14455969897.jpg,5.68
8525214@N062544456123.jpg,4.37
torodd16429598815.jpg,4.95
hotestrinkets4563903862.jpg,5.2
alexarnaoudov8036890637.jpg,5.53
photo_nua26331217121.jpg,5.78
ashikinabdullah3546183386.jpg,5.72
markbradshaw13360145145.jpg,4.11
9140557@N022328425965.jpg,6.14
23179744@N037309424096.jpg,4.61
hilarywho6993052227.jpg,5.21
emranhoque9430614249.jpg,5.23
icyhell2358567357.jpg,4.64
47992465@N078898351369.jpg,4.0
tdlucas500026753699115.jpg,5.21
simplycolleen3303666006.jpg,5.3
112553212@N0220055318304.jpg,5.72
7279921@N035946211234.jpg,5.02
alberbarrera16241244238.jpg,6.12
ja_6016325789470803.jpg,5.38
leuni5374662399.jpg,5.08
lenlangevin24656232395.jpg,4.81
timnoonan8708494748.jpg,4.39
mibby2316434988364.jpg,5.08
sw1273504987202483.jpg,5.73
hammermad13194781335.jpg,6.57
dog_plus_photostream14522284441.jpg,5.03
tomaschaff10489308835.jpg,5.05
65830221@N068036716102.jpg,4.01
bluelunarrose3009460515.jpg,4.04
35154865@N073346335361.jpg,5.0
eberg368165719.jpg,4.16
65848118@N0616674298457.jpg,5.56
129175419@N0328267731236.jpg,4.25
119509436@N0620191303472.jpg,4.99
ohsokoooky2793260060.jpg,5.9
shokbenhsiao23328488782.jpg,5.1
margaret_s_sweeny24024352406.jpg,5.44
sxbaird24207312005.jpg,6.38
moni_bergauf15701012603.jpg,3.94
stellawind13867137373.jpg,4.19
stellawind22418650072.jpg,5.75
yocca2615394529.jpg,5.08
orbed12724758454.jpg,5.59
madcheeper469578339.jpg,5.94
marhowie11730188076.jpg,5.87
jkadavoor4986116858.jpg,5.83
yanoks4819586797819.jpg,5.84
trm4224176595609.jpg,4.23
ppenelope8704118741.jpg,3.92
timmelling18934098139.jpg,4.88
45087092@N003532406083.jpg,4.64
gismaster3359558626.jpg,4.34
theresae3647788094.jpg,5.14
m_theory27081818676.jpg,5.0
112292182@N0224876885733.jpg,5.25
tkclip26916068083.jpg,5.19
130910003@N0816488503570.jpg,6.01
macrto22140308630.jpg,5.53
sunshine-d7327840394.jpg,5.82
creepingvinesimages28042638360.jpg,4.4
flametree20848587110.jpg,5.01
marilynteoh138365054.jpg,4.55
_belial369369515.jpg,4.61
tomraven26665915741.jpg,6.54
phoebemansfield13935412795.jpg,5.98
rikyfotos3777336534.jpg,5.49
pamela_ragazzi5827596019.jpg,5.11
nunoneves25449715563.jpg,4.59
michael_schoenborn25698043734.jpg,4.88
bleunord14967063570.jpg,4.92
9681780@N034530606833.jpg,5.83
99390420@N0217957727576.jpg,4.31
21150995@N0319909588816.jpg,4.92
marciaportess9119084661.jpg,5.32
mamilein4040654336.jpg,4.76
johnnymyrenghenriksen4277779800.jpg,6.67
margaret_s_sweeny26221480972.jpg,5.48
10276215@N0326361565831.jpg,5.15
55873432@N0416016191978.jpg,4.26
morbokat15972753064.jpg,4.89
spitmcgee9696471763.jpg,5.88
ppenelope9378652220.jpg,5.17
91815260@N0021682118169.jpg,5.46
spotteddrum3208403697.jpg,4.88
27241019@N0415594140359.jpg,5.46
morbokat15969888613.jpg,4.78
panweihao8476829031.jpg,4.7
59334510@N059049553232.jpg,5.17
23179744@N033919499139.jpg,4.41
bagdadcafe4281536970.jpg,4.63
stanzim16291319826.jpg,4.72
dave553326405661110.jpg,5.31
doriano-disalvo24245500630.jpg,4.96
stanzim15562256184.jpg,4.29
maskology3993936699.jpg,4.86
144394103@N0831596637023.jpg,4.81
bridgy2008883162061.jpg,4.71
harryshots27841291711.jpg,5.49
walimai14659244384.jpg,4.58
45447707@N006075116353.jpg,5.0
lisa-37-lethen10573556844.jpg,4.18
dog_plus_photostream6878184465.jpg,5.35
tomraven25022386436.jpg,5.31
sciandra7542161252.jpg,5.15
69214385@N0418415755356.jpg,4.46
pewald8742120222.jpg,5.19
131031738@N0821856648503.jpg,4.74
mukumbura3042484605.jpg,5.75
112886684@N0218219362933.jpg,4.71
27241019@N0415160010404.jpg,4.33
healzo5598171625.jpg,5.37
marlo_art14083238222.jpg,5.19
maya_newman103833703.jpg,4.41
its-only-lines22084578022.jpg,5.53
tisdale537901774648.jpg,4.4
o0o00727529418933.jpg,5.75
daren_pics16357462348.jpg,5.02
guglielmo237485980.jpg,5.31
137706713@N0527015414330.jpg,4.61
bob_duck8580772377.jpg,4.99
markdj4757177014.jpg,6.43
70295563@N0020607411839.jpg,5.39
56765158@N0216301944021.jpg,5.21
brian_harris_photography27955179524.jpg,6.23
stellawind16361135806.jpg,5.37
129911704@N0219150846232.jpg,5.81
136681253@N0524239048092.jpg,6.02
janlupus19923951978.jpg,5.86
31878512@N0613607848634.jpg,6.72
63509478@N0815140778584.jpg,4.82
derodeolifant16789771959.jpg,5.05
stellawind16509527546.jpg,5.53
scooter_7224295181735.jpg,5.86
lichtkunstfoto23127500681.jpg,6.54
davidgutierrez2961078287.jpg,6.88
patiblue3586533756.jpg,6.02
rojojam2924237009.jpg,5.18
johnnymyrenghenriksen4160900019.jpg,6.6
49511688@N0416890000830.jpg,6.07
ecstaticist27459961391.jpg,6.4
jkdblg14643827838.jpg,5.88
mkurtel4253846062.jpg,5.51
eye_image4002466453.jpg,5.53
coucou-1927047072851.jpg,5.32
kaanugurlu14124571410.jpg,5.17
stanzim23176815675.jpg,4.96
omygodtom14417335962.jpg,5.83
norm_waldroop29197016124.jpg,5.72
dracorubio6021118439.jpg,6.44
15465292@N0015126840492.jpg,5.1
lushpup3378361417.jpg,5.09
frogmanor380345747.jpg,4.83
cameliatwu6671221191.jpg,5.17
bel0094559132307.jpg,5.88
justfordream1640918633.jpg,5.98
thegoodbrat28994626903.jpg,5.63
jwhanley19405282160.jpg,6.04
kiace7279911986.jpg,4.68
mariola_aga4851108298.jpg,6.5
125100932@N0816897251885.jpg,5.94
irio30835862471.jpg,5.19
ekaterinaalexander129966248634.jpg,4.78
bluehazeg14803899463.jpg,6.07
57707181@N0813162838404.jpg,6.65
poppis522198984.jpg,4.92
ecstaticist20360919893.jpg,5.66
68166820@N0815646726179.jpg,5.25
lindymelendez8050249948.jpg,6.1
doms_paradise1294058750.jpg,6.62
124469446@N0316678971309.jpg,5.58
sunsward713748729495.jpg,6.23
jaytankersley4247155368.jpg,6.92
scooter_7223426038434.jpg,6.33
martinpalmqvist23483419189.jpg,5.65
reed194935730651624.jpg,5.13
fms-sabine181279864.jpg,5.39
strawberry19124772637185.jpg,5.63
jeanniedee26452992411.jpg,5.64
55198400@N0531010607485.jpg,5.04
werner_schnell_images5782296686.jpg,4.92
nightgallery22280647650.jpg,6.02
126232476@N0625312360716.jpg,5.76
derodeolifant29118430391.jpg,4.58
cuppyuppycake14759977964.jpg,6.52
tone-red22162619645.jpg,5.14
45695258@N049220102138.jpg,5.89
j_jyarbrough153315137.jpg,4.67
oloarge26698726606.jpg,5.34
renemollet24172451721.jpg,5.76
14028823@N023700192201.jpg,5.63
jeanettesvensson3481893053.jpg,5.53
its-only-lines15433002806.jpg,6.96
62098348@N026825834241.jpg,5.8
andr3ms16413950238.jpg,4.76
jeffmiller_photography24636845114.jpg,5.51
129581753@N0627440856360.jpg,5.63
losy14448863788.jpg,6.71
xenonbpics455508854.jpg,6.15
stellawind25183080889.jpg,5.19
johnnymyrenghenriksen4167021501.jpg,6.61
nitrok14226620138.jpg,5.8
151652116@N0336746540552.jpg,4.94
hollandfotograaf3788074641.jpg,6.45
leuni6843098748.jpg,4.96
thelmagatuzzo29761045953.jpg,5.12
23179744@N034089548511.jpg,5.27
toorajyousef3135530364.jpg,6.07
90171279@N0021635780314.jpg,5.03
digital_bob28277302984.jpg,5.78
pogspix18088428345.jpg,5.52
wwwcelinestalnl19722726771.jpg,5.39
flametree25556638803.jpg,5.08
camdiary23473463845.jpg,5.21
31343451@N002981226282.jpg,5.71
akirafoto15957859488.jpg,6.39
131746251@N0720469930041.jpg,6.22
swallowtailgardenseeds26387008603.jpg,5.26
100776999@N0323988685820.jpg,5.17
53066200@N0219536353195.jpg,5.7
knarfs127628281883.jpg,6.26
59147565@N0621733659686.jpg,6.85
allhart19785188784.jpg,5.98
84437914@N0730800427344.jpg,6.41
baby72783142275.jpg,5.33
111642264@N0424418336881.jpg,4.93
bmasdeu31301577483.jpg,5.95
19011707@N026935323831.jpg,5.69
uelis2961091884.jpg,6.87
cuppyuppycake14206548061.jpg,5.98
trena5721508275443.jpg,7.04
97377331@N0729296229343.jpg,5.54
edgarjansen32152549902.jpg,5.82
music_magicmoment20349707991.jpg,6.05
104815519@N0814309482799.jpg,5.88
adettara6260314279.jpg,5.33
flametree23609928966.jpg,5.09
21644167@N045150506428.jpg,6.61
sanodi19419440616.jpg,6.47
119726453@N0516616255107.jpg,4.75
brix523988138855.jpg,5.54
gartenzauberer21118270796.jpg,4.88
dlennis404596511.jpg,5.05
jorunns8377782201.jpg,6.54
46610212@N075770802871.jpg,5.58
32658783@N0315371904426.jpg,5.75
dutchnature4330320339.jpg,6.12
eye_image449503988.jpg,6.38
flametree22515599219.jpg,4.92
shannonlite5404546499.jpg,5.38
ricphotography15759825272.jpg,4.61
lellodanna16232015291.jpg,6.31
slavinai2420040655.jpg,6.21
32772931@N039018589772.jpg,6.0
48307767@N0012355559955.jpg,6.47
gwennyma29040368476.jpg,5.23
ritavitafinzi3732539179.jpg,6.77
akirafoto2117946416.jpg,5.29
ecstaticist27129092302.jpg,6.43
132334520@N0330975085111.jpg,4.94
91479976@N0714024602561.jpg,4.87
nycnikonian0072702584427.jpg,6.5
grazerin24833322326.jpg,6.15
merripat22642406491.jpg,7.05
gavinz15017991198.jpg,6.4
doriano-disalvo24458656371.jpg,6.24
gripspix17678388000.jpg,6.09
gfreeman2320962567179.jpg,4.7
j-maxx24362455686.jpg,5.86
thousandwordimages25900000624.jpg,6.13
twan10d7300551440.jpg,6.89
thewaspfactory7424316091150.jpg,6.94
gerstat31170164091.jpg,5.42
maerten20819330443.jpg,4.79
ulliottj26764192974.jpg,6.88
128460291@N0519129851768.jpg,5.54
124706007@N0526141147116.jpg,5.5
thepurpledog103123584286252.jpg,5.55
bagdadcafe7122805363.jpg,6.21
berenos26733972972.jpg,6.89
chrissie200336341242263.jpg,5.52
slawekr4805189029.jpg,6.47
127815298@N0415706573247.jpg,5.36
jaypidee16625138259.jpg,6.7
aokcreation5367348743.jpg,6.82
aycasanflickrcom1063298796.jpg,6.14
bestrated1439772004.jpg,6.44
the-father8645476950.jpg,5.46
diaffi24064206343.jpg,6.44
dz-fotos6393789541.jpg,7.19
martinca3376492118.jpg,5.88
131159122@N0525272061003.jpg,6.12
26077547@N083265885923.jpg,6.21
lemonart14045646373.jpg,6.11
31714338@N0716252059804.jpg,6.0
timnoonan16358366462.jpg,5.71
christine174413928488774.jpg,7.12
alexverweij3421385445.jpg,6.9
sakura-kame1241204108.jpg,6.04
cloughridge2115136867.jpg,5.53
61580017@N0626007723310.jpg,5.67
elcog201023114076106.jpg,6.78
f1426235677996.jpg,5.9
123616369@N0532052470092.jpg,5.92
larry_keller21470366444.jpg,6.28
cluckyjoesphotos20468434850.jpg,5.23
dioskouros116912381317.jpg,6.27
setsuna2512951807.jpg,5.54
jannapham3266612997.jpg,6.38
lallisig3273312755.jpg,7.28
132128284@N0221710876341.jpg,5.96
miaminor6350817985.jpg,5.95
booksin36040400510.jpg,6.33
stanzim6856601661.jpg,5.1
130341559@N0617998289359.jpg,5.67
mjp3000238317788.jpg,6.84
roamer573608267032.jpg,5.93
stellawind16943568835.jpg,7.42
22903885@N0214591314587.jpg,7.35
26230150@N0823745720012.jpg,5.47
7558695@N0527450349655.jpg,5.19
margaret_s_sweeny26103396932.jpg,6.15
rubyg1999413156.jpg,6.54
paulapcda2460200920.jpg,6.75
relayer5960764137.jpg,6.71
kerstinsworldofimages26273422916.jpg,7.0
28412635@N089020277030.jpg,5.42
lpnphotography3086232437.jpg,5.63
100817536@N0524815439353.jpg,6.77
87185102@N008494276689.jpg,6.58
49511688@N0416444074604.jpg,6.03
54277007@N0526942739692.jpg,6.07
hedera_baltica24412580702.jpg,6.22
stevenscott13986559306.jpg,5.56
134385668@N0331766085756.jpg,5.63
128953644@N0225179909909.jpg,6.06
131159122@N0525197737144.jpg,5.57
stehouwerrecio15486719524.jpg,6.25
92666168@N0217101258631.jpg,6.37
sugarbearsteve432305098.jpg,5.52
nozomiwan26608629516.jpg,5.12
30093796@N0722261217305.jpg,6.38
terenceleezy14530586523.jpg,6.7
97377331@N0729770545135.jpg,6.12
margaret_s_sweeny24129614433.jpg,5.05
24001995@N0222483958922.jpg,6.2
dirk_dumont25527995060.jpg,5.79
larry_keller18029549669.jpg,6.27
lalalands18194487424.jpg,5.79
werner_schnell_images5888476888.jpg,6.77
14980862@N0314665717591.jpg,5.79
137425038@N0424049212349.jpg,5.26
jake_paredes22244029565.jpg,6.64
changfamily1686676477043.jpg,6.41
the-father11621183443.jpg,6.69
koolpix_nature14757500333.jpg,6.5
lkiraly7227321082735.jpg,6.19
kamal5028133725030.jpg,6.08
dos_con_mambo16528809309.jpg,5.89
47093873@N0816257152227.jpg,5.55
149012108@N0831299217514.jpg,5.32
webmonk18547924.jpg,5.78
killiduff24883836700.jpg,6.16
43372015@N0231823713704.jpg,6.56
21644167@N045437927802.jpg,7.13
62425933@N046855944162.jpg,6.64
frederic_l3002577888.jpg,7.74
trm4216424240032.jpg,6.46
142266595@N0527457162916.jpg,7.17
hilmar_s29121363272.jpg,5.45
maurocolonna9536406715.jpg,6.21
margaret_s_sweeny26681764185.jpg,6.28
stanzim27451551982.jpg,5.37
michytz3541213717.jpg,6.67
patiblue2882014827.jpg,5.36
39792237@N0220057097062.jpg,6.53
87185102@N0010056482783.jpg,6.65
evakatharina21896042001.jpg,6.51
101362227@N0426964071975.jpg,6.56
lookatleannespictures29347773672.jpg,6.56
barbarissima17390530123.jpg,6.05
celeste5035184264.jpg,6.87
piriya9713166095.jpg,7.37
stanzim21315072214.jpg,5.25
birding4me22408843492.jpg,7.17
tabliniumcarlson24922886753.jpg,6.63
99178087@N0326372725271.jpg,6.51
frau_doktor13579829475.jpg,5.49
44549155@N064779313021.jpg,6.54
lloydich26694441103.jpg,7.21
32658783@N0321229952821.jpg,5.46
cdvdesign15309283626.jpg,6.47
47000103@N058376923272.jpg,7.07
40629145@N0245231172731.jpg,6.57
peste7619328988723.jpg,6.72
85273962@N0520402140119.jpg,5.0
135434384@N0726641419542.jpg,6.04
shannonlite27403325971.jpg,6.12
ninasclicks5207521779.jpg,5.78
andymuir27520313166.jpg,6.93
darek_drapala29371797166.jpg,5.17
138846051@N0431797893711.jpg,6.38
mikeyphillips27939232812.jpg,6.62
27940925@N0715805957485.jpg,6.1
kaimingwong27398025126.jpg,4.46
soniaadammurray24649311756.jpg,5.17
hedera_baltica32507261726.jpg,6.67
bagdadcafe12456210343.jpg,6.37
arvifotoworld32302601491.jpg,6.06
carolyneaton25093488155.jpg,6.04
pelicanpetesphotos17059339052.jpg,6.75
bettyvlasiu20000567966.jpg,7.03
passionfotoshare50892004896.jpg,5.8
4csisters27671269795.jpg,5.89
michytz3417121377.jpg,6.12
philocycler19291487302.jpg,4.8
135230942@N0621744510302.jpg,5.58
daruma2694524432.jpg,6.34
sunyflx45568484509.jpg,6.62
pelicanpetesphotos15429219599.jpg,6.28
79813986@N0226315505742.jpg,6.19
chickadeed3376402098.jpg,6.88
92110231@N0316990369921.jpg,7.06
gerstat7036743087.jpg,6.32
27241019@N0415594808137.jpg,6.34
rapino18550203143.jpg,6.37
wannwannmaru15761854847.jpg,6.05
rochestertee22845928886.jpg,7.24
powerloader10445469853.jpg,6.08
traceytilson3729557384.jpg,6.31
41901122@N003488545152.jpg,5.88
136888758@N0826980915111.jpg,5.79
8709142@N052722545288.jpg,6.21
onsager15525208044.jpg,6.05
99711553@N0716396619373.jpg,6.13
vd196618103673546.jpg,6.17
114781512@N0227503127075.jpg,5.75
132128284@N0223255298965.jpg,5.95
114781512@N0216740308590.jpg,6.29
candy2nd2767786914.jpg,6.17
lara_101222124948228.jpg,6.32
ariflickr15900299400.jpg,7.14
mcraynest17326385925174.jpg,5.34
anthonyserafin3281073328.jpg,6.81
kirschbrunne5403940009.jpg,6.75
barbaralynne30077837864.jpg,6.75
omygodtom27191912511.jpg,5.63
slcook529399822918.jpg,7.48
lushpup4046253986.jpg,6.89
matthiasstiefel26325583140.jpg,5.73
gisou68fr26099152005.jpg,6.11
87127914@N0620320392344.jpg,5.49
hedera_baltica25682010782.jpg,6.29
stellawind20273460204.jpg,6.85
annkelliott25713573401.jpg,6.57
bluespirit201329108315635.jpg,7.14
23502939@N0218909660343.jpg,5.85
jacquelineverdun16981350802.jpg,6.95
138515866@N0727837908721.jpg,6.0
uli-joe26727172495.jpg,6.88
142406855@N0326562287223.jpg,6.6
48695150@N0613212539625.jpg,7.4
hudsonian-godwit24277081024.jpg,7.06
allhart19260622600.jpg,7.03
bridgy20083480064367.jpg,6.88
analukascuk6946249317.jpg,7.46
nanettesol5466082838.jpg,6.72
brian_harris_photography28460770886.jpg,6.48
inspiring_nature27078308670.jpg,7.28
95781742@N0510668433636.jpg,7.48
97922031@N0516079020248.jpg,7.44
39852593@N048814570727.jpg,6.18
rescopt28110459683.jpg,5.83
christie_by_the_river43219729465.jpg,6.88
goodnatureone16925583952.jpg,6.64
gregsbirds31343571261.jpg,6.33
125857418@N0226372471054.jpg,6.25
129524245@N0822424427649.jpg,7.09
komotini4927643096935.jpg,6.74
53477149@N0217118322916.jpg,6.53
96073688@N0627437968291.jpg,6.47
114781512@N0222095428913.jpg,6.2
viv3rai30664143196.jpg,6.74
boxed_fish19913581886.jpg,6.95
67399624@N0424773020302.jpg,6.08
lara_101228112583990.jpg,6.72
133972384@N0423635215903.jpg,7.19
steo7114615194989.jpg,6.64
komotini4918860301152.jpg,6.69
32658783@N0329734201172.jpg,6.22
16678301@N0216806325926.jpg,6.17
charles2500119393557149.jpg,6.9
muzuto2089481138.jpg,6.95
chumlee8094477430.jpg,6.5
fredericgombert30670874786.jpg,6.23
67800849@N0322328408271.jpg,6.5
kenny_barker24037430083.jpg,7.71
annekemaurice29078541343.jpg,6.89
134818193@N0634047290040.jpg,6.17
114781512@N0218346121602.jpg,6.44
91295977@N0623784882043.jpg,7.52
vrocha50017261297281.jpg,5.96
hudsonian-godwit25802669635.jpg,7.62
hugovonschreck26536163125.jpg,5.96
c-s-n23612773153.jpg,6.79
blaisevi14664602378.jpg,7.18
petermurrayimages7289120332.jpg,5.75
aaronmstanley15021435600.jpg,7.3
foxtrail2118438496.jpg,7.54
chiemigau6917233595695.jpg,7.38
gerstat32030368721.jpg,6.79
stanzim8537201568.jpg,6.45
steo7110606082104.jpg,6.77
5rosa127063958563.jpg,6.18
gitpix116832456659.jpg,6.67
gregfoster2984583644.jpg,7.42
charlottz12930349193.jpg,8.2
soniaadammurray20850512736.jpg,7.39
carolyneaton24568230973.jpg,6.97
beatriceverez24553258800.jpg,6.7
37142121@N075969768494.jpg,6.8
pogspix27017340614.jpg,6.57
janlupus14325173599.jpg,6.42
7684055@N0829068594250.jpg,6.96
135174525@N0630998845042.jpg,6.86
114781512@N0220838776935.jpg,6.74
pilou2614724709.jpg,6.65
derodeolifant28066878456.jpg,6.91
chrisotruro16992896033.jpg,6.77
nezihiyavuz19975187504.jpg,6.6
garyhickson30715949886.jpg,6.77
77411963@N0726340808396.jpg,7.36
47193820@N0821784508663.jpg,5.96
milliepa21035958446.jpg,6.61
niek_goossen27583058706.jpg,7.15
101335342@N0427263323444.jpg,6.54
larsenrodney15991463384.jpg,7.33
13505973@N0527518180002.jpg,6.98
124964990@N0326697564610.jpg,6.79
franksworldpics22419410884.jpg,6.79
37254912@N0526852447188.jpg,7.05
margaret_s_sweeny25471481074.jpg,7.06
glendahall22719469599.jpg,7.44
tkclip26529477760.jpg,6.78
anaxit22268349580.jpg,5.84
larry_keller13824865143.jpg,7.33
kjkmep18463032175.jpg,6.39
cuppyuppycake25627448530.jpg,6.62
margaret_s_sweeny26100964860.jpg,7.23
84935187@N0415727640272.jpg,6.29
stellawind23781717896.jpg,7.56
sakura-kame799290221.jpg,5.93
sharonwills21914912943.jpg,7.1
jackdeem22231292204.jpg,7.24
142475862@N0527415087020.jpg,6.21
larry_keller24411931380.jpg,7.3
baby72461611456.jpg,7.55
noflickr2828746268.jpg,6.56
kjkmep13680268453.jpg,7.17
timcamin21318549644.jpg,6.88
chockolina9034177555.jpg,7.51
101362227@N0427996777945.jpg,7.2
mariakallin5008427927.jpg,7.85
rolfnoe18481226010.jpg,6.97
bigbrowneyez30519992202.jpg,6.73
43484355@N078307079348.jpg,7.48
126801428@N0427429203861.jpg,6.1
114781512@N0216717730448.jpg,6.75
ollie_574089321852.jpg,6.17
8525214@N0616801708250.jpg,5.94
132695564@N0417024067089.jpg,7.3
elcog201022359050793.jpg,6.91
jrnikon11470816626.jpg,7.83
omygodtom26585694863.jpg,7.14
fredericgombert30061040361.jpg,7.23
kjkmep21497739804.jpg,7.11
aniao8659757343.jpg,6.87
112292182@N0231652196990.jpg,6.67
asim2373353484884.jpg,7.8
arcisone24625803089.jpg,6.77
35240543@N0216962145788.jpg,7.2
96255730@N0331062824681.jpg,6.48
135719686@N0825719204631.jpg,6.92
adettara3055499575.jpg,7.21
87185102@N0019637484024.jpg,6.75
35303070@N0220412282906.jpg,7.09
111765552@N0228522388213.jpg,7.21
bettyvlasiu26891599532.jpg,6.89
kjkmep18495076769.jpg,7.18
akhombre30151553133.jpg,6.44
omygodtom26873503715.jpg,6.82
jeanmclane29425472632.jpg,7.9
sakura-kame2667812914.jpg,5.99
kimlou58333558430.jpg,7.79
29487672@N0726778533672.jpg,7.19
kjkmep18878896268.jpg,6.52
64534310@N0720013050298.jpg,6.67
bloodybee9194194204.jpg,7.71
wanderingeagles39487602434.jpg,6.95
77274666@N0615512014212.jpg,8.05
jaypidee16793549691.jpg,6.49
darek_drapala25740550162.jpg,6.05
51107398@N0616203335939.jpg,5.69
126801428@N0427402164442.jpg,6.75
114781512@N0217919137333.jpg,7.21
114781512@N0225922092693.jpg,7.28
jrnikon3131500352.jpg,7.71
pearlwinch24505841594.jpg,7.22
114781512@N0222849596707.jpg,6.97
117410045@N0524683047085.jpg,7.05
agrusoft26117140220.jpg,6.87
jer7423933726509.jpg,7.19
carlosarriero31371674671.jpg,7.0
94330142@N0826720432313.jpg,7.33
132128284@N0231299365716.jpg,7.64
baby73270228904.jpg,7.83
danielcheong5665732556.jpg,8.54
eric_121916812350670.jpg,7.21
yasmine-hens35131840182.jpg,7.7
juergengerstmayr11598757545.jpg,7.38
theopendoor18000841185.jpg,6.77
133972384@N0424229524114.jpg,7.91
solidstate1027066333940.jpg,8.03
114781512@N0221639353064.jpg,7.02
22738836@N0828156927805.jpg,7.33
114781512@N0224957347225.jpg,7.28
komotini4914433379994.jpg,7.55
arseniev26619358625.jpg,6.92
8021633@N0419725846946.jpg,7.35
theenmoy17606428869.jpg,7.19
48814374@N006798474454.jpg,7.08
99220291@N0826145203763.jpg,7.12
hudsonian-godwit30655304835.jpg,7.54
adettara3247176790.jpg,6.79
sandythompson27623117660.jpg,7.3
baby71448506516.jpg,8.0
gerstat7048612403.jpg,7.55
thomasbjornstad21837457688.jpg,8.25
imagesofbking25782239725.jpg,7.62
tobi04065478406054.jpg,7.28
nephentes32278478222.jpg,7.13
132695564@N0418714797564.jpg,8.36
alekathomaidou30019500215.jpg,7.62
jenshaggren24669473903.jpg,7.48
120856077@N0625681305405.jpg,8.27
124706007@N0516893090917.jpg,6.96
133008714@N0529057931422.jpg,7.15
137207784@N0426261299373.jpg,6.87
hjuengst27906972900.jpg,7.33
111765552@N0229325329195.jpg,7.37
artsylens3578303283.jpg,7.05
reupa26746275681.jpg,8.05
chantaljacques201230072781024.jpg,7.33
111765552@N0228853854750.jpg,7.4
102617753@N0425710432684.jpg,6.38
23179744@N032918980232.jpg,8.22
fvdvpics27474191880.jpg,7.31
jeanmarieshelton21501637134.jpg,7.05
124587351@N0617554256654.jpg,7.56
134818193@N0627374350922.jpg,6.29
96184602@N0314239705223.jpg,7.44
144427175@N0433849841784.jpg,7.46
brigguslad21370502803.jpg,7.01
114781512@N0217223763661.jpg,7.12
135003343@N0824873312713.jpg,7.13
139939654@N0527846786252.jpg,7.14
125857418@N0224977006086.jpg,6.13
pedrolakes16806874758.jpg,7.12
goodnatureone19465863443.jpg,7.44
142475862@N0527231857404.jpg,6.33
125053471@N0724896017040.jpg,7.67
114781512@N0220405224444.jpg,6.77
jrnikon5252556623.jpg,7.67
buzz_rozwell31527271882.jpg,6.88
gregsbirds31115316800.jpg,7.46
10257132@N0827790472523.jpg,7.21
brigguslad19885311936.jpg,6.63
nanihta20501448502.jpg,7.31
jpescatore26250786323.jpg,7.39
taiebdaniel29274679834.jpg,6.9
nezihiyavuz25941780851.jpg,7.33
omygodtom22118243021.jpg,7.08
120117087@N0826240703314.jpg,7.54
91722814@N0214470834582.jpg,7.65
tone-red24274974640.jpg,7.21
69711006@N0726162773193.jpg,8.54
114781512@N0216547885007.jpg,6.85
129524245@N0829658838680.jpg,7.2
134937053@N0426059714860.jpg,7.73
126232476@N0622162140174.jpg,6.18
100959425@N0821694191530.jpg,7.22
kjkmep16680935634.jpg,6.95
sakura-kame3607480058.jpg,6.71
atilla20085433403430.jpg,6.49
76482139@N0420201453064.jpg,6.71
114781512@N0219942127683.jpg,7.4
komotini4925932207731.jpg,6.82
yasmine-hens35055891690.jpg,7.56
108787585@N0723571121851.jpg,8.11
114781512@N0224734329562.jpg,6.97
nemi196824565761254.jpg,6.56
rpffm5823539156554.jpg,7.84
hudsonian-godwit24460845652.jpg,7.9
kjkmep20720621511.jpg,7.85
danielcheong17013379080.jpg,8.16
ystenes3075038937.jpg,7.38
killiduff29467745135.jpg,7.59
123067606@N0619488987174.jpg,7.96
dorena-wm8540576905.jpg,7.65
kikicchi5067722970.jpg,8.13
7woor4247969970.jpg,7.3
davelsworld29352774184.jpg,8.2
132128284@N0227939631331.jpg,7.16
60878357@N0829143869505.jpg,7.92
qsyed32435734431.jpg,6.94
123916781@N0614026606170.jpg,7.43
sunjinlee21709462891.jpg,7.54
pal19704259879000.jpg,7.19
91729849@N0617340339401.jpg,6.63
132727889@N0424708425590.jpg,7.27
102617753@N0425022021579.jpg,6.69
jenshaggren21364927622.jpg,7.21
116276464@N0524960310783.jpg,7.43
john-pow16562128151.jpg,7.46
michytz3459007426.jpg,8.04
bobbyzny9439825394.jpg,7.15
100477236@N0227330550820.jpg,6.12
114781512@N0225550992623.jpg,7.0
44991205@N038717547499.jpg,7.58
15514374@N0521760039738.jpg,7.25
135716390@N0730073512574.jpg,7.88
abennour082718528157750.jpg,7.63
ania_nyc14012284239.jpg,8.5
gabriel_f_w_koch26195756013.jpg,8.5
95120925@N0827299863814.jpg,9.09
benh12737463684.jpg,9.07
moustafakz25259576421.jpg,7.82
ronjansen_eyeseelight23742943171.jpg,8.78
gazcreativediver19776947069.jpg,8.89
gazcreativediver17176353191.jpg,8.02
jimfromcanada24278344494.jpg,7.65
131963089@N0826109441896.jpg,7.04
rawjrphotography7767667928.jpg,8.65
toddye200024383081531.jpg,7.6
marcusrahm36418667300.jpg,8.66
hakangil28475555284.jpg,8.95
ansomarry18104301683.jpg,7.43
theopendoor26237613273.jpg,7.14
imagesofbking28309885011.jpg,8.21
dfromonteil26146875516.jpg,7.55
56218409@N0314723159222.jpg,7.23
43301211@N0329944233440.jpg,7.76
119959206@N0821937687380.jpg,8.4
charlie-wales22400571064.jpg,8.35
108787585@N0721138197295.jpg,6.96
