image,score
drnoble2392407132.jpg,3.94
gchorus2344414408.jpg,3.71
apo_hearn4202259849.jpg,3.44
riseliao5493580653.jpg,3.14
korafotomorgana4036022917.jpg,3.36
palpicsprints25965867651.jpg,3.58
134488139@N0726691972393.jpg,2.52
apo_hearn4203002504.jpg,3.65
sandman52471708247.jpg,3.2
21386860@N032076880492.jpg,2.71
michytz3216354796.jpg,3.73
richardmorais6236422598.jpg,3.83
scottsharick5571798500.jpg,3.96
111683772@N0226296975916.jpg,3.12
45087092@N00224262529.jpg,2.74
philippe_arpels4601688250.jpg,3.53
sethgaines403469294.jpg,2.62
msrobotica27066710750.jpg,3.75
dresdesign32708104514.jpg,3.66
neonce133716081.jpg,3.85
jonron2392942995906.jpg,2.69
apertur39044765.jpg,3.21
sonoradick28375495623.jpg,3.22
photomajik2190234091.jpg,2.76
xasdrd4121809848.jpg,3.57
msrobotica27271398191.jpg,3.64
bridgink27434570821.jpg,2.76
bolckow3316645565.jpg,3.13
caveman_922234015767982.jpg,3.06
80651083@N0095507739.jpg,3.4
rianetna3103673900.jpg,2.87
tomitheos1094958401.jpg,2.79
46528915@N045672138777.jpg,2.55
plousia348221234.jpg,3.25
bridgink298309207.jpg,3.31
aatc206734506915.jpg,2.97
mattp96994557849.jpg,3.83
skoobie993504253821.jpg,2.96
bridgink28786042180.jpg,2.42
duaneschermerhorn29753080333.jpg,3.04
34065571@N053475963569.jpg,3.41
55681839@N0723789083569.jpg,3.73
80651083@N003234221197.jpg,3.75
ola_er26768700305.jpg,3.4
cdb194126701822875.jpg,3.66
gawnuu5841322549.jpg,4.46
hipgnosis23816532704.jpg,4.07
mlomax137604998250.jpg,3.95
132132449@N0543080296622.jpg,2.98
marie-elises10959149543.jpg,3.0
judyhorton22469288638.jpg,3.87
127850938@N0537359286116.jpg,3.27
145859193@N0531098692064.jpg,4.69
gryffngurl7633286110.jpg,3.89
dr_beaner1394707920.jpg,3.45
malamute0125567707880.jpg,3.95
ton706243148126.jpg,3.75
j_saf40537783725.jpg,3.77
bridgink27407489442.jpg,3.65
125063830@N0639966906400.jpg,4.57
bridgink26362799487.jpg,3.23
124061595@N0324662755435.jpg,4.25
4seasonbackpacking22421706310.jpg,3.44
lakota413754100597.jpg,2.86
colinmayes19257860488.jpg,3.83
bridgink24424831915.jpg,3.22
arawatclicks5685300971.jpg,4.02
ulliottj8012544712.jpg,3.21
141280509@N0226297609525.jpg,4.02
r_topor40307120823.jpg,3.52
96184355@N0716080540114.jpg,4.11
palpicsprints29063248761.jpg,4.12
kelvintrundle42243046320.jpg,4.28
142758656@N0637949664866.jpg,3.52
gyciaras15286813756.jpg,4.25
amagee341369610644.jpg,4.5
scottholcomb30561137583.jpg,3.46
156850858@N0338829302700.jpg,4.12
msrobotica27244228182.jpg,4.08
gspiccies28712616297.jpg,3.77
xenas_images40628935834.jpg,3.01
david_sk624754105310.jpg,4.1
alan-d-photos46006671064.jpg,3.79
paulsimpsonphotography44383290852.jpg,4.12
mako_side_b3895200214.jpg,3.94
bridgink27292792964.jpg,3.61
hargasfunk24075693289.jpg,3.79
agnes19815471612.jpg,3.83
sunraa5899023841.jpg,3.85
pelirail33974306754.jpg,3.19
deslee746306547286.jpg,4.08
pegase197215058994700.jpg,3.48
lands_end46492852255.jpg,3.62
trevmepix22050619586.jpg,3.69
tatterededges26964413468.jpg,3.21
wolf-t42364902062.jpg,3.73
100087202@N0627376463398.jpg,3.2
44387990@N026850132313.jpg,3.6
155725559@N0242195984472.jpg,3.7
dave_kepcove23523649518.jpg,4.47
sniegowski30357000495.jpg,3.32
bridgink37388454346.jpg,3.54
pansequito38942789180.jpg,4.2
167177695@N0746725002744.jpg,3.81
143822150@N0437611399510.jpg,3.25
ruedigerdr33885136748.jpg,3.44
arenamontanus15079924469.jpg,3.56
photo-g-images29157064508.jpg,3.37
agnes19815481882.jpg,3.71
54270613@N0424196048518.jpg,3.21
sergiogoncalvesfotografia21867262654.jpg,3.44
carazimmerman27981191434.jpg,3.68
145448985@N0443541321155.jpg,4.42
58967185@N0747688806921.jpg,4.47
hartlepooltramp28833882417.jpg,3.65
shuvokarim31456061010.jpg,3.96
david_cucalon10088718464.jpg,4.62
davidfmorton22416225635.jpg,4.21
angel2411723073708.jpg,4.77
yeow86503775809.jpg,4.45
yve196415451616115.jpg,4.5
130177560@N0216186688453.jpg,4.44
cnmark5233469949.jpg,4.0
antonyward36843663104.jpg,4.64
f_stop1322282226548.jpg,4.45
dxd37931383116823.jpg,4.5
niggley11008441753.jpg,4.66
flutterby5826504242008.jpg,4.52
sonic18215157882508.jpg,4.74
nppf30235291090.jpg,5.0
kristiancharnick8070441774.jpg,5.24
97577184@N0416214736186.jpg,3.38
lloydich25186258172.jpg,4.9
rtcsarasota15230333855.jpg,4.19
bgdlynch11436512755.jpg,4.31
charlesphotoplace44037664710.jpg,5.28
jeklandwho6116993698.jpg,3.76
satyaki_2325386546733.jpg,3.93
73656123@N0224731322526.jpg,3.94
137915537@N0826677600496.jpg,4.3
vanveenjf22700505745.jpg,5.05
125925942@N0315044842176.jpg,5.1
skynet_043645761325.jpg,4.58
hellosaurav27149155746.jpg,5.19
krsthor16459395554.jpg,4.81
tenkai25802366054.jpg,4.25
craigdwilkinson23365806406.jpg,4.75
pegase197220358217156.jpg,3.71
blueshift1213938169682.jpg,4.08
debatra26096607871.jpg,3.77
rjswa31698361378.jpg,4.48
bridgink9184159897.jpg,4.93
146616292@N0530388879138.jpg,4.28
silkysmoovinson15312691937.jpg,3.78
148209243@N0636845714395.jpg,3.76
jasonteale14513346888.jpg,5.25
king39598046861549.jpg,4.58
lonny5819805900751.jpg,3.99
dana_smith38557521430.jpg,4.46
bridgink27753871647.jpg,3.78
99220921@N0316662592671.jpg,3.54
132711831@N0236868161294.jpg,4.72
24909562@N0637783416511.jpg,4.53
krasnoluckiy10512300973.jpg,4.17
joans_stuff31993699508.jpg,3.79
hayashina26194719440.jpg,3.94
stephenmudge20666968735.jpg,5.17
43906683@N0032972751863.jpg,3.58
viv2999616936214.jpg,4.44
jackcousin43111845591.jpg,4.06
gspiccies45543840541.jpg,4.04
eetuaspl16003399479.jpg,5.07
irawlinson37788356354.jpg,4.32
warbey22853253535.jpg,5.07
blueshift1215699234323.jpg,4.29
31875722@N033941672344.jpg,5.11
shadrags14686635676.jpg,4.64
valter_fuego27323770301.jpg,4.3
salsellen6470937565.jpg,4.38
krisgreenwell16460011599.jpg,5.27
evanjohnson27517436525.jpg,4.99
133538554@N0724337012713.jpg,5.17
malamute0125512492125.jpg,4.17
concep194139915808512.jpg,3.67
pbanaszkiewicz10426001083.jpg,4.23
137639710@N0322658460328.jpg,4.33
rathgeber25236097773.jpg,4.95
cverwaal28572425873.jpg,4.3
34121831@N0018077292658.jpg,4.0
fancithat5398748641.jpg,5.29
bwfutures30500694026.jpg,5.3
16210907@N0623338886162.jpg,4.16
michael_elford25872853613.jpg,4.33
23625145@N086504364437.jpg,5.04
williampowephotography22397328990.jpg,4.17
yinyaphotography12815522555.jpg,4.4
mgvontempske44692082985.jpg,4.11
dmphotouk16649671373.jpg,5.11
studiodxavier41134881570.jpg,4.01
53477149@N027901939920.jpg,4.17
130975032@N0817096929331.jpg,4.35
jonlelacheur15513348949.jpg,4.97
bridgink26362799567.jpg,3.85
59122531@N0843664698435.jpg,4.46
98729077@N0816144317981.jpg,4.55
kev_gregory_general21867542282.jpg,4.61
catchlightsa16953830786.jpg,4.83
sonic18214289935841.jpg,4.69
80651083@N005093611563.jpg,4.93
pier_salvaille19158917254.jpg,4.8
134475218@N0720999227840.jpg,4.54
153922016@N0644340939604.jpg,4.69
10433743@N0631070307251.jpg,4.04
mortenberge12926313445.jpg,4.38
125478792@N0626214721664.jpg,4.17
bridgink38501791240.jpg,4.12
frankkeller35765994213.jpg,3.74
yve196415451260352.jpg,4.77
97845880@N0821473499844.jpg,4.06
143822150@N0437284789395.jpg,4.02
22897666@N0041849330150.jpg,3.85
les_butcher14690211842.jpg,4.33
moz_haps8006286512.jpg,5.0
tristanotierney9554221677.jpg,5.21
colinmayes37090043202.jpg,4.21
37500486@N0822630993987.jpg,5.02
joelrnyc31150068706.jpg,3.98
parismadrid21315116114.jpg,3.55
34655572@N0626929308191.jpg,4.73
barbstur44889712041.jpg,4.03
bridgink6845752986.jpg,4.12
97415316@N0617271117318.jpg,4.06
wolf-t42414885151.jpg,4.9
34655572@N0625677480783.jpg,4.37
gabysmarties0827102125192.jpg,4.48
cubancerveza13726968443.jpg,4.12
bridgink42552260851.jpg,3.58
ian_e_abbott22379679662.jpg,4.39
97845880@N0831218697540.jpg,3.96
axel__8817381615231.jpg,4.2
13607204@N0425242430145.jpg,4.31
dave_kepcove26826512358.jpg,4.8
ancientlives37595679886.jpg,4.38
king39597180008319.jpg,4.71
quietriverphotography22773877073.jpg,4.5
9192444@N0624573268688.jpg,3.5
radicaladventure24396277505.jpg,4.79
terakopian23773572750.jpg,4.74
tdaugaard32286611662.jpg,3.71
156445710@N0544740530314.jpg,4.46
mitch_rees4518430937.jpg,4.87
trek226518418355.jpg,4.9
greenzowie22624088030.jpg,5.02
glamalice33906509344.jpg,4.03
philip_cormack_photography7855621544.jpg,5.17
raiten14831107564.jpg,3.73
vanniels11389148085.jpg,4.57
kamomebird21125086532.jpg,4.1
136398779@N0229379524712.jpg,4.15
81113682@N0315952763234.jpg,3.71
35317829@N0625458670707.jpg,4.45
123637849@N0814870921321.jpg,4.33
sloz694797292645.jpg,4.65
patrick_foto29226840280.jpg,4.98
130817154@N0447085487631.jpg,4.11
rober1000x5421304405.jpg,4.78
storkholm6332663314.jpg,5.05
denniseagles6219607537.jpg,5.15
126109047@N0531037904427.jpg,5.14
tylerbeaulawrence15176643078.jpg,4.56
55681839@N0722798696936.jpg,5.02
worldtowalk26583196925.jpg,4.9
67152797@N036704031397.jpg,4.89
126059117@N0826741554927.jpg,4.46
storkholm6806611418.jpg,4.67
ypchou42353565185.jpg,5.46
theodevil12545554253.jpg,5.43
stuka_art14132476040.jpg,5.38
goran7411736712663.jpg,5.77
63428956@N076716908413.jpg,5.38
25726169@N038979864930.jpg,4.9
d197439951692592.jpg,5.75
villea27241006623.jpg,5.17
bridgink5076311868.jpg,4.48
ctomaro30698927415.jpg,5.13
34121831@N0018505542205.jpg,4.75
johnklos32199327383.jpg,5.8
2slo735835866633.jpg,5.12
eddiemoya13048328244.jpg,5.88
cnmark4695054922.jpg,5.12
little_frank44778244644.jpg,4.25
billjeffries1017470554721.jpg,4.57
larigan6064635360.jpg,4.67
eos-mike38825246421.jpg,4.79
154638334@N0641997937244.jpg,4.75
27281712@N0814828250687.jpg,5.44
35674933@N0336648324031.jpg,5.05
karl_williams6353921643.jpg,5.94
zeeyolqpictures14594196511.jpg,5.31
jerry_lake23152351586.jpg,5.22
crushwind6906377186.jpg,5.9
neilsingapore41423342625.jpg,4.99
o_d_a10672111004.jpg,5.34
jboes7666633852.jpg,5.27
wmauricep30898459972.jpg,4.79
superglou4981198904.jpg,5.1
viv3rai15241986960.jpg,5.05
warrison18250946048.jpg,5.12
djpig918079993318.jpg,5.72
jsleighton14370089693.jpg,4.75
gabi241830002690508.jpg,4.92
marceltuit15032747727.jpg,4.65
65988329@N068125658581.jpg,5.07
58917176@N0016932682368.jpg,4.99
128702929@N0324139871381.jpg,5.63
153927126@N0734272127195.jpg,4.42
marilynfran22650847250.jpg,5.33
bellamontepulciano7024243207.jpg,4.58
50d-ray14569375652.jpg,5.89
146580486@N0531944594545.jpg,5.46
shertila6984815122.jpg,5.5
dhnieman3599570804.jpg,5.74
keithwalker713297149406.jpg,5.47
iankenn12589398853.jpg,5.6
lemmo200937015231120.jpg,4.97
steve__s28102332783.jpg,4.96
torodd12786594235.jpg,4.87
127184668@N0328355330586.jpg,4.15
bridgink32695918905.jpg,4.55
parkaboi7197207202.jpg,4.98
52749884@N0226906082157.jpg,4.77
16640151@N0336372955764.jpg,4.32
101971391@N0526159008530.jpg,5.4
alanmc26666792642.jpg,5.05
tomraven6059022483.jpg,5.25
photo_by_hm25831686802.jpg,5.44
raavi31823134791.jpg,5.94
fotodominic7180679572.jpg,5.21
theodevil13151477763.jpg,5.42
whitto9437449144.jpg,5.1
128561779@N0816353985988.jpg,5.36
coplanar16420689248.jpg,5.55
130635388@N0617017227210.jpg,5.02
128311813@N0730340026304.jpg,5.29
fernando_flora38781858472.jpg,4.71
larisasphoto32512799021.jpg,4.98
129990724@N0315916186313.jpg,5.5
136684645@N0321721895380.jpg,4.63
xigler8436057489.jpg,5.24
79107423@N029311245707.jpg,4.8
140904197@N0542400384044.jpg,5.79
arkiwilfred10531221626.jpg,5.25
91144142@N0826533058499.jpg,5.41
piccies4848027225654.jpg,5.67
ludo110427686504263.jpg,4.68
makeart678683528630.jpg,5.27
mike_carroll22278960831.jpg,4.98
studiodxavier7528515716.jpg,4.98
69107477@N048513805104.jpg,4.88
sandy_leidholdt3390298973.jpg,4.47
makkus199624491433897.jpg,5.76
johnessl8669389208.jpg,5.62
waltmccree24618796862.jpg,5.27
kostamichalopoulos3734803695.jpg,5.55
jodysphotography15163014086.jpg,4.5
andy_hoare40231037162.jpg,4.81
paulsimpsonphotography15875355036.jpg,5.21
132343036@N0718319047520.jpg,4.67
14244318@N064946172109.jpg,5.13
tattoodjay3160684563.jpg,4.52
hathuyanna4445711484.jpg,5.67
arief_rasa15285136121.jpg,5.44
geh-eos60d15331580717.jpg,5.42
nikospetr17361970646.jpg,4.97
bridgink36776022756.jpg,4.42
vribeiro41594191164.jpg,4.55
fernando_flora25193600198.jpg,4.83
rollingspoke11977781984.jpg,5.33
128313556@N0716020043208.jpg,4.33
newsmeback8738403606.jpg,4.29
134284762@N0528170295901.jpg,5.01
98575646@N0516223057819.jpg,4.86
127184668@N0328355328596.jpg,4.79
147897064@N0241115623414.jpg,4.64
nightgallery15615736898.jpg,5.35
16125468@N0515631851354.jpg,4.71
intui-pro14517796954.jpg,4.86
34121831@N0018368215619.jpg,4.47
icedavis15215438152.jpg,4.54
bridgink8498863930.jpg,4.66
100087202@N0639255754660.jpg,4.14
32790955@N036827147876.jpg,5.7
fiftymm9927383188016.jpg,5.65
karennfld31585531128.jpg,5.52
impawangupta21769167968.jpg,5.04
donthomaso8432769174587.jpg,4.48
josbutl19875920934.jpg,4.96
kat-morgan15982723196.jpg,4.78
142980748@N0231236890520.jpg,4.79
carolyn_gifford41819034702.jpg,4.3
81644334@N0615419916317.jpg,4.45
valery_pokotylo41255105404.jpg,4.12
wmauricep25183586451.jpg,5.33
pj_photos_11891958336.jpg,5.17
61459268@N0026665878171.jpg,4.97
domcianci21875021168.jpg,4.42
54434204@N0727379922111.jpg,5.08
mygs2910131338234.jpg,5.56
dcg812940708994.jpg,5.45
cuppini1481761917.jpg,4.83
eustaquio7781330470.jpg,5.67
117546289@N0325597766704.jpg,4.8
patrick_foto24139006005.jpg,5.33
patrick_foto19732465474.jpg,5.58
mgphotos34322745462.jpg,4.55
anderswidlund15589104680.jpg,4.98
yve196415451265292.jpg,5.05
134066021@N0725045061316.jpg,4.5
the_way_i_see15205792483.jpg,5.87
ian196316499535249.jpg,5.19
howiemudge26412467031.jpg,6.13
131072324@N0228387270295.jpg,5.55
notkalvin15446715010.jpg,5.46
109726586@N0813781214413.jpg,5.65
125754019@N0740724896421.jpg,5.46
ladanvii46801577962.jpg,6.2
115816138@N0315114505691.jpg,6.07
darkelfphotography14928308101.jpg,5.86
126901860@N0716344297380.jpg,5.87
acezandeightz45268156182.jpg,5.33
joannarb200916478458574.jpg,5.39
dmeeds21590333235.jpg,5.09
125970141@N0814995440470.jpg,4.52
yuzvir25697576862.jpg,5.77
bridgink12581192605.jpg,5.89
cgoulao2199963598.jpg,5.87
132113445@N0240718254124.jpg,4.69
100841450@N039648386726.jpg,5.36
111582949@N0324370855993.jpg,5.39
johnessl14550286539.jpg,6.24
31246066@N0423731059349.jpg,6.16
theo002316328343441.jpg,6.13
136274308@N0331195343153.jpg,5.4
ollie_577807552264.jpg,5.38
75487768@N0412010562175.jpg,5.88
djwolfman27653804542.jpg,5.42
vribeiro14816216969.jpg,5.59
insungkr21602429378.jpg,5.49
orb_photos11523497833.jpg,5.84
f8inmemphis14307051293.jpg,5.46
marsmith725099505077.jpg,5.46
bel200027485953204.jpg,4.87
jmurphyphotography33292112961.jpg,5.25
simongman5572006267.jpg,4.83
mturnau30127779990.jpg,5.94
studioseiko18340657443.jpg,5.88
128529552@N0443094164984.jpg,4.78
spiderpix25842066357.jpg,6.16
125970141@N0815179041451.jpg,4.65
iangedge29571088900.jpg,5.29
grantbush8078935844.jpg,5.88
marklindstrom13194194363.jpg,5.57
perkster9186506234.jpg,5.99
rumimume24823775900.jpg,4.67
dmeeds27776735946.jpg,5.25
helminadia4488972545.jpg,6.0
146854660@N0230613417483.jpg,5.73
kportin27029359743.jpg,5.46
131468089@N0525958184630.jpg,6.17
peter_tappern14208232076.jpg,6.02
nightgallery7012112757.jpg,6.0
14672929@N028243869739.jpg,4.9
leighkemp40246112383.jpg,5.58
kasa5122075648079.jpg,5.09
126768934@N0522889363342.jpg,5.87
raavi42788721925.jpg,5.93
patrick_foto27366117850.jpg,6.25
rivercrouchwalker26308538541.jpg,5.36
mpk607026422969690.jpg,5.62
9192444@N0637729520574.jpg,5.23
michaelvh30974835898.jpg,4.5
mattiharo19102876034.jpg,5.55
duaneschermerhorn30512468085.jpg,5.28
matthewperryphoto22610284252.jpg,5.88
andyfreer5483430054.jpg,6.2
yeow89032278157.jpg,5.48
127195544@N0315686961674.jpg,4.61
68890801@N0713905673368.jpg,5.72
langedal13401176683.jpg,5.9
68080183@N069017679279.jpg,5.86
brickflash31568225500.jpg,5.22
131597445@N0826617998171.jpg,5.46
simonmayson14038523350.jpg,5.65
bridgink24242410418.jpg,5.04
agustinruiz43058049482.jpg,5.67
gary_w_house21778592550.jpg,5.92
127604308@N0229080031592.jpg,5.58
93476924@N0316045114678.jpg,4.39
suggsy698927858746.jpg,5.96
twan10d14389991029.jpg,6.25
73683441@N0721903809828.jpg,4.9
cougars4276013083.jpg,4.96
fotonormann37365518404.jpg,5.82
97423979@N0021116677149.jpg,5.1
gracetouch44684834171.jpg,5.21
mokastet17811859796.jpg,5.7
kcellat33287278795.jpg,5.86
patrick_foto24644872674.jpg,6.27
shertila19059554733.jpg,5.34
snowdropthemaltese3359608616.jpg,4.85
7812933610022909294713.jpg,5.45
wolf-t42414887471.jpg,5.35
prasanna_gururajan6826346066.jpg,4.58
sitan3215522804079.jpg,6.33
86366716@N0632858229841.jpg,5.6
ekovalev16928595163.jpg,5.0
rochestertee19734776664.jpg,6.12
135654968@N0631338354392.jpg,6.27
grant_r25449291722.jpg,5.76
okiebill2229599533.jpg,5.94
65325721@N0515130274099.jpg,5.12
7433329@N0329286720386.jpg,4.56
smallster6783155899.jpg,5.93
mohdakhter14152959106.jpg,6.06
39527581@N0714720855843.jpg,5.01
reinerstockhausen10167078375.jpg,4.92
83397006@N0511430043143.jpg,4.81
stephanie_bishop25817211912.jpg,4.99
torstenreimer16302452560.jpg,6.04
dillemma30554321873.jpg,5.78
nicko9122045726944122.jpg,5.83
14017876@N0214899072523.jpg,5.08
focuswest10123194224.jpg,4.89
blueocean6411771860714.jpg,5.31
bernai-velarde14891392532.jpg,5.72
nhillis27468295405.jpg,5.44
click1image18851410406.jpg,4.92
nino_ary3803926367.jpg,5.67
18399814@N0714952689310.jpg,4.73
n3ss1315700503969.jpg,4.94
phtn21486981639.jpg,5.03
mgphotos32981018141.jpg,5.25
fotosbyjohnh44490608822.jpg,5.06
nickplee14579511917.jpg,5.75
sheepdoginov821811977925.jpg,5.95
148999511@N0437918377514.jpg,4.6
34544826@N059239245056.jpg,6.05
silverwine17175042514.jpg,5.21
mavix16553667289.jpg,5.78
timdrivas6543773405.jpg,6.28
garciaaphotography14375626521.jpg,5.96
31246066@N0421721905766.jpg,6.12
wjmccourt26189527775.jpg,6.4
147999533@N0847372082282.jpg,6.22
blueocean6422678983206.jpg,5.21
donmillertogo12606481403.jpg,5.29
43997986@N0640121453365.jpg,5.49
13151038@N0211341134575.jpg,5.39
sony_boy14028086118.jpg,6.16
kamomebird26101180933.jpg,5.13
tledoux16127530330.jpg,5.38
craigrobertson2123061047.jpg,6.21
useidler15874753890.jpg,5.54
144007343@N0247286818781.jpg,5.4
fotodominic6895114922.jpg,6.2
yanoks4830339024725.jpg,5.31
146530288@N0626106235507.jpg,5.82
razei3310828565.jpg,5.75
32876450@N0725392626680.jpg,5.91
79688583@N038295145909.jpg,5.67
crziebird19487774089.jpg,5.21
95960973@N0514790798560.jpg,5.63
raavi42565688515.jpg,5.76
david_christie19113770391.jpg,5.0
tim_bilder8054848141.jpg,5.39
53477149@N0214809024213.jpg,5.1
visualideas16794549152.jpg,5.85
mharish44130803385850.jpg,6.21
simpletones47481539411.jpg,5.85
sutanto193142031.jpg,6.4
nightgallery15781064961.jpg,6.23
ulliottj44592955721.jpg,5.16
122135541@N0227378259832.jpg,5.42
cnmark13509398563.jpg,6.17
cheishichiyo16179954411.jpg,5.88
129945817@N0342135801821.jpg,6.25
92637894@N0227015200754.jpg,6.3
angietrenz41797134951.jpg,5.88
belhaven201115997559017.jpg,5.8
alvinharp24238650842.jpg,5.83
jae_at_wits_end25808906652.jpg,6.55
kjkmep16237210845.jpg,6.52
117926606@N0816871418831.jpg,6.5
120052213@N0715348406202.jpg,6.86
m-hruby23895972350.jpg,6.0
hutchslr23318116344.jpg,5.8
toanquach6790582354.jpg,6.24
97088698@N0641047129195.jpg,6.22
wjmccourt25697943984.jpg,6.71
109577680@N0316222188103.jpg,6.38
97526892@N0829956586115.jpg,6.03
160644704@N0541186164155.jpg,6.8
7186423@N0526671715287.jpg,5.8
80651083@N006833552313.jpg,5.81
96705257@N0823651080189.jpg,6.03
mahbubshaheed6785458604.jpg,6.35
nigelblake40582199005.jpg,6.31
112846448@N0333654889348.jpg,6.27
10257132@N0822516390660.jpg,6.27
stelex9421451764.jpg,6.32
mikesimagefactory11065550725.jpg,5.86
krisdelcourte38221967312.jpg,5.64
150999884@N0438436178292.jpg,5.88
duanemoore25891905071.jpg,5.32
112846448@N0329783377360.jpg,5.9
iainmerchant37300918306.jpg,6.33
78412832@N0613016152155.jpg,6.01
133978938@N0320260633463.jpg,6.47
mbphillips46330631095.jpg,5.67
notkalvin32820767013.jpg,5.9
mechielsen32445308376.jpg,5.96
112846448@N0325652556906.jpg,6.38
123454841@N0623848892374.jpg,6.03
7652577@N0541953853470.jpg,5.36
73064996@N088654542591.jpg,6.88
danroto3273817753.jpg,6.12
halkaphoto8619468449.jpg,6.53
notkalvin38638770002.jpg,6.0
mariano-mantel24839016865.jpg,5.83
pjgrillo6949140472.jpg,6.58
stanzim21625671556.jpg,5.39
67183616@N0726459599051.jpg,6.03
paba5547464556841.jpg,5.7
twan10d16426271253.jpg,6.78
carolyneaton9604282537.jpg,5.88
pompeyroy19827106380.jpg,5.89
sueannv23398867572.jpg,6.03
digimages140540540041.jpg,6.21
howiemudge26299708416.jpg,5.83
149427347@N0837825010036.jpg,5.3
dan_cris11704215065.jpg,6.21
25228175@N0824427971592.jpg,6.12
tbrianhager40614745585.jpg,6.0
98029694@N079137253667.jpg,6.35
prashantpanigrahi5268046271.jpg,6.48
54262802@N045490557706.jpg,5.13
talesofaldebaran23836694613.jpg,6.02
125825969@N0234621425855.jpg,6.1
siltybottom15328699228.jpg,5.89
115536588@N0842454034580.jpg,6.03
143663369@N0828739221660.jpg,5.92
61459268@N0046579289005.jpg,6.35
shand196723708537532.jpg,6.58
sharleenchao7169103269.jpg,6.21
kzirkel11938517036.jpg,5.87
tamchurch16150735325.jpg,6.61
34928193@N0625314235147.jpg,6.29
phileveratt46988816284.jpg,5.46
138049839@N0428071848492.jpg,6.58
g0rsty12713386265.jpg,6.21
davidgn18881895443.jpg,7.26
loycehoodphoto15619653608.jpg,6.64
75487768@N0417107825201.jpg,5.46
156603754@N0435604526213.jpg,6.32
cjcater17389348911.jpg,6.54
7524487@N055218867174.jpg,6.03
125825969@N0225845255817.jpg,5.36
83356026@N069492948990.jpg,6.02
saibalkghosh24983043741.jpg,6.42
okiebill2222431236.jpg,6.62
astrid25595693348.jpg,5.8
notkalvin42912998765.jpg,6.13
justsaytheword25571453013.jpg,6.83
missalee28712092957.jpg,6.14
miabid14822244470.jpg,6.36
53161794@N0621945696621.jpg,6.81
133373698@N0827651198890.jpg,6.44
meriwani25352090889.jpg,6.27
brian10427829642239.jpg,5.87
91587530@N0712267770466.jpg,6.11
che-burashka4437848934.jpg,6.23
lashanley34337772986.jpg,6.52
orionsm29455290454.jpg,5.89
kjkmep14214503715.jpg,5.82
128065371@N0824464720010.jpg,5.53
59147565@N068572621804.jpg,6.46
64876509@N0827450620056.jpg,5.38
keith_bowden_photos40804218771.jpg,5.38
eos-mike44130836922.jpg,6.5
127381892@N0318551156310.jpg,6.71
bubblesandsons30378346973.jpg,5.59
120052213@N0716857684285.jpg,5.42
100410892@N0327799874506.jpg,6.12
colinevans31146922983.jpg,7.01
75487768@N0430162567002.jpg,6.3
visualideas43810166881.jpg,6.73
kjkmep26416664716.jpg,5.84
105964048@N0614847367646.jpg,7.38
patrick_foto24022716381.jpg,7.16
16714425@N0440629516975.jpg,6.72
83356026@N0616817646066.jpg,7.14
springfieldhomer14920948467.jpg,6.27
125825969@N0240295609034.jpg,6.3
teekay-726073526452.jpg,6.3
terenceleezy16461984115.jpg,6.2
steves_reflections14332461836.jpg,7.35
poocher733799830788.jpg,5.95
91393867@N0030421878772.jpg,6.11
131952933@N0317428704690.jpg,7.12
robertjack15963700177.jpg,6.54
17469730@N0027806748868.jpg,5.25
orgutcayli175321776.jpg,6.89
12bluros14901891635.jpg,6.04
124650700@N0215436157562.jpg,6.19
bridgink40284693643.jpg,5.88
janliska25811597383.jpg,7.24
136963514@N0223788507405.jpg,6.78
stellawind32770901348.jpg,5.75
drmaan19531341602.jpg,6.3
129518711@N0739304149212.jpg,6.62
87039642@N0026163137684.jpg,7.0
89503623@N0815077800529.jpg,5.53
drasphotography39764678162.jpg,6.75
orikain44976531394.jpg,6.7
branandtan26790311984.jpg,7.08
scribphoto29989772393.jpg,6.36
mikeoria9442864430.jpg,7.08
fredrik_lindedal46853342851.jpg,6.63
magdeburg36234576921.jpg,6.16
nightgallery7845012458.jpg,7.22
48149026@N0316501350869.jpg,7.12
100577824@N0811151362906.jpg,5.85
toniphotos8569767506.jpg,5.92
j-068068-b15234055243.jpg,6.38
carolyneaton15803482117.jpg,6.28
1975chaz43647708525.jpg,6.06
7705074@N062080359147.jpg,7.31
king395925988031444.jpg,6.59
joanneclifford45125919514.jpg,6.78
jfreund123982126856.jpg,7.1
98134327@N0534389527655.jpg,6.13
148411215@N0437085475172.jpg,6.75
kacey-jurgens13515536494.jpg,6.43
kevinpovenz26356353584.jpg,6.35
31693460@N0637405551384.jpg,6.19
pics_by_paula31895217178.jpg,6.56
93476924@N0333032307676.jpg,6.58
g0rsty14698201999.jpg,6.8
138198225@N0739828031285.jpg,7.56
151713437@N0640768573151.jpg,6.67
50566514@N0212204047265.jpg,6.55
12bluros14548808359.jpg,6.13
jakobsson21385011989.jpg,6.88
jpicks17066401916.jpg,5.95
20966211@N0316526490438.jpg,7.18
sawtoothphoto26956151076.jpg,7.35
bazrichardson33903429123.jpg,6.26
skynoir4843257395.jpg,7.03
aaamsss36521380240.jpg,6.39
peaceful-jp-scenery45134630921.jpg,6.51
nigdawphotography33231632618.jpg,6.66
julesnene31484536402.jpg,6.98
43452481@N0214088018605.jpg,6.54
jpleo15817338580.jpg,6.33
tomkitty8506333953.jpg,6.27
herdie16264155724.jpg,6.88
patrick_foto24202932384.jpg,7.36
lemonart31286060272.jpg,6.79
wut_wuttichai23893332955.jpg,7.42
smiller99932136393644.jpg,5.43
ircx14445220865.jpg,6.78
jrcrespinphoto14208342050.jpg,6.94
bridgink40036099941.jpg,5.45
simonyemane13965682736.jpg,6.77
130565695@N0734587559544.jpg,6.39
26034413@N0426076992921.jpg,7.0
16714425@N0431371813204.jpg,6.62
131335514@N0627631909171.jpg,6.85
robintaylor-photography32110694196.jpg,6.48
125567240@N0226546831960.jpg,6.45
trevorreoch16360342831.jpg,6.72
79003050@N0523459900403.jpg,6.14
bmdphotography-scotland30626410262.jpg,6.08
50d-ray11642104353.jpg,7.15
ulliottj27720500269.jpg,6.61
creative_capture_photography15725819733.jpg,6.3
akabolla21943976993.jpg,7.02
weetrees15409473097.jpg,7.08
133247072@N0331030875156.jpg,6.58
wgabri3l26525354131.jpg,7.12
traylorphotography45577987601.jpg,6.39
ralphstewart37310590872.jpg,6.25
11232613@N0426585912629.jpg,6.62
95819788@N0216438974373.jpg,6.17
jswanstrom18938119606.jpg,6.54
trevorreoch17211083576.jpg,6.27
96211389@N0330939506204.jpg,7.13
mrfurrylover21883842239.jpg,6.79
fins10911625536.jpg,5.67
dustinholmes31890851384.jpg,6.52
132591563@N0233886947088.jpg,6.31
61553956@N0529149425678.jpg,5.47
22693036@N0527295571095.jpg,6.96
adam_swaine44028626081.jpg,6.55
mauricesundermann13948039532.jpg,7.51
akirafoto15177672055.jpg,6.88
34068123@N077147517609.jpg,7.0
cirrus40922944374454.jpg,7.03
davidshield4395451521.jpg,7.03
jannes_shootings38553277655.jpg,6.78
75487768@N0441645368901.jpg,6.98
40000382@N0819004131889.jpg,6.8
kev_gregory_general37135419553.jpg,6.38
robintaylor-photography30477900184.jpg,6.97
113179544@N0415865822322.jpg,6.63
bipulmattaphotography17220373991.jpg,6.28
128031587@N0835053370023.jpg,6.96
68788264@N0226048068335.jpg,6.17
kaozmediaphotography16627176714.jpg,7.5
rgcxyz3530482565996.jpg,6.7
jamica119021228648.jpg,5.86
dimaruss3417519029204.jpg,6.12
mucahitcetin26544614477.jpg,5.33
ericlicen12658469045.jpg,6.42
jarvie194924233652205.jpg,7.54
125761169@N0619834999390.jpg,6.94
128403622@N0530324466005.jpg,6.67
61822831@N0630612898307.jpg,7.05
kjkmep29393856393.jpg,7.05
22298775@N0545788064532.jpg,7.42
eustaquio36024512765.jpg,7.04
ecstaticist2706038119.jpg,7.53
abrideu-sets38183494331.jpg,6.54
technodean200024281242601.jpg,7.15
jbg0600331320684895.jpg,6.75
132887508@N0722276596965.jpg,6.95
micky_b32883587808.jpg,7.1
loriwhelan27480732991.jpg,6.71
26034413@N0425870471380.jpg,7.42
stelay14450518878.jpg,7.12
jchowaniec37993729451.jpg,6.42
bel200026959999071.jpg,7.28
ricardcooper5136772171.jpg,7.45
gregoryrohan30336059130.jpg,6.89
20966211@N0314204799513.jpg,7.73
bfkphotography16845533331.jpg,7.14
131918353@N0522519912187.jpg,6.37
damail6175398330.jpg,7.96
kiminguyen43165249282.jpg,7.34
65839294@N0330700730888.jpg,7.54
jeremybarton8539799703.jpg,6.98
rvrossel33542951142.jpg,7.14
89328412@N0245538689971.jpg,7.23
30590207@N0238529150354.jpg,7.45
dancewhiletherecordspins12029085536.jpg,7.77
denniskuh189634787513716.jpg,6.89
62001028@N0712706773893.jpg,7.0
mariano-mantel37666751692.jpg,6.62
tony70924346234274.jpg,7.14
terry_frederic27822679415.jpg,7.66
psychasec8539730539.jpg,7.46
henk-meijer5633532041.jpg,7.29
pentlandpirate39561509231.jpg,7.25
126408818@N0340220280795.jpg,6.84
primatologist25262248199.jpg,6.51
marioaprea46923252755.jpg,6.93
54576605@N0041273279572.jpg,7.08
darrylspictures19094657848.jpg,6.94
danielcoyle24233423267.jpg,7.46
137322455@N0842585982690.jpg,7.53
98723310@N0421433106034.jpg,6.92
adam_swaine38228923266.jpg,7.13
princessapea23267860951.jpg,7.02
boingyman11670350204.jpg,7.44
91178725@N0538132041544.jpg,7.37
ronmayhewphoto22774629783.jpg,6.71
davids_leicas40374339172.jpg,6.49
enricocel820303875880.jpg,6.94
dustinholmes32580536492.jpg,6.81
parsy724460482090.jpg,7.41
jannerboy6224045550069.jpg,7.38
86659476@N0724582264658.jpg,6.11
152071985@N0438510578790.jpg,5.67
blueminds15811519626.jpg,7.17
125293801@N0714673829467.jpg,6.93
65681991@N0331182027811.jpg,7.87
photominer7103236235.jpg,7.14
30616966@N0821929027809.jpg,7.42
sergeramelli30448708785.jpg,7.84
adventure16004726705.jpg,6.74
peterwhysall8687542989.jpg,6.98
96705257@N0825615184040.jpg,6.88
pete3703814112778205.jpg,7.67
stevebabb12618498763.jpg,7.63
117546289@N0330209938827.jpg,7.25
johnessl17085927732.jpg,7.56
yury-prokopenko5384062420.jpg,7.83
jessebergphotography9340068640.jpg,6.29
blasaure6415289709.jpg,6.94
38319563@N0742529514390.jpg,6.64
66527298@N0439588528054.jpg,6.73
lndtrigg15278682497.jpg,6.5
marcellimbeek31152940163.jpg,7.3
98231673@N0646296690785.jpg,7.45
beautyhunter_pengcheng39440285332.jpg,6.42
jan55inaa21854462854.jpg,6.89
154097575@N0742783561485.jpg,6.83
fineartphotoshots33442814671.jpg,6.56
andrewpwatson13913356721.jpg,7.38
mathewroberts12249821114.jpg,7.12
zen3d44798946302.jpg,7.23
splendidwhat30118042310.jpg,7.46
3sidesphotography24166079946.jpg,7.13
colinsd4045674037214.jpg,7.1
adventure23264511391.jpg,7.17
walkingdust25528032418.jpg,6.98
126465970@N0346864809745.jpg,7.39
caledonia0940547362144.jpg,7.69
155586639@N0342441252014.jpg,6.73
jpn5391147468.jpg,7.7
127381892@N0324265910944.jpg,7.75
10257132@N0836335995716.jpg,7.15
yasmine-hens47394291632.jpg,6.39
suggsy6911753759965.jpg,7.31
ponomarevsergey10571629953.jpg,7.47
dougiew11773601624.jpg,7.98
sandy_leidholdt19320199029.jpg,6.71
katsrcool41623603865.jpg,6.52
tim-rt-photography16497849179.jpg,7.04
154550833@N0440550689033.jpg,6.96
75487768@N0416600890555.jpg,6.71
christie_by_the_river25906309911.jpg,6.5
capturesintime46642719725.jpg,7.35
talesofaldebaran24381063451.jpg,7.38
beaurogers15901373872.jpg,7.29
117320393@N0430633924723.jpg,8.5
nicolamastrandrea23177746816.jpg,7.83
100202255@N0830470274796.jpg,7.67
dolanp43817767950.jpg,7.19
113022052@N0424302762659.jpg,7.14
k70vision14803255166.jpg,7.53
73155612@N0415488596399.jpg,8.01
98426722@N0516480070788.jpg,7.88
ianrwmccracken40855565085.jpg,7.54
katsrcool35494838530.jpg,7.82
fantommst17079216796.jpg,7.75
croydonclicker44223399925.jpg,7.47
ralphstewart36852400020.jpg,7.14
gbsimages15958166071.jpg,7.87
bridgink30594074148.jpg,7.12
85314460@N0242912043865.jpg,7.73
127182619@N0835574853220.jpg,7.4
john-pow13133474475.jpg,7.19
54904770@N0437230012102.jpg,7.25
taj5529191718652.jpg,6.94
pixellesley39463785232.jpg,8.32
holfo34429200315.jpg,7.82
rober1000x13126366303.jpg,8.07
ajg_steyning29565943173.jpg,7.48
sunsward711987485463.jpg,7.7
christie_by_the_river37687147502.jpg,7.35
marcos_jerlich28693278436.jpg,7.33
domingo_lorente30965733782.jpg,7.31
62425933@N0442338068930.jpg,6.72
131850249@N0434139044854.jpg,7.52
50264123@N0040061979150.jpg,7.61
georgeplakides14205232184.jpg,7.57
elenovela42555754495.jpg,7.77
ljsilver7111863011916.jpg,8.25
carolyneaton15457319204.jpg,7.51
91210007@N0623673461053.jpg,7.56
developingnowphotography14877308402.jpg,6.99
neilsingapore12322255395.jpg,7.86
kjkmep30437647608.jpg,7.25
andymcwatters18739994421.jpg,7.75
ekidreki21473967355.jpg,7.69
stevenkemp16601593482.jpg,7.12
bart_rick23230995732.jpg,6.88
12355559@N0334362252376.jpg,7.78
carolyneaton27582583102.jpg,7.3
90024104@N0831952824682.jpg,7.96
goldenorfe11999757275.jpg,8.16
33134647@N0737645811630.jpg,7.21
snowyturner41366563301.jpg,7.71
135984351@N0721481536600.jpg,7.95
kvse-pics32699367543.jpg,7.22
jojo2fast13336558323.jpg,6.8
fotosynthe-erfurt26901772253.jpg,8.12
129588807@N0816906624010.jpg,7.05
datja514316703166.jpg,7.62
basetree16847712300.jpg,7.79
christie_by_the_river37277923496.jpg,7.52
images-twiston31577854035.jpg,7.62
61253223@N0047274472441.jpg,7.23
117320393@N0444017994814.jpg,8.45
115336494@N0514004414409.jpg,7.73
126824608@N0729075254222.jpg,7.5
102717418@N0323429488320.jpg,7.3
96705257@N0837797047776.jpg,7.06
mariano-mantel43783422082.jpg,8.12
terrencechua44397878165.jpg,7.62
134951300@N0525905607102.jpg,7.35
36994074@N0416288656344.jpg,7.64
brookeipse27932747960.jpg,6.86
davidfeld44776534290.jpg,6.91
antonismigomis26811263840.jpg,7.87
roblucas30820822088.jpg,7.53
45960275@N0531636960725.jpg,7.65
141720825@N0432554211156.jpg,7.21
kvse-pics33821042498.jpg,7.69
123895834@N0826743040680.jpg,7.07
stecyk15372982065.jpg,8.0
guidogavazzi42297110665.jpg,7.15
147625938@N0233085322676.jpg,7.3
132103689@N0320053001282.jpg,7.62
50094405@N0414577537995.jpg,7.8
georgeplakides14068044158.jpg,7.48
117320393@N0438312266614.jpg,8.43
andystones6429848463147.jpg,7.6
gigiwallace44014896164.jpg,7.15
glennpye26934672574.jpg,7.04
124417772@N0329294676141.jpg,7.97
ralphrozema15524798369.jpg,7.95
galmarciphotos41973828931.jpg,7.26
120052213@N0720704923418.jpg,8.35
ramstylepictures35893647815.jpg,7.71
jchowaniec39374891075.jpg,7.81
leeharrisimages26182659317.jpg,7.55
26156338@N0738520054254.jpg,7.98
walkingdust36297512671.jpg,7.46
aleadam21711438260.jpg,7.85
jvain9834890383.jpg,7.83
croydonclicker40190086615.jpg,7.87
yasmine-hens24608085777.jpg,7.6
77818539@N0817755641629.jpg,7.12
26230150@N0816880424545.jpg,7.4
mariano-mantel24035865987.jpg,7.12
afoort46879928734.jpg,8.16
98844125@N0429495471520.jpg,7.41
reupa37951259811.jpg,8.27
reupa31708300007.jpg,7.64
jae_at_wits_end35177936323.jpg,8.04
kenny_barker7821551128.jpg,8.4
157332296@N0745278524221.jpg,7.75
doug-lamb37727586025.jpg,7.48
134378250@N0536183009482.jpg,8.24
2slo736389740191.jpg,7.88
20966211@N0321345543493.jpg,8.28
yasmine-hens41100585812.jpg,8.04
121807987@N0837598760000.jpg,7.99
garywalters17043182019.jpg,8.66
justsaytheword25901229200.jpg,8.72
luxuriel16300046607.jpg,7.78
basetree11376102896.jpg,8.53
simmiereagor44909378082.jpg,8.25
113022052@N0425050224344.jpg,8.31
ramstylepictures27385666032.jpg,8.75
uprightkangaroo21494742792.jpg,7.71
uprightkangaroo21306257210.jpg,7.6
tclaud44940042934.jpg,8.42
12355559@N0325928805995.jpg,7.43
138316927@N0224262655370.jpg,8.21
159544363@N0432229474998.jpg,7.75
24958117@N0716033144471.jpg,7.28
132454635@N0820443598656.jpg,8.38
65509607@N0835148887704.jpg,7.72
94265950@N0525302819292.jpg,8.23
uprightkangaroo25472842801.jpg,8.89
boingyman8481091926.jpg,8.21
kevin137walker26766254114.jpg,8.58
jackeastlake43173939052.jpg,8.42
33786947@N0637533115622.jpg,8.81
jackeastlake43132203485.jpg,8.47
107395095@N0729861606648.jpg,8.28
98509042@N0516919856391.jpg,7.6
robertdownie23287943480.jpg,7.88
143340395@N0529444792724.jpg,7.96
130497974@N0219472033521.jpg,8.56
angelodriano16356367287.jpg,8.44
ordjuret20459484142.jpg,8.09
149012108@N0840969358504.jpg,8.64
vampire-carmen17005437336.jpg,8.21
65509607@N0847765678211.jpg,8.16
islambouli17357055213.jpg,8.03
grjimages31228988931.jpg,8.09
georgeplakides14090995305.jpg,8.62
useidler17168027651.jpg,7.44
timothysallenphotos46854383141.jpg,8.05
159544363@N0442869254790.jpg,7.47
piersmathias44253952315.jpg,8.03
158466534@N0439956537402.jpg,7.25
125045416@N0723689590002.jpg,6.58
96174632@N0228590123903.jpg,7.54
sandradannphotography25455900413.jpg,8.46
piersmathias42793058690.jpg,7.84
anathemus28752113458.jpg,8.73
65509607@N0840799490293.jpg,7.87
davidmarriottsydney26372530083.jpg,8.09
uprightkangaroo17278946522.jpg,7.9
carolyneaton9562372956.jpg,8.56
brandonsphoto24408705025.jpg,7.71
112125470@N0332416634916.jpg,7.98
kikomeinkater45550288912.jpg,8.09
135716390@N0729143755231.jpg,8.28
georgeplakides14202050151.jpg,8.71
124634549@N0437749451474.jpg,7.77
through_urizen42567544025.jpg,7.95
122601413@N0716910554288.jpg,8.11
130408998@N0227300951607.jpg,7.79
kptripathi14931809129.jpg,8.54
