image,score
majorclanger3231568799.jpg,3.08
58777216@N065606583240.jpg,2.16
fou3332235393198.jpg,2.33
digefxgrp4922073482.jpg,3.87
objectfox359925415.jpg,2.1
iankmitchell349794308.jpg,3.15
irena_k3525670905.jpg,2.24
tmashphotos5044388337.jpg,2.5
probasti4682438708.jpg,3.1
ricmcarthur286791181.jpg,2.39
springfieldhomer3996030767.jpg,2.69
jimbanana2262119609.jpg,2.58
28429309@N063491459653.jpg,2.24
saabrobz6888994670.jpg,2.35
39772828@N035502801909.jpg,2.15
sheldn4507320561.jpg,2.57
39772828@N035985910333.jpg,2.38
back_roads_photography3452919685.jpg,2.4
39772828@N035829522023.jpg,2.24
brownrc4443938697.jpg,2.45
alisoncatherinehein4513866364.jpg,1.93
born2basnapper4670751865.jpg,3.02
r-erixon3369718883.jpg,3.03
daveseven5146765500.jpg,2.54
roadsidepictures603768307.jpg,2.4
eastbtm2753494244.jpg,2.46
98712881@N002472520395.jpg,2.09
born2basnapper4671366952.jpg,2.39
born2basnapper4670747465.jpg,2.83
homer----simpson4287917804.jpg,2.35
calianssevan4174474767.jpg,3.02
markfaviell4991087871.jpg,3.04
sarah_leander2189669469.jpg,3.6
starwonderimage5225849227.jpg,2.19
39772828@N035882677355.jpg,2.17
78428166@N00280670273.jpg,2.58
captin_nod5672342338.jpg,2.44
cessna152towser2542125130.jpg,2.51
neilcart5955684256.jpg,2.58
39772828@N035406909150.jpg,2.01
sheldn4526327387.jpg,3.01
39772828@N035911009378.jpg,2.56
karmadesigner1402715170.jpg,2.26
eridony4788150148.jpg,2.38
cheryl_hill277407631.jpg,2.52
beaured344316647198.jpg,3.22
39772828@N036007291442.jpg,2.0
49401850@N075935298580.jpg,2.71
wiktorski4621285566.jpg,2.54
redhead102369505637.jpg,2.31
robsen3013224153.jpg,2.4
homer----simpson4287176133.jpg,2.38
87351621@N00315736427.jpg,2.73
glenhsparky4168769016.jpg,2.64
natashaonthetractor4231613554.jpg,2.42
21480420@N035891105637.jpg,2.67
crazyglue73698844.jpg,2.13
sjb52578259256.jpg,2.93
jmilo20116565622381.jpg,2.28
daveseven4836120014.jpg,2.31
39772828@N034314991041.jpg,2.25
smackos2618723146.jpg,3.77
36599408@N023963568567.jpg,2.35
s_almosawi3016077839.jpg,3.98
born2basnapper4671359110.jpg,2.81
nora-al-f2480174374.jpg,2.38
cricri19735887423193.jpg,2.68
jimbanana2430641655.jpg,4.2
ozan_d2706638294.jpg,3.19
born2basnapper4670739043.jpg,2.42
sjb4photos3305667588.jpg,3.0
worthingwanderer5344013540.jpg,2.2
21006070@N00297599225.jpg,2.42
battlewagon396054400.jpg,2.29
mazdamiata2865789698.jpg,2.45
peg_goodwin234317076.jpg,2.38
sinecan2197174215.jpg,2.21
dspillanephotos3447589767.jpg,2.77
timothywells064373660289.jpg,2.65
susan_w2811958181.jpg,2.27
therealdevildoll5963253052.jpg,2.59
39901348@N034033227134.jpg,2.81
39901348@N033769984188.jpg,2.12
er4erftwetwfgwert3wtrg4et6586459135.jpg,2.83
theartfulbadger2650865588.jpg,3.71
awphot4743025930.jpg,3.96
libertinus324803370.jpg,2.4
alswuaidi2159708904.jpg,2.24
born2basnapper4670754759.jpg,2.13
alswuaidi532208781.jpg,2.5
born2basnapper4670753423.jpg,2.46
theveiledchamber3381562188.jpg,2.29
steffe2239847028.jpg,2.77
born2basnapper4670736495.jpg,2.76
imo3763832094.jpg,3.15
isadoreberg3378898374.jpg,2.52
39772828@N035518966934.jpg,2.35
hengbok-nikita899871671.jpg,3.46
39772828@N035518375803.jpg,2.3
mazdamiata3414906699.jpg,2.13
30157359@N035187123178.jpg,3.3
sepiabillo4546634066.jpg,3.09
raforrest6948200068.jpg,2.29
boo663254601320.jpg,3.07
37919862@N043487568086.jpg,2.99
archgionni2148832359.jpg,2.5
68737936@N002181923155.jpg,2.5
collingwood34196007330854.jpg,3.65
33080709@N086925989349.jpg,2.6
consay25262739765.jpg,4.5
speedin5959838007.jpg,3.37
8068415@N03532072635.jpg,2.99
wyojones6415121875.jpg,2.8
mans_pic3451826687.jpg,4.21
sangi13-cars5981608951.jpg,4.3
666philly3671420516.jpg,4.12
sniderscion2818412384.jpg,3.13
photoacumen5193420543.jpg,3.96
lenaburina28398832141.jpg,2.66
famous_rashs4196674659.jpg,2.94
qanik22876103699.jpg,4.71
ironrodart4445279635.jpg,3.35
shaundickinson6090240386.jpg,3.58
sheldn4506876396.jpg,3.58
sirod476889043925.jpg,2.76
37414352@N025984394068.jpg,3.35
wadebrooks4231689601.jpg,2.8
yugo_lada22807978107.jpg,3.69
kerstingu23666910834.jpg,4.3
hanauer23715933203.jpg,4.61
sjb4photos21427003228.jpg,4.1
afarmer25801559144.jpg,4.18
140310375@N0735435559915.jpg,4.83
127311540@N0217204132786.jpg,4.53
silversolo29709442206.jpg,4.86
93349399@N0846373824662.jpg,4.72
maskology36895338810.jpg,4.43
stevehanley25438282727.jpg,5.1
natali_antonovich16965670366.jpg,4.01
116029933@N0234499350976.jpg,3.79
jeffrey-balfus42522465441.jpg,5.62
consay42325885220.jpg,4.23
carsten-weigel45572251051.jpg,4.14
faisalalhasan3997110675.jpg,4.33
migraciontotal24187651905.jpg,3.4
114781512@N0220589653162.jpg,3.65
9361089@N0835160832996.jpg,3.31
image_editor28418481353.jpg,5.23
19leergut4614539149398.jpg,3.3
tompatto34202837434.jpg,3.29
leifvidar26021510802.jpg,3.75
hariripro46950551521.jpg,4.33
142042027@N0327407499703.jpg,3.62
wadeimages34181926196.jpg,3.88
91992261@N0826057088242.jpg,3.56
cedraw40512882520.jpg,4.72
rick_olsen32839335357.jpg,4.4
alex-photobox13432988714.jpg,3.67
55777341@N0037707346654.jpg,3.52
131597445@N0836231518934.jpg,3.59
mark_owens35125601895.jpg,3.89
califgal32916800033.jpg,3.25
116029933@N0226847056832.jpg,4.04
sjb4photos31404606870.jpg,4.63
123634576@N0624172977312.jpg,3.56
126433814@N0424168937219.jpg,3.66
129252757@N0529425222960.jpg,3.54
55777341@N0028690122398.jpg,3.73
dwarrington32307099105.jpg,3.81
tucsontec28966751575.jpg,3.74
84058540@N0618499546689.jpg,2.8
55777341@N0039853253611.jpg,3.77
156788202@N0242871973881.jpg,3.5
dinjaphoto30734805401.jpg,3.83
jeansinclair132863314932.jpg,4.63
sternfeld28281869019.jpg,4.98
duaneschermerhorn41795891142.jpg,4.32
einheriar24539768230.jpg,3.92
152224654@N0437588089160.jpg,3.4
manxnorton34285571830.jpg,4.66
29233640@N0731972334482.jpg,4.14
toddevans20163682211.jpg,4.79
jonasdm19642245074.jpg,4.46
thelastdon39226949814.jpg,4.08
163259275@N0729527186908.jpg,4.36
alexedg31585606416.jpg,3.85
69doodle36023697463.jpg,4.36
chris_j_w23579926238.jpg,4.1
48149026@N0329999455677.jpg,4.69
pluto66526410176644.jpg,4.13
patriciapinzan33156472721.jpg,4.49
130881643@N0436958476232.jpg,5.04
jmvnoos2628104246.jpg,4.75
alanpope34103115794.jpg,4.35
jneentertainment19664221486.jpg,3.97
thelastdon44263160594.jpg,3.68
dimaruss3420302720295.jpg,3.7
betterwithbikes30104487767.jpg,5.42
mechanicman8728219551911.jpg,4.21
rh_photographic_art21493656939.jpg,4.85
113071084@N0221072280331.jpg,4.58
jae_at_wits_end39996012222.jpg,4.55
wmauricep44844759882.jpg,4.71
aloma-anderson30980114416.jpg,4.02
olivierfaugeras31795405898.jpg,4.31
126757219@N0337376363250.jpg,3.75
125409181@N0319343773902.jpg,4.5
dimaruss3419681729403.jpg,3.92
saltwood6742131792550.jpg,4.21
r_punto36599321843.jpg,3.67
brian10433251760145.jpg,4.69
132751760@N0541009155650.jpg,3.9
mechanicman8731405988516.jpg,4.42
natali_antonovich15744069871.jpg,4.31
jason8703044219919331.jpg,3.79
natali_antonovich19485860614.jpg,4.08
montana195745345652651.jpg,5.66
27844439@N0525218770275.jpg,3.99
147773926@N0342371336890.jpg,3.73
69doodle36051862344.jpg,4.58
ray29rus14658833496.jpg,4.24
viv3rai19866838442.jpg,5.05
gerjanvdzwaag22695055443.jpg,5.18
jms228754528068.jpg,5.55
enniovanzan26787140833.jpg,3.93
56910304@N0438299984721.jpg,4.41
abbigailmay27925675155.jpg,3.6
tvis5866443282.jpg,4.72
jeffs_shots30715214217.jpg,4.78
26641488@N0746754170854.jpg,4.38
lschiz-photography47845170021.jpg,4.36
mechanicman8743254175625.jpg,3.85
dimagine29362924995.jpg,5.5
88198496@N0426171256319.jpg,3.77
piscesromance2862618637.jpg,5.29
paddyspig36650319956.jpg,4.11
148527705@N0335227680866.jpg,4.64
12463666@N0329822844988.jpg,4.73
113071084@N0221926405879.jpg,3.95
40874027@N0727935414909.jpg,5.14
mechanicman8731140465890.jpg,4.35
araik_kratos24661882345.jpg,4.63
dbrueggemann27563961131.jpg,4.67
nistphoto26978909176.jpg,3.44
149341401@N0433858055870.jpg,4.88
45162732@N0336981214496.jpg,4.54
nistphoto27252311950.jpg,4.21
larutte3112592211.jpg,4.13
29487672@N0737387832962.jpg,4.56
130881643@N0436293517294.jpg,4.11
163259275@N0728721918107.jpg,4.12
jrpix4u46938974374.jpg,3.52
paulsimpsonphotography30078714537.jpg,5.62
thelastdon25174886258.jpg,4.27
97737300@N0326474256906.jpg,4.65
98531702@N0528304684253.jpg,4.31
natali_antonovich22234162964.jpg,3.95
natali_antonovich20869703991.jpg,3.98
bassbro32464255432.jpg,4.83
27844439@N0537232856816.jpg,4.28
151089709@N0825002126208.jpg,4.5
andyflood38280797251.jpg,5.09
rodrigopacheco8028811372497.jpg,4.67
jrpix4u33230904328.jpg,4.58
123634576@N0637025133775.jpg,4.25
98694300@N0235182794571.jpg,4.97
101260769@N0539346294310.jpg,4.58
memfisnet29986173270.jpg,5.23
79003050@N0522410036055.jpg,4.5
8482746@N0732988676794.jpg,3.65
rickwillis23038392396.jpg,4.76
jkunzephotos43064071782.jpg,3.96
ray29rus14495170530.jpg,3.89
ivandragopl14707726797.jpg,3.71
jmh4926032140975.jpg,4.75
ausmc_photo28947967365.jpg,3.99
joeyz5124734940176.jpg,5.14
jae_at_wits_end26149366098.jpg,4.78
840410128824298518.jpg,4.63
129404113@N0823375561714.jpg,4.92
163259275@N0742517109715.jpg,4.93
mc_flegmatisch33514988446.jpg,3.88
55777341@N0029284681294.jpg,3.94
113071084@N0217172628808.jpg,4.05
obsessivephotography24301253961.jpg,4.4
87959883@N0225087415652.jpg,3.87
pato_8240992076772.jpg,3.57
113071084@N0233295992705.jpg,4.54
23688072@N0641020237831.jpg,4.35
joeyz5114818456071.jpg,4.79
mrphilmy38936630642.jpg,4.75
oldpondphotography26264457709.jpg,4.49
askjellr37197272302.jpg,4.21
dmp19599542734632.jpg,4.23
kamomebird26624390177.jpg,4.05
supersimon6921137168133.jpg,5.52
peterkok25896663893.jpg,4.53
grenzeloos118517110495.jpg,4.5
97737300@N0326407808452.jpg,5.06
163259275@N0729233436057.jpg,4.67
135586771@N0232089180161.jpg,4.69
69933194@N0841922790401.jpg,4.75
natali_antonovich26527409736.jpg,4.62
nintheu47334959852.jpg,5.87
mhampshire25347811228.jpg,5.18
93187349@N0738464698954.jpg,4.48
raulito398411188512.jpg,5.19
163259275@N0741589475840.jpg,4.63
92637894@N0234958721631.jpg,5.52
dpsager31034651490.jpg,5.46
113071084@N0217135665740.jpg,4.74
meniscuslens27177245341.jpg,5.17
130077449@N0431599475862.jpg,4.41
163878161@N0533948128288.jpg,5.09
picture2day27262638637.jpg,4.75
notorioustwm17719894570.jpg,4.97
128262950@N0633976320628.jpg,4.82
58327945@N0725808423730.jpg,4.69
collargoll1042721451.jpg,5.74
133898690@N0734469463273.jpg,5.05
guygoetzinger37231356762.jpg,4.8
jae_at_wits_end41925850625.jpg,5.28
simpleman00742575179122.jpg,4.51
urbexetorbi36262525864.jpg,5.01
11542476@N0528669394307.jpg,4.57
dred70725673167043.jpg,5.26
29233640@N0742040002825.jpg,4.99
148035666@N0624637689638.jpg,5.55
thelastdon24436743537.jpg,4.77
kazempson44305535812.jpg,4.17
wakyakyamn30687395705.jpg,4.2
163259275@N0744122799762.jpg,5.21
zeeyolqpictures33460895045.jpg,6.46
parismadrid22003348869.jpg,5.0
152187868@N0841680249892.jpg,5.17
smallritual25374185229.jpg,4.06
natali_antonovich25001353280.jpg,4.83
43537433@N0240176781250.jpg,4.53
aureliozen47477225961.jpg,4.67
7207296@N0437132378193.jpg,4.5
155941724@N0741271523834.jpg,5.06
145069445@N0732108610650.jpg,4.16
jneentertainment19503790349.jpg,4.31
142618598@N0833420368080.jpg,4.06
149666154@N0539895662420.jpg,5.39
jta195033046678120.jpg,5.61
momoshome29211871727.jpg,4.73
riot_photographie38803847461.jpg,5.22
rogerwasley43112816041.jpg,4.62
189943066@N0451300953514.jpg,5.0
11542476@N0528605561267.jpg,4.22
163259275@N0743411730132.jpg,5.36
luisguest44470701145.jpg,5.31
135924873@N0246924870685.jpg,6.15
danthephotos40159270134.jpg,5.69
913street37415359320.jpg,5.21
113071084@N0225387427596.jpg,4.83
philadelphiafiretrucks30980017145.jpg,4.54
113071084@N0220848898016.jpg,4.97
113071084@N0224314663096.jpg,4.8
113071084@N0226070601954.jpg,4.74
29487672@N0742242266780.jpg,4.94
raminn30880848055.jpg,4.67
38426812@N0528819654494.jpg,6.26
martyr_6730255944250.jpg,4.64
natali_antonovich24514325784.jpg,4.85
56462773@N078581250859.jpg,5.27
96579667@N0539775156885.jpg,4.73
weickmann33966759694.jpg,4.92
nistphoto26610094304.jpg,4.88
blazingpictures40126780260.jpg,4.28
113071084@N0222255113103.jpg,5.13
janpelz27421533325.jpg,5.95
baldmike201234805020545.jpg,5.17
79003050@N0535241911955.jpg,4.5
128262950@N0616711864325.jpg,5.35
mechanicman8746149448135.jpg,4.61
48680568@N0522620919014.jpg,5.69
boroslevi44931600291.jpg,4.3
96972102@N0027282291955.jpg,4.86
pdamsten29511621501.jpg,5.82
913street43205336334.jpg,5.74
mlehmann30308752418.jpg,4.74
gderekh28821217514.jpg,4.5
mechanicman8734752622725.jpg,4.9
germanlissy220733473660268.jpg,4.6
jaf_photo14665009731.jpg,5.54
kjkmep41186890675.jpg,5.22
askjellr36972887800.jpg,4.83
152301035@N0535203029234.jpg,4.21
glenn_donnelly39954484813.jpg,5.98
mrmean26051813944.jpg,4.41
113071084@N0223937101120.jpg,4.38
nickerwin44592888291.jpg,4.71
9550033@N0434575191116.jpg,5.02
natali_antonovich19688531433.jpg,5.02
95141069@N0734484705344.jpg,4.97
catmacbride39849104512.jpg,4.85
kldcott19878231014.jpg,4.61
142618598@N0833463944150.jpg,3.88
137702593@N0326231204466.jpg,6.25
boudewijn_vermeulen30265453592.jpg,5.7
jodymiller28439364071.jpg,5.03
maciejdakowicz5785663031.jpg,5.04
113071084@N0221656312689.jpg,4.55
ancora_marina30948300500.jpg,5.49
askjellr36516891664.jpg,4.73
129111081@N0619378244694.jpg,5.28
mgaylard46801658311.jpg,5.0
10711447@N0517963741928.jpg,5.94
93892755@N0236541257343.jpg,4.96
monty195830237686321.jpg,5.31
tucsontec19606348024.jpg,4.91
thelastdon33670755462.jpg,4.56
jneentertainment21929237842.jpg,4.14
ralf_krause15851304687.jpg,5.19
76619182@N0716408258034.jpg,4.31
askjellr37372025795.jpg,5.31
michaelvh39171020271.jpg,5.19
essaitlr271217673070784.jpg,4.22
bertdebruin5524810273218.jpg,5.25
nzpix44013834795.jpg,4.3
fishmonger4528125983134.jpg,4.78
mrmean26599321823.jpg,4.38
martinbaertges40713204443.jpg,4.97
dpsager46172490884.jpg,4.87
lesxanes237363287872.jpg,4.42
29487672@N0730472170701.jpg,5.06
jackal142058096114.jpg,4.96
iangrieveson17021574910.jpg,4.86
jrpix4u33233297928.jpg,4.67
84058540@N0617681851553.jpg,3.79
mrmean39312218044.jpg,5.11
126680757@N0446494207815.jpg,4.58
134154923@N0835069714263.jpg,4.28
97553804@N0026793115327.jpg,4.34
jta195041309111310.jpg,4.97
stevehanley33528554356.jpg,4.65
dimaruss3420141941808.jpg,4.61
pjl_images20147995835.jpg,5.99
no_words_no_sounds36094375403.jpg,5.63
podsiljak28859350610.jpg,4.79
stevecorey37054450470.jpg,5.15
javierpalaciosprieto32053553723.jpg,5.64
127610270@N0527832682349.jpg,4.32
78313354@N0041068253284.jpg,5.05
76966681@N0244765724710.jpg,5.57
mrphilmy30921067118.jpg,5.36
obsessivephotography36982718402.jpg,4.57
163259275@N0741876376210.jpg,5.16
mechanicman8732953311052.jpg,4.29
thomas_98227521965835.jpg,5.4
mrcleen34270078744.jpg,5.94
93172893@N0638243961241.jpg,5.08
b4yk1d516150351440.jpg,5.49
sabinche38577609715.jpg,5.14
131180988@N0229972240980.jpg,5.48
jneentertainment19479533020.jpg,4.26
95141069@N0738749834081.jpg,4.77
jneentertainment19732201250.jpg,4.41
123829584@N0717575810028.jpg,5.48
142100325@N0432594518782.jpg,5.08
robert_smrekar32339071935.jpg,5.96
107533498@N0830325899882.jpg,4.24
bpprice33729609715.jpg,4.47
natali_antonovich20869665341.jpg,5.19
11542476@N0543080624132.jpg,4.25
lucylucypa10344785924.jpg,5.75
141729331@N0540553419614.jpg,4.15
jrpix4u40141382113.jpg,4.47
real_tokyo41612550841.jpg,4.71
montana195734153037244.jpg,5.75
7207296@N0439733103791.jpg,5.37
askjellr37369773615.jpg,4.92
exoticcarlvr2233827774796.jpg,4.86
jordansalkin21855408810.jpg,4.95
117359033@N0423744818440.jpg,5.06
29487672@N0720201464154.jpg,5.24
squarequilter33470266771.jpg,4.16
piscesromance2984850748.jpg,5.28
okular_dus45071987272.jpg,5.5
mc_flegmatisch38666924774.jpg,4.3
134154923@N0836878340922.jpg,4.51
148527705@N0334433844073.jpg,5.22
thelastdon23092539909.jpg,5.04
63847423@N0338668544360.jpg,4.7
98140507@N0835212677111.jpg,5.22
nistphoto28009412376.jpg,5.15
mark_owens30791562496.jpg,4.68
ben_akers37733165792.jpg,4.3
52320199@N076476255913.jpg,5.81
stockcarpete30814185147.jpg,5.29
24842486@N0723183909666.jpg,5.11
124336322@N0421756372213.jpg,4.54
17367470@N0527908976935.jpg,4.69
7207296@N0428934250636.jpg,4.08
fatimargd42311316752.jpg,4.12
132103689@N0321376150524.jpg,4.54
gillesmeunier47483290691.jpg,5.28
121039294@N0528857583834.jpg,5.29
askjellr37178935496.jpg,4.67
petrolhead965319065851.jpg,4.97
flores__paisagens28614201913.jpg,4.7
29487672@N0727854895749.jpg,5.22
giannafou31428057234.jpg,5.24
jamesburke-35818155602.jpg,5.37
harleypilot27478359331.jpg,5.83
mirko-borgmann28037613845.jpg,5.83
7207296@N0427657715539.jpg,4.74
14390880@N0336064407475.jpg,4.81
113071084@N0222815646412.jpg,4.63
sternfeld32539510027.jpg,5.57
jrpix4u47056240172.jpg,4.55
nannaferguson29543155506.jpg,5.59
thelastdon33742046674.jpg,5.04
curt400039450750805.jpg,5.41
daveseargeant42864252885.jpg,4.73
alanpope20798532451.jpg,5.02
klikiti_klik44338447911.jpg,5.12
skitmeister21063401231.jpg,4.29
natali_antonovich23082616676.jpg,5.52
113942472@N0414788092107.jpg,6.27
148396902@N0727806937708.jpg,5.84
eugeng_32302596582.jpg,6.02
slx_image30732267738.jpg,6.01
12420780@N0829834303254.jpg,5.27
er4erftwetwfgwert3wtrg4et6262890199.jpg,4.69
croquembouche7636364834956.jpg,6.05
26311572@N0832854510127.jpg,4.77
29487672@N0731214349575.jpg,5.62
carazimmerman45928241022.jpg,4.95
javajoba36425938494.jpg,5.7
43465371@N0530814985891.jpg,5.5
catklein14462987540.jpg,5.46
zeh_hah_es38492713612.jpg,5.61
askjellr36517977724.jpg,5.75
jrpix4u47015600272.jpg,4.78
americanmuscle_de28886570597.jpg,6.61
natali_antonovich29357058125.jpg,5.06
7652577@N0534833926050.jpg,5.13
93172893@N0641113406995.jpg,5.89
yanit28013497167.jpg,5.62
111205974@N0420886376858.jpg,5.62
mauro-arango14601614941.jpg,4.72
natali_antonovich21951570141.jpg,5.07
s11aun41432588462.jpg,4.99
29487672@N0724818967827.jpg,5.91
askjellr37194822522.jpg,5.8
hiway7737231774961.jpg,5.36
sdup33450350478.jpg,6.0
93850525@N0241613318915.jpg,5.39
lumenscript26526688109.jpg,5.25
rgb90025016585115.jpg,5.72
128942871@N0436682651502.jpg,4.94
yonatanavni16124219788.jpg,5.97
87569089@N0647401800201.jpg,5.5
145247863@N0842664557930.jpg,4.59
29487672@N0728207437592.jpg,4.8
thelastdon41239165365.jpg,5.78
vaneenkrantgevouwenmuts21439641665.jpg,5.04
84058540@N0618850001231.jpg,4.69
zachsdame32657794382.jpg,4.96
84058540@N0618821038646.jpg,6.02
tucsontec28799755445.jpg,6.22
kada19905033865224.jpg,5.55
montana195734309582123.jpg,6.2
maskology34859540800.jpg,6.58
n5fk30237607925.jpg,5.13
24848163@N0841010145895.jpg,4.61
159291500@N0343601693542.jpg,5.7
84058540@N0618298594822.jpg,4.73
111205974@N0421043803229.jpg,5.12
marthaander41161696890.jpg,5.46
128262950@N0626831971550.jpg,5.25
kariya26279327205.jpg,5.33
63847423@N0334185042806.jpg,5.29
29487672@N0726018192250.jpg,5.35
solidstate1037736132776.jpg,4.94
cfaobam21521494278.jpg,5.82
29487672@N0723119448956.jpg,5.99
hiway7735947423983.jpg,5.1
nistphoto28804872492.jpg,5.67
128262950@N0646937343145.jpg,5.27
mrcleen23559662651.jpg,6.21
rh_photographic_art32883036870.jpg,5.09
130407090@N0332475964050.jpg,4.97
monochrom-stream38961133450.jpg,5.99
frostbricks37044499352.jpg,5.42
mechanicman8743800596380.jpg,4.94
148035666@N0638485233831.jpg,5.67
147910513@N0636070364154.jpg,4.68
aloma-anderson23398253982.jpg,5.62
algalb_al7ano0on3705347697.jpg,6.46
29487672@N0743972525492.jpg,5.85
29487672@N0729843447693.jpg,5.04
134154923@N0842304096330.jpg,5.52
cheryl300130212670346.jpg,4.87
132647108@N0544061365784.jpg,6.17
mamamia6526005618854.jpg,4.86
thelastdon44181420382.jpg,5.04
smallrf41440938135.jpg,4.75
withsimone20139528169.jpg,4.72
pegmoans40080557924.jpg,5.51
beyondspeedphotography43242289624.jpg,5.64
reedingram6812791399.jpg,7.21
natali_antonovich34312568231.jpg,5.5
askjellr37370557985.jpg,5.51
beyondspeedphotography26077462580.jpg,5.02
fgenoher14194147325.jpg,5.12
111205974@N0419428358408.jpg,6.17
imaxes_da_vida40057578360.jpg,5.51
29487672@N0731419214050.jpg,5.13
71001724@N0028012297865.jpg,4.52
16714425@N0443595306420.jpg,6.12
reecegarsidephotography24047944034.jpg,5.63
107533498@N0830325902332.jpg,4.92
sguet15721162542.jpg,4.61
113071084@N0227590518092.jpg,5.3
134275473@N0429348178423.jpg,4.45
mechanicman8746566117162.jpg,5.1
100029011@N0417200344592.jpg,6.16
97423979@N0017648639614.jpg,4.79
e-strella21070318026.jpg,5.63
78747203@N0825107920947.jpg,5.29
askjellr36517446684.jpg,5.22
lestropie16848152696.jpg,5.19
dikin45088933822.jpg,5.47
84058540@N0618298595152.jpg,4.99
dimaruss3419761611413.jpg,5.25
10121122@N0531653946263.jpg,5.04
142171772@N0641663851575.jpg,5.75
alanpope21232498251.jpg,4.86
j3tourshongkong30927278535.jpg,4.97
120353713@N0544459838451.jpg,4.92
gulfanaferophotography26326652265.jpg,4.97
hiway7739671678074.jpg,6.05
84058540@N0618116272849.jpg,5.18
reecegarsidephotography21632388956.jpg,4.8
93892755@N0239309607902.jpg,5.58
jmenj28052379706.jpg,4.79
mrmean26941094700.jpg,4.92
tweetiekins15204078746.jpg,5.88
84058540@N0618842164362.jpg,5.86
j3tourshongkong42117799495.jpg,5.04
jessesee-myworldofcars16182682848.jpg,4.99
rickwillis23867295169.jpg,5.75
29487672@N0721110282939.jpg,5.73
34125818@N0619672985112.jpg,5.26
s11aun40182733965.jpg,4.79
124237523@N0238546168006.jpg,5.82
damiec17056484221.jpg,5.13
67raku31060431953.jpg,6.13
57789731@N0829016163548.jpg,5.3
thelastdon29040959210.jpg,5.45
eddie_crutchley32714528573.jpg,5.28
20127329@N0635516672434.jpg,6.29
harekrishnabrighton28249464568.jpg,4.69
155323613@N0538566035846.jpg,5.57
montana195734765566076.jpg,6.34
wackelaugen29534887957.jpg,4.77
14639118@N0319338809686.jpg,4.64
163940733@N0242128590424.jpg,5.74
fabdub42171423135.jpg,6.29
salrocks246783951405.jpg,5.63
132754026@N0543124221452.jpg,6.78
thelastdon28571134111.jpg,5.62
132842335@N0536721439906.jpg,5.31
jneentertainment19055138374.jpg,4.83
111205974@N0421015093639.jpg,5.13
itaboss30932629196.jpg,5.9
29487672@N0736033208175.jpg,5.53
askjellr36555165313.jpg,5.42
natali_antonovich22843466682.jpg,5.25
117473633@N0524506294183.jpg,6.0
151089709@N0843689291285.jpg,5.29
63567936@N0024576951870.jpg,5.03
145035140@N0336638822530.jpg,5.3
84265607@N0050790229031.jpg,5.72
138173068@N0640787433904.jpg,5.63
geniussonar31406837507.jpg,6.29
88389312@N0718670444736.jpg,5.62
89481752@N0631178915712.jpg,5.56
firepicx26071468775.jpg,4.82
philadelphiafiretrucks20738038401.jpg,4.61
intern02442872236940.jpg,5.41
joan187337240460675.jpg,5.77
theacphotography17636524512.jpg,5.29
95614896@N0820093188563.jpg,6.12
izaacbrookphotos20497039500.jpg,5.42
imaxes_da_vida27996107098.jpg,5.25
thelastdon27691450992.jpg,4.99
rockwan201224504099207.jpg,5.21
okular_dus44485702974.jpg,5.63
aushiker24534082281.jpg,4.71
philadelphiafiretrucks30039385906.jpg,4.64
mhampshire34607934464.jpg,5.35
harismichailidis36362911741.jpg,5.13
ska196340008688291.jpg,6.03
simeon_barkas2777882088.jpg,5.21
29487672@N0743145932705.jpg,4.94
smallrf30689412874.jpg,4.73
120353713@N0513492931873.jpg,5.03
29487672@N0719671692249.jpg,5.23
dimaruss3420321509112.jpg,5.13
kjgrabowski39211336392.jpg,6.15
einheriar23884861979.jpg,5.38
jsollows33187177608.jpg,6.12
163259275@N0743684442541.jpg,4.92
29487672@N0729942312058.jpg,5.54
84058540@N0618224703244.jpg,5.85
natali_antonovich19147387053.jpg,5.31
ramshid_kalathingal38839954302.jpg,5.74
111205974@N0416108299903.jpg,5.16
dimaruss3420141957018.jpg,5.08
dimaruss3419681755213.jpg,4.95
mark_rigler_uk28122619790.jpg,5.86
64029079@N0834761179242.jpg,4.88
29487672@N0746151496184.jpg,5.07
113071084@N0226034744434.jpg,4.76
alex_wendes40293197305.jpg,6.27
natali_antonovich32913344945.jpg,5.22
100776999@N0326991825470.jpg,4.84
adamcanfield23981888864.jpg,5.29
hugovonschreck17076102282.jpg,5.53
viczig42067415810.jpg,5.78
131510466@N0818851203176.jpg,5.64
gulfanaferophotography25724152003.jpg,5.64
85501582@N0327555196389.jpg,5.97
dr_ozda35579458844.jpg,6.38
29487672@N0730865843576.jpg,5.71
93139038@N0819313168038.jpg,6.56
shawn446842656711932.jpg,5.95
r3nn3r25878218697.jpg,5.92
s11aun40515967492.jpg,5.54
139727265@N0643502409100.jpg,5.8
yirka5145549710252.jpg,5.85
84058540@N0618751046281.jpg,5.21
dr_ozda36389175296.jpg,6.12
69349549@N0625962439981.jpg,5.86
s11aun26170397488.jpg,5.21
134154923@N0840488207544.jpg,5.48
toniphotos28155521815.jpg,6.02
92720735@N0244373436432.jpg,6.32
davidnc825367148282.jpg,5.42
134145819@N0736306827032.jpg,5.47
marthaander43117929610.jpg,6.11
valerat198221769067012.jpg,6.15
153238673@N0243859546591.jpg,5.26
29487672@N0746699440005.jpg,5.65
s11aun40062346564.jpg,5.58
29487672@N0729374226297.jpg,5.24
102500357@N0627084252763.jpg,6.2
blondinrikard29139388482.jpg,5.67
sksaeed140344050812.jpg,7.41
horstphotoart35157817285.jpg,5.61
jschumacher36181990140.jpg,5.53
79003050@N0536151231514.jpg,5.76
29487672@N0737881349216.jpg,5.38
93892755@N0236722911664.jpg,6.08
rainer_hamburg40322896113.jpg,6.56
s11aun47575918382.jpg,5.56
studiodxavier26224162800.jpg,5.69
krpentax33312704176.jpg,6.87
151968336@N0541708587652.jpg,6.77
isagelb44955436752.jpg,6.08
127610270@N0526926227828.jpg,5.6
mikesphotomusic37877485866.jpg,6.34
askjellr37180552016.jpg,5.86
tetyanabunyak34960236751.jpg,5.68
139194555@N0532950334392.jpg,5.12
rgb90025120741853.jpg,6.19
154525519@N0328182708278.jpg,6.23
s11aun37093448040.jpg,5.12
79003050@N0526823559952.jpg,5.73
bear3311531607415.jpg,5.38
sirix27762830056.jpg,6.32
isabelingramdigital27744303562.jpg,6.02
109019837@N0627474432211.jpg,6.83
142618598@N0836650932283.jpg,4.9
draopsnai25700965063.jpg,6.45
olsta34639119144.jpg,6.54
86486706@N0527180240789.jpg,5.66
131860770@N0233490585858.jpg,6.51
134696025@N0325118873703.jpg,5.61
40854388@N039724971607.jpg,6.09
154638000@N0226424334397.jpg,5.58
askjellr36515743844.jpg,6.33
26704820@N0632017120150.jpg,5.84
evko16994015057.jpg,5.63
natali_antonovich14075925271.jpg,5.76
127610270@N0544869125774.jpg,6.31
144082435@N0334022826372.jpg,5.71
oldogs36680354235.jpg,6.05
84058540@N0618498034260.jpg,4.85
29487672@N0720140652028.jpg,6.46
141546084@N0437881315374.jpg,5.48
s11aun46435488181.jpg,5.35
natali_antonovich8633324009.jpg,5.77
natali_antonovich8020786799.jpg,5.82
pghbuccos21660269409.jpg,5.58
discaciate3812137240.jpg,5.3
77974574@N0335949215941.jpg,6.12
mrmean23613720573.jpg,6.21
skye-urbex45271272541.jpg,5.91
30080009@N034329222947.jpg,4.88
s11aun35333607711.jpg,5.26
29487672@N0714974926019.jpg,5.42
3underpar26057253147.jpg,6.51
95141069@N0734606603110.jpg,6.17
askjellr36557464673.jpg,6.53
belgian_gwada31187290590.jpg,6.8
12013762@N0434014229765.jpg,6.49
48150664@N0732144703674.jpg,6.22
jacques-deselliers33712389796.jpg,6.45
lucylucypa7076180259.jpg,5.45
portland_bill36279495551.jpg,7.42
fgazioli33133572790.jpg,5.12
exoticcarlvr2229060463065.jpg,5.89
138173068@N0642807928300.jpg,5.79
147910513@N0644836736521.jpg,5.33
studiodxavier15093143146.jpg,5.72
134154923@N0833234471152.jpg,5.33
natali_antonovich22438574688.jpg,5.83
30616966@N0820050888470.jpg,6.48
natali_antonovich34163261650.jpg,6.02
113071084@N0224697016992.jpg,6.78
55526119@N0839987031231.jpg,6.12
hiway7744265194175.jpg,5.67
mrcleen43552896984.jpg,6.81
29487672@N0718495565049.jpg,6.38
79003050@N0536428679665.jpg,5.48
63649804@N0824142064051.jpg,5.76
caterinazito28870559830.jpg,6.83
hiway7734435119865.jpg,6.9
84058540@N0617679837294.jpg,5.95
laika4216654938043.jpg,5.92
120862522@N0425418374242.jpg,5.09
viv3rai46654191402.jpg,5.38
mrmean32795768343.jpg,5.47
desertmotors21018508466.jpg,5.68
daveclmphotos37797490632.jpg,5.94
77274666@N0617091403858.jpg,6.96
supercarsinthestreet20376463360.jpg,5.86
s11aun36854563662.jpg,5.53
28718200@N0533385819246.jpg,6.12
113071084@N0224214288785.jpg,6.18
hiway7736923996303.jpg,7.08
luropics36448982413.jpg,5.85
alessandrodm40770853115.jpg,6.0
brownrc29881374222.jpg,5.28
reecegarsidephotography15862029834.jpg,5.17
n5fk30237596585.jpg,6.06
natali_antonovich22339475174.jpg,6.42
93892755@N0237159831176.jpg,6.14
129404113@N0827217366007.jpg,6.06
142707991@N0232032375275.jpg,5.67
29487672@N0731473060586.jpg,5.59
s11aun30288605457.jpg,5.6
sjcowell6634212746605.jpg,5.8
rentmam127771714695.jpg,5.58
arrrrt47388721631.jpg,5.72
eugeng_46510330931.jpg,6.46
henrik_lindberg35854861856.jpg,6.67
eddy_clio27580293565.jpg,5.42
94265950@N0514972663887.jpg,6.19
s11aun47519952272.jpg,5.21
carolyneaton40710762922.jpg,6.19
79442843@N0516056614883.jpg,6.44
forestforthetrees44534987811.jpg,5.58
124663545@N0832486710245.jpg,5.96
124340225@N0531639680446.jpg,5.26
melusina_parkin18516122264.jpg,6.53
ffigueiredo42953350060.jpg,6.6
s11aun36854567732.jpg,5.3
102892015@N0522633187990.jpg,5.29
s11aun30309970887.jpg,5.17
xparker6337737559.jpg,5.5
nitro50mg30174239666.jpg,5.9
134145819@N0736332846401.jpg,5.37
38039613@N0820021420935.jpg,5.87
peters_hdr_hobby_pictures25060811567.jpg,6.3
74581065@N0333778355801.jpg,7.2
rkamari42432342185.jpg,5.93
127610270@N0526720983958.jpg,6.42
17367470@N0532885645647.jpg,5.88
135040702@N0331450858166.jpg,6.33
40267636@N074847537363.jpg,5.78
134145819@N0735666905473.jpg,5.41
gfreeman2325056390653.jpg,6.35
132754026@N0529761025298.jpg,7.05
jodymiller24409606161.jpg,6.03
rainer_hamburg40361730064.jpg,5.72
dclmeyer31181356478.jpg,6.02
gkoiter20311022513.jpg,5.45
79003050@N0542390300884.jpg,6.53
studiodxavier20993622801.jpg,5.52
photocat6245265334742.jpg,5.55
mcmumpitz6931686689.jpg,7.03
seanbatten36707696571.jpg,6.21
98531702@N0538922635571.jpg,6.69
gkoiter20760773390.jpg,6.08
akajandrus44649175692.jpg,6.26
davide_solurghi26003034057.jpg,6.66
alimkin40279936223.jpg,6.65
157668384@N0438924254805.jpg,6.58
aviationfriend26119793503.jpg,5.95
donarstein20702746848.jpg,6.61
lndtrigg47438449741.jpg,5.72
127610270@N0537969415132.jpg,5.62
desertmotors20107332005.jpg,6.33
tomlevold34294584662.jpg,6.11
120986713@N0514265823243.jpg,5.69
16304145@N0424146460019.jpg,7.58
katsrcool27865029427.jpg,6.08
valery_rw26814722509.jpg,6.12
160519267@N0840083593825.jpg,6.11
145285104@N0534208249016.jpg,6.15
29487672@N0742176023770.jpg,6.67
alexpenfold9997287496.jpg,6.71
citroen25010083791574.jpg,6.75
127610270@N0539612773775.jpg,5.85
128942871@N0420519768438.jpg,5.94
40000382@N0822817297735.jpg,6.81
vlahos200319609355505.jpg,7.03
128652019@N0828556478847.jpg,7.87
128331297@N0428901553781.jpg,6.79
zak300016146762938.jpg,6.18
cubagallery3391875020.jpg,6.32
klauskniehase8053051053.jpg,6.39
katsrcool33922148936.jpg,6.27
montana195735119585315.jpg,7.96
singflow33848828133.jpg,7.12
21612362@N0539316184125.jpg,6.3
106160792@N0216064659582.jpg,6.58
ivanorlovphoto26575786400.jpg,5.92
goodcough4952767783.jpg,6.63
104611718@N0333763405684.jpg,6.71
eugeng_32502120585.jpg,7.59
mettwoosch33743669784.jpg,7.11
124237523@N0234930458792.jpg,7.1
waynerd13708315453.jpg,7.48
45945507@N0543006879554.jpg,6.69
145932886@N0643143996470.jpg,6.81
cembayir30009716281.jpg,6.04
allieca14040767711.jpg,7.01
alexandrarudge19116197958.jpg,6.83
kevinpovenz6095328522.jpg,7.42
124282538@N0725953489172.jpg,6.48
32432644@N0219131883483.jpg,6.35
128942871@N0420665098739.jpg,6.63
askjellr36619541763.jpg,6.24
151937434@N0737004725875.jpg,6.08
117679407@N0830095178493.jpg,5.97
129577003@N0425954201214.jpg,6.3
104524658@N0614296054669.jpg,6.62
hansinhaarlem38719596385.jpg,5.97
darrensnow21165935384.jpg,6.29
geoliv34504884084.jpg,6.5
palmer825227602644.jpg,6.88
annaekman20408815590.jpg,7.0
59560090@N0725850742541.jpg,6.27
133304079@N0430288029517.jpg,6.14
natali_antonovich33653426923.jpg,6.65
125401997@N0643373361504.jpg,7.3
29487672@N0723317377951.jpg,6.31
63085612@N008010047328.jpg,5.92
isagelb31411432308.jpg,6.09
95186044@N0521599300163.jpg,6.71
sjpowermac31652928671.jpg,6.53
125469941@N0330703151997.jpg,6.8
rainer_hamburg27177227689.jpg,6.61
zelnunes10046096325.jpg,7.08
cregg37694672854.jpg,7.78
12420780@N0833769388802.jpg,6.6
151518259@N0235685752173.jpg,5.78
79003050@N0536445308875.jpg,6.37
freundsport45221327122.jpg,6.43
shacktrackin25998966624.jpg,6.7
108382282@N0428301478777.jpg,5.96
manuelmagana7970211396.jpg,6.75
_kristox_32456406141.jpg,7.55
yann0733311225121.jpg,6.31
63653473@N0735598431123.jpg,6.04
136274308@N0342127145781.jpg,7.54
16736742@N0334025727956.jpg,6.47
101654934@N0836468419696.jpg,6.05
alexandre_h_sato21134150470.jpg,5.71
seanmrichardson35991654023.jpg,6.28
thedarlinglife2571647421.jpg,6.65
diggoar22864150862.jpg,6.66
dorameulman21109737650.jpg,6.35
vinwar7530731118937.jpg,6.72
mrmean22566446973.jpg,6.77
dpsager31259485922.jpg,6.42
46230766@N0218684031029.jpg,5.57
139194555@N0532950332912.jpg,5.91
133641803@N0627540924475.jpg,5.91
139194555@N0533065605626.jpg,5.97
jlphotography20084849828263.jpg,6.35
brathot43295457390.jpg,7.1
141546084@N0426746488209.jpg,6.76
kbl_luccia14980632386.jpg,5.78
jwheel24316880823730.jpg,6.69
84058540@N0618499546519.jpg,5.64
martyr_6730171908033.jpg,5.81
142618598@N0836773571783.jpg,5.63
brathot31235682728.jpg,7.25
97493871@N0624498692276.jpg,6.63
30576530@N0438729968911.jpg,6.28
jkunzephotos37573609436.jpg,5.92
42868587@N0024578680052.jpg,6.75
138173068@N0643899146474.jpg,6.46
rakib_hasan41049430582.jpg,7.44
79003050@N0544627421935.jpg,6.08
mrcleen29674267276.jpg,6.69
hansinhaarlem37162903343.jpg,7.08
vadoo20166832474.jpg,6.64
garry_rocks26748404790.jpg,6.29
113942472@N0414860490347.jpg,7.31
65839294@N0327717422457.jpg,7.55
yanidimitri41624288465.jpg,6.34
amyhammond3429965106.jpg,5.66
29487672@N0721109802938.jpg,6.0
isagelb45307669372.jpg,7.13
129577003@N0426115195855.jpg,6.01
34396697@N0040810584854.jpg,6.89
mrcleen44221907462.jpg,7.77
30555516@N0632294481523.jpg,6.14
das_soeckchen41027501520.jpg,6.73
134360274@N0826751591849.jpg,6.92
37409260@N0243339765580.jpg,6.22
marthaander47481755941.jpg,6.92
therapyprojects42710572324.jpg,5.61
hiway7747410285732.jpg,6.96
129577003@N0427629266942.jpg,6.67
eugeng_34337318961.jpg,7.62
carlosarriero34631415816.jpg,5.7
alvinpurex30171385710.jpg,6.09
martyr_6733063541134.jpg,6.63
83124837@N008779567078.jpg,6.9
108161225@N0431133999872.jpg,6.35
thelastdon26972851703.jpg,6.5
frankylac45113872821.jpg,8.58
imaxes_da_vida39893953480.jpg,7.58
85541246@N0239153365855.jpg,6.67
124237523@N0237106967381.jpg,6.82
98426722@N0529685080761.jpg,7.11
brad_prudhon32628657457.jpg,7.25
31403969@N0438678083005.jpg,6.54
98426722@N0516826520811.jpg,6.92
stage-berlin15779796886.jpg,7.51
crossiecoco43279346125.jpg,7.5
brad_prudhon32628724767.jpg,6.69
c4shew43069632651.jpg,7.11
84058540@N0617659040803.jpg,6.38
101471201@N0425756673845.jpg,7.28
149758074@N0435088351410.jpg,7.35
adm7245720210232.jpg,7.0
123860072@N0736899506823.jpg,6.65
78033586@N0244552533695.jpg,7.35
97493871@N0623637148255.jpg,7.99
141583104@N0440014711742.jpg,7.05
peterfey32110899148.jpg,6.52
ms-photographe18923348282.jpg,6.45
93371050@N0238661079672.jpg,7.16
ellenow20073074429.jpg,6.8
113071084@N0226086598481.jpg,6.83
jonnielace37024658553.jpg,6.57
92720735@N0244373433112.jpg,5.99
burmarrad51199557042.jpg,6.44
kjetilsphotos29698050267.jpg,8.04
trexy28004136128.jpg,6.79
31403969@N0438647309205.jpg,6.29
107905076@N0625268414067.jpg,7.06
bydodoahanu39139720161.jpg,6.72
cgre-photos26617483596.jpg,7.21
justin-time24181797612.jpg,6.81
mxing-m5665044342.jpg,6.3
sabinche30922768540.jpg,6.38
carlosarriero31812737937.jpg,6.42
93371050@N0243344635520.jpg,7.11
135875088@N0647479681052.jpg,6.69
yve196434266046130.jpg,6.34
123860072@N0722277490689.jpg,6.38
124237523@N0237116382792.jpg,7.2
chumlee3792519807.jpg,6.56
bjurman2487329640.jpg,7.55
yantra_x34850377130.jpg,6.65
98426722@N0523958307713.jpg,7.99
soosaluarvo32383594736.jpg,6.14
hanspartes35690644720.jpg,7.44
129119557@N0825763619832.jpg,8.08
brenofs18416886269.jpg,6.45
32432644@N0225361924563.jpg,6.75
135652023@N0336787913150.jpg,7.06
31403969@N0427767140049.jpg,6.31
horstphotoart33520819976.jpg,7.94
emydelema16883372667.jpg,6.38
raceconstantine31589819392.jpg,7.04
134145819@N0743029396924.jpg,6.12
coolmcflash45358781722.jpg,7.02
149704009@N0424712384488.jpg,7.45
21028294@N0638301935444.jpg,6.96
97493871@N0617044709781.jpg,7.52
myggan6839083659892.jpg,6.65
125902172@N0342503487090.jpg,8.38
xxstanxx33264153222.jpg,7.38
84058540@N0617657016514.jpg,5.83
nicolast30806989591.jpg,7.0
mikaelheinrichson29132377257.jpg,8.12
hjuengst41299827494.jpg,7.46
pascal_fraeg46592445555.jpg,7.44
murtica2734795028525.jpg,6.89
37129591@N0841323130821.jpg,7.8
yantra_x35197290696.jpg,6.37
dp-j25352802698.jpg,7.29
myggan6839281445101.jpg,7.13
124773805@N0618569532565.jpg,6.69
143966226@N0636704248714.jpg,6.46
isagelb32804660087.jpg,7.33
97493871@N0622911907533.jpg,6.91
snowflowermass25785749497.jpg,7.4
134567388@N0721788346616.jpg,6.87
45695258@N0414718691714.jpg,6.44
palms136470492596.jpg,7.12
pedro_garcia_01535894633696.jpg,7.13
raymiesherring22885685344.jpg,7.17
84058540@N0618625876731.jpg,7.53
12420780@N0828596523613.jpg,6.41
78914827@N0228569247916.jpg,7.46
108096486@N0727289192015.jpg,6.13
myggan6827652705558.jpg,6.67
altugkarakoc14098096179.jpg,7.56
peterbaker16527023208.jpg,6.69
waldi7140317121201.jpg,6.83
thecaucas29109533483.jpg,6.79
kvse-pics15919049057.jpg,6.65
chumlee15307085823.jpg,6.57
98426722@N0534442063685.jpg,6.73
megamagpie29840714461.jpg,7.14
peterfey41003090454.jpg,6.2
102892015@N0524344470286.jpg,6.34
84058540@N0618091894220.jpg,6.8
angelalumsden7193487038.jpg,7.33
127293948@N0735881872236.jpg,7.37
132801380@N0439577328584.jpg,7.25
n68cpe41083153911.jpg,7.25
mytidbits9406471523.jpg,7.12
devaughnsquire31813278352.jpg,7.73
136272754@N0620849835833.jpg,6.29
katsrcool32665199364.jpg,7.48
63598627@N0343790805452.jpg,7.15
66684963@N027013376601.jpg,7.73
70684778@N0417064168051.jpg,6.79
mrcleen41584854755.jpg,7.7
mtraxx_nikolaidis31468218528.jpg,7.17
123580351@N0240005047552.jpg,8.29
sunshineunicorn44535608031.jpg,8.1
128756522@N0815810357191.jpg,8.71
146891537@N0845570046821.jpg,8.95
paolotrapella31509360743.jpg,8.03
129528149@N0421202999102.jpg,7.29
yasmine-hens38908054461.jpg,8.01
rossmack0533425025264.jpg,7.86
maxbenidze27363878237.jpg,6.71
esale38886219804.jpg,7.11
swampgas243530627465.jpg,7.11
jonnielace35835563994.jpg,7.68
bridgetgenna37620024116.jpg,8.0
101197665@N0414289787556.jpg,7.47
ashraf-rathmullah46779813792.jpg,7.06
mturnau25648756513.jpg,8.93
n68cpe26874255448.jpg,6.92
josh15243441276704.jpg,7.42
ljsilver7116916716957.jpg,8.2
bridgetgenna37070239691.jpg,7.75
123860072@N0743786109230.jpg,7.8
annaekman19832080270.jpg,7.18
130497974@N0223570200703.jpg,7.37
aesum21316391481.jpg,7.5
ph_otto45042546284.jpg,6.79
radkabrandova32591057286.jpg,7.96
darrellpaul31868333536.jpg,8.14
johnvenice27422264730.jpg,6.92
wian190024212414752.jpg,8.35
enigma0221142058780251.jpg,7.17
108161225@N0439017112995.jpg,7.87
