image,score
ericbowers6821149589.jpg,3.73
mariegall4437350883.jpg,3.53
johnson73861394211.jpg,3.49
erichands2647651278.jpg,3.87
wvallen2325356893.jpg,3.57
imageneation3276816300.jpg,3.83
tattoodjay3092651834.jpg,2.99
arkitecture396544855.jpg,2.99
chanhhtravel298656012.jpg,3.1
michael241994052475457.jpg,3.06
10777962@N062630005922.jpg,3.14
kwphotography3023044786.jpg,3.58
summerrunner3117754211.jpg,3.25
acullador2325360885.jpg,2.23
53017149@N045458108045.jpg,3.37
buzelman614132135.jpg,3.73
yagogayo3658389534.jpg,3.64
aacerbo41582034451.jpg,3.32
tujuhtujuh2667934222.jpg,2.88
skaleluyo4243652514.jpg,2.96
chapek_sergey2570723282.jpg,3.52
witty_nickname7967750376.jpg,3.96
130805619@N0440380416230.jpg,2.59
ericbowers5712247608.jpg,3.38
new-yorkled3463573285.jpg,3.38
shebalso2479479949.jpg,4.12
phocks5156392117.jpg,2.63
verdevita3816927951.jpg,2.13
mosfet373257648.jpg,2.79
pavelahmed5634295760.jpg,3.64
brandon_taelor_aviram4947740138.jpg,3.01
photomajik1430866200.jpg,2.77
badriza4320891651.jpg,2.96
abady1794047266.jpg,3.71
pmarella231602647.jpg,3.2
jeanasnaps3382197368.jpg,3.12
valeriahernan3248488561.jpg,2.12
dnturner46874078721.jpg,3.21
lot16ca2430754940.jpg,3.46
urbaguilera4460765335.jpg,3.38
philippecottier5264270736.jpg,3.54
51105042@N044898152349.jpg,4.15
johanpettersson6344993695534.jpg,4.08
niggley24644105750.jpg,3.59
75480404@N0631059136802.jpg,3.82
143177362@N0636682583120.jpg,4.2
gopher214795416105429.jpg,4.11
andrewhuxtable338245198.jpg,4.58
gddigitalart28247505501.jpg,3.85
itscd28995060706.jpg,2.53
dalbao22470354744.jpg,4.75
robert_smrekar38622584395.jpg,3.85
stardex26556897400.jpg,2.96
virt_22195977200.jpg,3.75
spylaw0138941586041.jpg,2.94
gilleverett40032764941.jpg,2.98
atila_y42160617264.jpg,3.23
parismadrid4042272533.jpg,3.96
meezersqueezer45781716602.jpg,3.92
hlchih31773324943.jpg,3.54
spring-song07227241298919.jpg,2.81
99076370@N0630955286754.jpg,4.23
berger78745648126772.jpg,3.14
stmaartenpiloot27303632238.jpg,3.43
161598586@N0647353051311.jpg,3.35
mozakim19974677894.jpg,4.38
urs_i28466790124.jpg,3.3
jozefrutkiewicz28811171656.jpg,4.34
miichan24008556099.jpg,4.35
lesliehui32227665731.jpg,3.64
jozefrutkiewicz24823656158.jpg,3.52
bobphoto25851210365.jpg,4.8
jesslynjocom31857896551.jpg,3.71
-mina-26663783705.jpg,3.45
pinoychicago3310172103.jpg,3.8
jesslynjocom31165678553.jpg,3.51
91850005@N0743280412520.jpg,2.29
stardex30786902997.jpg,3.42
rwethereyet30832569515.jpg,4.29
bindermichi24062192005.jpg,3.62
sunnydazzled5208835221.jpg,3.92
ryanmoshi31861871770.jpg,3.83
perkriz44822057784.jpg,3.36
derharlekin26388003167.jpg,3.96
breathe4it38239678706.jpg,4.4
amalikov26682079685.jpg,4.04
amanda_white_photography19760347514.jpg,4.38
64683303@N0828306694237.jpg,3.52
abbyrow41494113074.jpg,3.23
mariaeklind29745950545.jpg,3.9
92367454@N0227140634910.jpg,3.12
michael_hamburg37523916706.jpg,3.99
urs_i28982884242.jpg,3.44
60361932@N0445813892871.jpg,4.11
fnis45140101894.jpg,4.54
jaeschol42305940421.jpg,3.4
134467262@N0223659960493.jpg,3.3
whisleone27027137397.jpg,4.14
creative80921857600368.jpg,4.25
131549031@N0427844839242.jpg,3.85
34655572@N0626187787422.jpg,4.13
mariafranklin43942535510.jpg,4.12
christophhornung26730503696.jpg,4.14
126064000@N0515568761433.jpg,3.77
142421764@N0732370584715.jpg,4.38
139979264@N0526059835014.jpg,3.85
solman338551378334.jpg,3.79
ezryrahman29835763555.jpg,4.39
bruno_mesmin33953166214.jpg,4.54
kd_robinson24356283251.jpg,3.29
robert_smrekar23913639066.jpg,4.22
64881836@N0816804305190.jpg,4.11
differentperspective43304359854.jpg,3.44
47608795@N0639687747423.jpg,3.24
28131931@N052998496395.jpg,4.0
13905421@N0716896074172.jpg,4.56
67307569@N0024310576180.jpg,5.05
ngj26256824702.jpg,4.5
12580570@N0823977397533.jpg,4.47
louisraphael43817302231.jpg,4.21
114732252@N0420540296759.jpg,5.16
weshicks28437606366.jpg,2.87
44401566@N0026483186664.jpg,3.47
aelx91122792036282.jpg,4.92
159291500@N0339771563582.jpg,4.75
aelx91122940917606.jpg,3.9
132230132@N0437907521821.jpg,4.69
56462773@N0716977342613.jpg,4.01
131806303@N0745662002591.jpg,3.91
dria7822585107538.jpg,4.62
cyyj22204750792.jpg,4.23
129705144@N0717041122186.jpg,4.25
lukasgordon42065393680.jpg,4.49
tediduran29540016412.jpg,4.35
alanmartnez38463347215.jpg,3.45
122443328@N0325188748037.jpg,4.46
129495759@N0739088334962.jpg,4.9
ajhu38484556082.jpg,4.64
pidalaphoto24498318742.jpg,5.24
theo002321197621404.jpg,4.25
dnikonninja26865351032.jpg,4.86
ricomon8727220177074.jpg,4.97
josephra24896587140.jpg,4.78
ysakai201230550311694.jpg,4.5
gwn200841592469401.jpg,4.02
parosh96735991090730.jpg,5.03
rededia30259054554.jpg,4.64
fredmin38939801690.jpg,4.62
125779835@N0717017716332.jpg,3.85
nenadspasojevic30412270307.jpg,3.52
dorinser25393569007.jpg,4.38
kamandanu38517113291.jpg,3.62
namhdyk14677117028.jpg,4.11
146233806@N0837131581525.jpg,3.83
fredcan46796604782.jpg,5.17
flcherb43750677244.jpg,4.29
129495759@N0743413414370.jpg,4.22
cornelia-schulz41144092244.jpg,5.2
karennfld30852779568.jpg,4.92
diwan24871965533.jpg,4.56
149618477@N0626243298158.jpg,3.86
13070711@N0346684158731.jpg,3.84
nevetes30388223145.jpg,3.52
zeeyolqpictures22099130633.jpg,4.0
52270123@N0245815052934.jpg,3.77
elf-824717433072.jpg,4.65
picturesinmyhead44880212165.jpg,3.42
valeconte30542363952.jpg,3.91
dorcam1626527215220.jpg,3.88
gwn200826182611399.jpg,4.33
technodean200022299956076.jpg,4.38
ezryrahman46524765474.jpg,5.06
goodbyebyesunday3841433241.jpg,5.12
felipe_gabaldon25299312955.jpg,4.5
145333203@N0439837208770.jpg,4.2
gdonghia26268598754.jpg,4.37
47608795@N0643632756884.jpg,5.17
stardex35468579770.jpg,4.04
claytonperry15462208950.jpg,4.35
133482214@N0520894574749.jpg,4.5
wi-visual25131801893.jpg,4.7
larryjay45736960922.jpg,3.51
tourtrophy31237160828.jpg,3.51
132225075@N0423068546515.jpg,5.02
stellawind38484165104.jpg,4.01
149765628@N0346487665452.jpg,3.19
cvienna30249119242.jpg,4.62
alexbarlow24706253439.jpg,4.2
kamandanu43641801064.jpg,4.05
9517672@N0225250273050.jpg,5.06
brillianthues27392887399.jpg,4.8
joannarb200931806396132.jpg,4.17
grzegorzpolak38819550310.jpg,4.08
21045446@N0026856290102.jpg,5.37
ablok24923796134.jpg,4.06
145333203@N0437303971716.jpg,3.66
42537449@N0520233586810.jpg,4.38
47809289@N0814819090880.jpg,3.72
zeeyolqpictures28620797761.jpg,3.97
ivan131141203131831.jpg,4.4
technodean200023314111093.jpg,4.26
133374964@N0721630357403.jpg,4.88
jae_at_wits_end23697033588.jpg,4.71
128054629@N0440401173792.jpg,3.84
bellchan43069007014.jpg,5.32
151891954@N0529889452708.jpg,4.21
104021946@N0525610781661.jpg,3.48
jano4532655494147.jpg,3.94
10342377@N0228275068891.jpg,4.77
junebelljp23914885752.jpg,4.25
134905883@N0742721266701.jpg,5.02
aelx91128344112045.jpg,4.37
polispoliviou30602450888.jpg,4.33
142421764@N0737940017115.jpg,3.64
chantsign27047698033.jpg,4.84
lilrica28225179933.jpg,4.03
jozefrutkiewicz27536287535.jpg,5.29
stardex30427264308.jpg,4.07
bassie90925038352126.jpg,4.63
eyezoom36458558224.jpg,3.94
jozefrutkiewicz27114467744.jpg,4.42
minzstudio20706843015.jpg,5.43
39172655@N0716906700107.jpg,4.67
154069138@N0633741831343.jpg,3.92
maciej723168133454.jpg,4.36
mars-mann29499239727.jpg,4.37
152775144@N0442087687511.jpg,4.35
69250368@N0345509317172.jpg,4.17
jmhuttun8444164061.jpg,5.26
mytang19434659549.jpg,5.09
ajhu24687159288.jpg,4.25
fpuyade27783836706.jpg,4.58
133708133@N0241969211144.jpg,4.77
richardwrightson41874058022.jpg,5.25
struebypatric24484864998.jpg,4.85
149427347@N0834891972530.jpg,5.14
lara_101239368264601.jpg,5.33
t0rex23664021563.jpg,5.45
gwn200841551895142.jpg,4.52
tisha-ar16726238779.jpg,5.19
yukonblizzard35886758285.jpg,4.95
timpgh16685599109.jpg,5.53
35240543@N0241057088122.jpg,4.79
31203742@N0016757374662.jpg,4.79
robshanghai23768818540.jpg,4.62
notkalvin19517043550.jpg,5.14
26774111@N0041271230484.jpg,5.25
mon_masa25011230921.jpg,5.08
ajaygoel201127548835574.jpg,5.15
143984973@N0633252916914.jpg,4.74
schultzpax22476262759.jpg,5.34
aloma-anderson30929998830.jpg,4.67
raffaellarinaldi27101982561.jpg,4.42
stephenchampness12030830544.jpg,5.21
144729932@N0240802464095.jpg,4.83
geoffroy_hauwen20356667423.jpg,4.77
obyda44907020252.jpg,5.32
andrew_thomas_7318417519218.jpg,5.08
fulc0l0rabstract24378079136.jpg,5.12
48008491@N0517400326194.jpg,5.38
berger78745701242201.jpg,4.58
flcherb46697084655.jpg,4.39
143495304@N0730993313828.jpg,5.38
swabby11118910176304.jpg,4.74
flcherb43881798141.jpg,4.7
valery_rw39518387921.jpg,5.16
nitro50mg33594262384.jpg,4.54
marcia_marton1366214258.jpg,4.24
michael14915496345556.jpg,5.12
jojung37945052476.jpg,4.27
jackloughran13153935733.jpg,4.0
susnic27339369059.jpg,4.85
jimnix24604166007.jpg,4.83
91393867@N0028315912788.jpg,4.29
visualideas45544104105.jpg,4.25
blende5724954727405.jpg,5.0
mikemikecat18232184316.jpg,5.75
kokulan44850441331.jpg,4.36
marcinkoczyk37184202766.jpg,5.23
42085750@N0025635882685.jpg,5.89
nathalie-photos46422631171.jpg,4.68
117926606@N0829023272065.jpg,5.38
53631755@N079854362556.jpg,5.16
juliotrlima28781492477.jpg,5.12
mymucpics37143168001.jpg,5.35
strolicfurlan22464729263.jpg,3.42
yukonblizzard18510972155.jpg,5.0
90024104@N0836670514473.jpg,4.62
traceyfoster8428715701.jpg,4.38
abstractartangel7727492405661.jpg,4.98
145873528@N0228222592448.jpg,5.6
46228501@N0838143996314.jpg,5.02
richardwrightson41644481992.jpg,5.16
76805044@N0730337167885.jpg,4.92
99653778@N0432233441863.jpg,5.49
arekev11251161414.jpg,4.06
122483654@N0726161533625.jpg,4.98
robert-196824334071332.jpg,5.7
127723167@N0839579288602.jpg,3.76
fbkphotography30193183630.jpg,5.0
romaintonelli45117530484.jpg,5.12
126633124@N0825653607648.jpg,4.91
132400313@N0540750643603.jpg,5.2
rober1000x7814804640.jpg,4.83
tobago_pictures47763463961.jpg,5.42
dobingdesign23695815243.jpg,4.67
david-bank15386353658.jpg,4.64
stefanogambassi7983585704.jpg,3.56
rodneyroslyn24345755110.jpg,5.16
capturedoccasion43694725072.jpg,5.77
blacee36086311013.jpg,4.94
draken413o18091885924.jpg,5.71
claytonperry20119264609.jpg,5.42
solidstate1026043865364.jpg,4.34
kota-g24005513369.jpg,4.86
ferroclubargentino40552704843.jpg,4.64
131091449@N0222791207770.jpg,4.36
s-b-b41691774805.jpg,4.54
flcherb32591713454.jpg,5.36
civilenghu25053221631.jpg,5.71
147630685@N0727414524778.jpg,4.76
jfoose0340183616265.jpg,5.52
sergioloca35916654785.jpg,5.36
sandorson45038695454.jpg,4.0
115193076@N0527105488104.jpg,5.31
dreamdeliver9765432902.jpg,4.86
namhdyk24387999016.jpg,4.06
153847305@N0740938053791.jpg,4.62
99601760@N0737268974531.jpg,4.31
patrickstargardt36829622700.jpg,4.85
anagrama20098855990886.jpg,4.66
112747784@N0542688560390.jpg,4.92
jonsanjose26009157020.jpg,4.11
143790323@N0427049142108.jpg,5.25
l0nglost29052505768.jpg,4.54
balmung198340938338324.jpg,4.86
danielnebreda27714080419.jpg,5.02
138190607@N0627564109899.jpg,5.07
johnaus41574179470.jpg,5.45
phredkh40874695290.jpg,4.14
drmaan26687292611.jpg,5.0
eregis30819820833.jpg,5.04
99395275@N0219460786004.jpg,5.65
135358278@N0726304435685.jpg,5.45
petec2139816807553.jpg,4.78
amanda_white_photography28391074254.jpg,5.04
rckr8844190989651.jpg,4.11
jozefrutkiewicz35780556722.jpg,5.5
davidyuweb29542188331.jpg,5.13
robmcc42953168935.jpg,5.52
mustafakasapoglu22558716946.jpg,5.21
shelleysparrow18358542104.jpg,4.29
oso-vagabundo44757936091.jpg,4.15
142421764@N0732005160871.jpg,5.33
michael_hamburg37572621991.jpg,4.91
notkalvin18168678294.jpg,5.78
127317951@N0516131441449.jpg,5.35
rkc0131668138765.jpg,4.82
emily_endean31546184855.jpg,5.87
laurencedryer18302150789.jpg,5.79
83374017@N0847462393281.jpg,5.16
niggley39243942640.jpg,5.29
85314460@N0219839456711.jpg,4.96
14433617@N0241373150265.jpg,5.42
karinavera19927531389.jpg,4.95
skipmoore47521657212.jpg,4.18
112747784@N0534572943221.jpg,5.03
abhishekverma5546337488264.jpg,4.46
jonmal200933374568272.jpg,5.25
137322455@N0836413404265.jpg,5.9
82528913@N0016707738240.jpg,5.5
davidpaton9415711109599.jpg,5.38
jobeca46911684075.jpg,5.96
123671035@N0215774111923.jpg,5.75
coolmcflash37626459740.jpg,5.13
134160943@N0433841861680.jpg,5.22
penguinsailor23213149049.jpg,5.83
kubaszymik30159100138.jpg,5.32
robert_smrekar32777347645.jpg,6.02
11890078@N0217060261982.jpg,5.46
tomitheos27104088538.jpg,5.21
vinnie_nguyen43492193400.jpg,6.04
michael_klotz26467328084.jpg,5.97
133786071@N0637436970710.jpg,4.33
estevinho17555446495.jpg,4.81
26116471@N0330281389810.jpg,6.02
navsarius27845175231.jpg,5.8
yukonblizzard35550955490.jpg,6.08
job23722675189243.jpg,5.54
27940925@N0729613903088.jpg,4.6
mikemikecat18519724388.jpg,5.87
baldmike201240643496400.jpg,5.27
bryaniceman14825137521.jpg,5.85
skynoir25845449343.jpg,5.96
sir_francis_barney38417893225.jpg,5.14
tulliodainese25708043162.jpg,5.48
150097140@N0541047979274.jpg,5.25
kbaranowski12488866663.jpg,5.28
drunkphotography40438160622.jpg,5.63
berger78722353880670.jpg,4.71
137322455@N0844693107644.jpg,5.78
panoramabyrhombus13366436904.jpg,6.03
fernandodias7532995621116.jpg,6.46
jano4532655493947.jpg,4.42
tjaldur6631411212337.jpg,5.1
livia_lopez35536733433.jpg,5.59
46414140@N0831729650858.jpg,6.45
khashy878252897001.jpg,6.36
kenlwc45790750994.jpg,5.62
coolmcflash38282081995.jpg,5.15
bbak27603609960.jpg,5.79
geniussonar8256434395.jpg,6.08
from-reinier31256139705.jpg,5.96
flcherb30368314838.jpg,5.92
mariano-colombotto-photography45635655131.jpg,5.46
from-reinier23739595209.jpg,5.77
yukonblizzard20315186984.jpg,6.01
treepixel21048706354.jpg,5.9
melusina_parkin14589503227.jpg,5.11
gregoryrohan28663709013.jpg,5.13
creative80923698309031.jpg,5.87
42085750@N0025543205231.jpg,6.21
jae_at_wits_end26825185539.jpg,5.25
58523741@N0638891697401.jpg,4.56
alexshim37275862971.jpg,6.04
134467262@N0225301791784.jpg,4.74
hajot28165026341.jpg,5.81
mikemikecat18553402129.jpg,6.12
roberto_rubiliani26552636848.jpg,4.6
davidgn26116902613.jpg,6.23
anekoho32545000198.jpg,6.12
142789010@N0642483675824.jpg,4.86
sevdelin_atanasov23940607197.jpg,5.93
lurick38652495082.jpg,5.58
rkc0138547213315.jpg,6.0
mariola_aga4548907428.jpg,5.55
128132165@N0825767066002.jpg,5.66
25365979@N0341202979544.jpg,5.26
131811344@N0225025249059.jpg,4.75
picbart37819110702.jpg,5.05
bcpaterson38407043862.jpg,4.62
yukonblizzard17199839208.jpg,5.33
131468089@N0523038116076.jpg,4.96
chantsign22301769482.jpg,5.65
david-bank34089199583.jpg,5.54
92783427@N0818071604848.jpg,5.3
simarsden25598492385.jpg,5.19
flcherb45172155392.jpg,5.29
wodkawarrior32311892672.jpg,6.26
phredkh28810546118.jpg,5.08
martinsharpe21245098465.jpg,5.53
98147665@N0844760848595.jpg,4.57
flcherb34444394045.jpg,5.49
123513115@N0428386503326.jpg,5.54
10257132@N0847006238902.jpg,5.4
132591563@N0223504821745.jpg,6.33
sabinakurt6241678751734.jpg,5.2
lakota4114195530395.jpg,5.33
116001896@N0720245456881.jpg,5.63
rcdigital29824511258.jpg,5.36
contrasteselementaires40513889083.jpg,5.94
106467995@N0417787086468.jpg,5.19
rijekauslikama40171915371.jpg,4.31
aikes_photography16279328101.jpg,6.17
rjiphotography13915580546.jpg,6.37
jehane-ramola45256099012.jpg,5.21
rossd9046033183215.jpg,5.71
l0nglost41042506911.jpg,5.28
bronn39112636680.jpg,5.38
bcpaterson40335608215.jpg,5.13
molysme14674494524.jpg,6.42
thyngum26468564475.jpg,5.62
a_husvaer23616234811.jpg,5.41
l0nglost31410994227.jpg,5.33
jannerboy6226646654086.jpg,5.13
freevuvuzela29314479437.jpg,5.82
sneequaye30036210178.jpg,5.75
pakinuttah24256322679.jpg,5.74
kubaszymik46372640005.jpg,4.89
142265751@N0229100572195.jpg,5.96
josehamra19230684856.jpg,5.98
tonyshi42379323574.jpg,5.55
159025790@N0230488671898.jpg,5.58
gerhil40749448434.jpg,5.52
danielcoyle18687116869.jpg,5.77
mariano-colombotto-photography25799311658.jpg,5.54
derbaum8387363354.jpg,4.54
ferreirafotografia15823341640.jpg,6.29
daniel7630830188688057.jpg,4.03
53631755@N0721047751086.jpg,5.61
david-bank30044791902.jpg,5.46
phredkh42740373995.jpg,5.38
zeeyolqpictures22406537452.jpg,5.6
130421705@N0424445536004.jpg,5.55
74730395@N0243309470040.jpg,4.83
cheishichiyo33498469802.jpg,5.12
37195641@N0323406099231.jpg,4.89
66422453@N0416033864965.jpg,5.95
scarletizm26077726204.jpg,4.57
124902797@N0232018942752.jpg,5.54
150866236@N0625717910237.jpg,5.22
bryaniceman7073253507.jpg,5.78
107640822@N0431054997708.jpg,4.75
toshio125731009863.jpg,5.46
thelastdon25289489844.jpg,5.0
clairegen14858050868.jpg,6.19
99653778@N0432873266172.jpg,6.15
g0rsty23995077356.jpg,5.21
gsp_psnl31362897228.jpg,4.32
_insomniac8490546591.jpg,5.61
f_rabelais28879970890.jpg,5.43
124017773@N0326042040145.jpg,6.03
yukonblizzard17200041312.jpg,6.41
mariano-mantel24046563701.jpg,5.4
mariano-mantel26897998604.jpg,5.49
celinaltravel35579376473.jpg,5.5
sumarieslabber40874655682.jpg,5.61
deslee7417068239720.jpg,6.26
flcherb44149391412.jpg,5.8
132692163@N0645368355661.jpg,4.88
fredrik_lindedal44362459325.jpg,5.5
81398192@N0645820895052.jpg,4.13
yukonblizzard20445025841.jpg,6.4
roevin7250152978.jpg,6.12
johna138856014262.jpg,6.14
thepurpledog103124894623482.jpg,5.71
100162031@N0321272152281.jpg,6.1
chrishootonphotography38782893634.jpg,4.64
-dem-28232784749.jpg,5.54
39997856@N0325300769155.jpg,6.5
y2-hiro4897426806.jpg,5.78
josehamra21482452494.jpg,6.56
blackstation43704653652.jpg,6.28
126633124@N0832372019202.jpg,5.55
derwisz28873980257.jpg,5.97
halhalli33476982978.jpg,7.2
bonefishphotography15739842913.jpg,6.01
l0nglost24397296328.jpg,5.79
martijnvdnat23819693848.jpg,6.32
116996774@N0416833212119.jpg,6.39
157650474@N0347082456284.jpg,5.77
153866641@N0544033821340.jpg,5.46
nnjha197140732889275.jpg,6.45
100629421@N0724353061466.jpg,6.19
145111687@N0337907205546.jpg,6.05
44685936@N0444017139450.jpg,5.29
92783427@N0832638561860.jpg,6.64
ddurham6018463633139.jpg,5.2
jimiboe25079720621.jpg,6.1
68440846@N0837491640022.jpg,6.96
ropri40981540492.jpg,5.6
112125470@N0311479585333.jpg,6.23
fable111833678901238.jpg,6.7
billywilt14605276978.jpg,5.95
116928554@N0715072035969.jpg,6.63
sami_canada15015964214.jpg,6.14
91818084@N0222477628280.jpg,5.66
flcherb40141443783.jpg,6.33
geo_grafics10894548206.jpg,6.24
125761169@N0624100642520.jpg,5.9
154550833@N0431616866587.jpg,6.16
pix-olga25073620619.jpg,5.12
bart_rick20508220398.jpg,5.39
120536307@N0327490711529.jpg,6.2
kura-s16172349503.jpg,5.97
henny_brouwers20590055714.jpg,6.13
107640822@N0423893998167.jpg,5.47
tabliniumcarlson16004973510.jpg,5.36
katiezhao23029830894.jpg,5.93
ulrichneitzel38769110180.jpg,6.24
sizun_eye19284836494.jpg,5.47
164310828@N0847699123761.jpg,4.69
flcherb32205383405.jpg,6.48
rp_ang10485721835.jpg,6.08
vanessaviolet24916542788.jpg,4.81
kelifornia12095438843.jpg,4.88
razorbern2207449986.jpg,5.98
bwbing30914082946.jpg,6.7
nathalie-photos33535226721.jpg,6.21
davywg39016998565.jpg,6.35
vanessawei16679349596.jpg,5.85
garywalters25479157474.jpg,6.71
131993970@N0718075335390.jpg,5.88
sumarieslabber37081098745.jpg,6.69
mindset_photography16150972607.jpg,5.76
andyarciga22755208968.jpg,6.63
jpcastonguay22130882671.jpg,6.56
technodean200037788240026.jpg,6.39
danielcoyle35926461914.jpg,5.84
blackstation24555001741.jpg,6.15
desomnis23314286000.jpg,6.08
tafelzwerk39956078743.jpg,6.14
emily_endean43564687885.jpg,5.94
13070711@N0336369088153.jpg,5.35
94720235@N0737964867912.jpg,6.12
flcherb22844357898.jpg,6.41
coolmcflash32227596037.jpg,6.87
askjellr38528603975.jpg,6.06
90024104@N0840774663172.jpg,6.51
danielcoyle24468099763.jpg,6.46
l0nglost27861675698.jpg,5.54
30590207@N0245126583585.jpg,5.5
blackstation29380792077.jpg,5.99
berger78730704818362.jpg,5.91
flyingaardewerk32721397850.jpg,6.16
112125470@N0312092877755.jpg,5.9
152530045@N0740503959792.jpg,5.55
croydonclicker37114833171.jpg,6.75
ropri26177719867.jpg,5.04
57621754@N0838002960356.jpg,5.82
iliyanyankov24540414740.jpg,6.45
mikeoria38626767172.jpg,6.21
karmaji39893436595.jpg,6.06
shutterscreamer23095645922.jpg,6.18
danielcoyle20345423136.jpg,5.88
flcherb25486623244.jpg,5.53
fstopping24466489590.jpg,6.66
sandeepak39018562281.jpg,6.25
55864922@N0511459342545.jpg,5.69
108724018@N0336817149976.jpg,6.06
pdmjr9935280456156.jpg,5.82
124270743@N0337631644681.jpg,5.92
xnuzha5433681081.jpg,6.73
pdmjr9938346452226.jpg,5.88
markdonovanvancouver38369278044.jpg,6.04
thomasgrimm17505275144.jpg,6.5
81245056@N0545831070031.jpg,6.03
yukonblizzard17246298944.jpg,6.39
154525519@N0347854521111.jpg,6.03
leoleamunoz24631722454.jpg,5.36
jesspictures19818151074.jpg,5.61
134108556@N0627184490208.jpg,6.41
holtix11569276613.jpg,6.86
103890477@N0324149094940.jpg,5.74
josehamra22831235721.jpg,6.93
karlwagner8342928340.jpg,6.9
75570698@N0334869455752.jpg,6.11
150474705@N0842444653780.jpg,5.5
christophemeyer34191796475.jpg,6.31
152058146@N0635915464226.jpg,6.33
flcherb8066561026.jpg,5.76
stefansellmer21718820621.jpg,6.78
hotsnapshot30162952574.jpg,6.38
hendraxu23727388071.jpg,6.47
erichudson45000873262.jpg,6.21
anekoho40782768175.jpg,6.8
92783427@N0837998579481.jpg,6.1
david-bank18794694678.jpg,6.21
160917035@N0729542243047.jpg,5.56
chef-steph28319326335.jpg,6.38
25986852@N0345895989454.jpg,5.24
bartpalka30403206598.jpg,6.48
medchem36816119263.jpg,5.8
kirillosipov40651703775.jpg,5.48
28369035@N0527574463359.jpg,5.67
92110231@N0344998764195.jpg,5.96
92459736@N0812782872395.jpg,5.63
thegreenalbum35900769193.jpg,4.99
a350wg21808736876.jpg,6.33
143665110@N0645088568854.jpg,5.53
130890163@N0437483908874.jpg,5.54
stompingrounds5966700387.jpg,5.08
krpentax18839541324.jpg,5.92
bryanjhill33904805505.jpg,6.83
petshots47813200811.jpg,6.14
126053041@N0623509465534.jpg,7.17
fineartphotoshots27385513267.jpg,5.87
stelex33127924824.jpg,6.64
130890163@N0424646499168.jpg,5.48
katsrcool30598730154.jpg,5.61
esbunuh32102924127.jpg,5.25
askjellr23719376926.jpg,5.73
99196865@N0220606714361.jpg,6.19
kurzik32077112442.jpg,6.21
42026286@N0243040184624.jpg,5.77
puthoor_photo5529094241.jpg,7.33
aielloalessandro9654113842.jpg,6.83
michaelveltman37131650610.jpg,6.27
dingoshoes15151136910.jpg,6.87
jordicorbillaphotography25901919140.jpg,5.89
158326503@N0630629240977.jpg,7.28
jonsiegel9492158279.jpg,7.14
grsmithimages46766626515.jpg,7.4
28432918@N0425534472996.jpg,6.88
jackcawkill14806912609.jpg,5.96
ropri40844268545.jpg,6.46
shelleysparrow18358577104.jpg,5.51
sumarieslabber36977335236.jpg,6.27
emirato36861693105.jpg,6.39
timothyschenck8596272962.jpg,6.12
visualideas17457046638.jpg,6.96
25858699@N0719349590526.jpg,6.42
49598046@N009683651523.jpg,7.19
robshanghai28851392273.jpg,6.67
flute-196433929937108.jpg,7.15
kurzik45698453445.jpg,6.5
alexpoison15047262844.jpg,7.38
janslb9534257021.jpg,6.92
rowlandharden26176314635.jpg,6.27
141325537@N0242578803291.jpg,6.63
136487506@N0342745433602.jpg,6.83
seanbatten27451454665.jpg,6.27
peeblespair46508647792.jpg,7.45
157094265@N0830422990388.jpg,6.52
27497670@N049651097417.jpg,6.55
kurzik44765531890.jpg,6.38
sutanto2228156546.jpg,6.28
cnmark30241421004.jpg,6.64
151176256@N0745554339982.jpg,5.88
156595656@N0735887769615.jpg,6.45
joe_sampouw16564243509.jpg,6.97
technodean200026425583595.jpg,6.87
theo002345125951904.jpg,6.54
115110072@N0437581698330.jpg,6.21
71spyros4369686367.jpg,6.4
lesliehui24892039866.jpg,7.16
126919194@N0427598062966.jpg,6.05
flaviomendonca20494195143.jpg,6.95
600tom27811065016.jpg,6.74
cammino31917671865.jpg,6.12
nnjha197140914057564.jpg,7.2
anekoho14407290195.jpg,6.71
38940360@N0836826219795.jpg,5.61
erdinculas42414462654.jpg,6.07
127508165@N0638674521574.jpg,6.38
129944223@N0834812465235.jpg,6.66
149250502@N0245414981791.jpg,6.1
searchofbeauty38419005186.jpg,6.81
marionrosengarten28054035384.jpg,6.12
skyshaper474143290.jpg,7.48
17469730@N0043666617412.jpg,6.66
jonsiegel20315010440.jpg,5.88
phyllis74photos13032789483.jpg,6.14
142145134@N0642765246294.jpg,6.47
scottandrewsmith16707071019.jpg,7.06
58772731@N0716981398731.jpg,7.21
101053609@N0516935897092.jpg,6.59
unslugged27897488271.jpg,5.95
vincenchuang24472956066.jpg,6.75
eugenemarrerophotography23012395655.jpg,6.62
jeanineleech41300738500.jpg,6.7
yukonblizzard20564832501.jpg,7.0
jqpubliq24880073016.jpg,5.96
crimages0931105290630.jpg,7.2
10257132@N0844394648935.jpg,6.47
pakinuttah14796945877.jpg,6.86
starsurfing28080282227.jpg,6.75
26034413@N0443448169454.jpg,6.28
theaterwiz20068702744.jpg,7.14
anymotion45469918432.jpg,6.16
ttpc34325058714.jpg,6.48
myucius15861268151.jpg,7.25
garywalters37411985532.jpg,6.5
iztheviz30936167613.jpg,6.6
128150503@N0215893772979.jpg,6.44
60509750@N0812002834293.jpg,6.5
r-h-b5482625782.jpg,6.79
fchornet26594730958.jpg,7.02
92783427@N0830349245591.jpg,6.91
d3sign9337704778.jpg,6.14
130515286@N0727427932872.jpg,6.92
stanzim30647092807.jpg,6.07
jsebouvi26282031738.jpg,6.0
peterfey25076824590.jpg,5.42
besedina_d18494983260.jpg,7.27
flcherb43580543972.jpg,6.33
128776946@N0329095405040.jpg,5.67
mariano-mantel28043277363.jpg,6.71
ruthie11311770394864.jpg,6.71
louppls5085747899.jpg,7.39
keithmidson15223462366.jpg,6.17
65509607@N088274836427.jpg,6.65
katiezhao24397672604.jpg,7.0
tiascapes18795864078.jpg,7.17
mekyungkokanaris25276784203.jpg,6.4
134867221@N0733323692322.jpg,6.23
jaredbeaney43304070874.jpg,6.46
129945817@N0342427255490.jpg,6.49
fractalpics29179590362.jpg,7.08
therealmcquaide24506971627.jpg,6.7
68080183@N0615853031654.jpg,6.42
137859854@N0726374588231.jpg,5.78
marcvanveen40430967472.jpg,7.3
68440846@N0839938652232.jpg,7.04
ajnabee11133096443.jpg,7.01
_flowtation15790912531.jpg,6.49
141852609@N0543926235812.jpg,6.25
davis_hsing23397521800.jpg,7.17
53161794@N0625958432176.jpg,5.86
brookeipse24035834885.jpg,5.5
71764263@N0614780585207.jpg,7.14
pierantonio198039652963811.jpg,6.53
orangek716814373970.jpg,6.0
therealmcquaide25936652332.jpg,6.64
kurzik39178532375.jpg,7.41
vstyleimagery43468656620.jpg,6.75
bpchua27265043555.jpg,7.39
131850249@N0429272362452.jpg,6.39
93861936@N0814105475068.jpg,7.42
datja521704634730.jpg,7.44
157650474@N0332927677837.jpg,5.53
eugenemarrerophotography30003940594.jpg,6.42
captaineo38584529632.jpg,6.14
celta416144161333.jpg,7.18
brookeipse37904116576.jpg,5.62
peterwphotography25228823468.jpg,7.14
_insomniac10119446373.jpg,7.19
shinrya42090505344.jpg,6.71
mibreit16552335795.jpg,6.99
christie_by_the_river16293608403.jpg,6.23
92783427@N0826033829691.jpg,7.06
northenderdave37287816012.jpg,7.11
163199244@N0743396798282.jpg,6.27
onascht31659206528.jpg,5.03
linda__sw37860093952.jpg,5.97
robshanghai15355835293.jpg,7.85
celta415041196732.jpg,7.82
yukonblizzard8187000619.jpg,7.87
ash227641010510764.jpg,6.48
francobeccari14438746103.jpg,7.17
schwaco26426950183.jpg,6.75
dreamdeliver14133747594.jpg,7.16
soosaluarvo38308184192.jpg,6.73
101053609@N0540937222771.jpg,6.94
justininsd16522873508.jpg,7.1
digianalogue76351699.jpg,6.55
pbmultimedia22775001425.jpg,6.5
22928450@N0519576784046.jpg,7.67
nenadspasojevic31437987803.jpg,7.27
angeljimenez13887554586.jpg,7.25
163199244@N0743396752082.jpg,6.79
waynemethod39814141.jpg,7.22
flcherb7096061671.jpg,7.11
leannecolephotography25299701912.jpg,7.16
cubagallery14038501666.jpg,7.42
67664089@N0719310409708.jpg,6.43
anekoho12148676374.jpg,7.78
eniogodoy24729102054.jpg,6.0
gvfx20324646806.jpg,7.13
144427175@N0432114191108.jpg,7.29
kurzik37671632405.jpg,7.28
ee77050327572995831.jpg,7.09
karstengieselmann41111828975.jpg,7.6
45960275@N0538769257005.jpg,7.29
160009022@N0545189494125.jpg,7.08
64743966@N0216884710822.jpg,7.15
georgeplakides13904760540.jpg,7.04
bryaniceman16202002249.jpg,7.48
justinluebkephotography19350940223.jpg,6.48
penguinsailor45870141242.jpg,6.71
paco_calvino30431024843.jpg,7.24
daughteruptree27920072234.jpg,7.34
michaelholden12526968174.jpg,7.33
ee77050328459612152.jpg,6.78
fiftymm9932962930083.jpg,7.77
98395686@N0721790089608.jpg,6.5
125101667@N0438748172660.jpg,7.2
104638495@N0416994419156.jpg,7.47
bryaniceman22865789683.jpg,7.45
emily_endean26022064188.jpg,7.83
bartpalka24875663469.jpg,7.62
scottbaldock10993879426.jpg,7.86
cubagallery8686001144.jpg,6.91
tunguska_rdm10464094183.jpg,6.6
silvia_photog45087073544.jpg,7.08
microrna85011352610823.jpg,7.48
160009022@N0544089494320.jpg,6.47
33703016@N0340554723021.jpg,6.58
cubagallery11745170046.jpg,7.71
silversldr14329275736.jpg,6.78
eric5dmark24997638153.jpg,6.98
128319368@N0827805304473.jpg,7.34
orangek728452967421.jpg,6.8
tonyshi21759845039.jpg,6.85
elenaleong29109809833.jpg,7.88
106705450@N0339552091341.jpg,6.49
ashleydiener16160872933.jpg,6.6
robshanghai9655625040.jpg,7.57
95990309@N0839244797961.jpg,5.88
131355885@N0832020605365.jpg,6.93
leannecolephotography27063549092.jpg,7.65
ee77050326989015375.jpg,7.01
alexpoison15486540528.jpg,7.77
pjarc46225886994.jpg,6.8
klauskehrls23165651319.jpg,7.46
112125470@N0311479250965.jpg,6.79
kurzik43861282020.jpg,6.87
andrei_21192626175.jpg,6.79
129344985@N0538675014745.jpg,7.82
elenaleong27879003575.jpg,6.99
102739648@N0323076111973.jpg,6.67
buckshotjones39926760542.jpg,6.75
75487768@N0431065520000.jpg,6.75
jonathangrossphotography17204367619.jpg,7.05
leannecolephotography24718028865.jpg,7.3
tranghoaihung27564768545.jpg,7.37
ee77050326592006541.jpg,7.36
78914827@N0236839501603.jpg,6.2
joakimkalmar31602371714.jpg,6.97
fgazioli31053896273.jpg,7.08
cubagallery6509684407.jpg,7.02
danielcoyle26584614090.jpg,7.81
129304527@N0825212824679.jpg,6.72
75487768@N0430084705221.jpg,6.78
toddye200024409453569.jpg,6.9
martijnvdnat24764087667.jpg,7.27
133356233@N0321927434258.jpg,7.06
tozaw38304418644.jpg,7.62
brinkervelt201127419792539.jpg,7.42
46228501@N0838859555711.jpg,7.35
37034324@N0524552221339.jpg,6.0
angel-hurt8333095926.jpg,7.71
fable111833397623376.jpg,7.53
wil_100043974357742.jpg,7.15
octavbobe16326194490.jpg,7.0
kenny_barker38469521650.jpg,6.71
karinavera24184698093.jpg,6.72
yvonneraulston24735691538.jpg,6.87
christian_from_berlin28015844565.jpg,7.19
ponomarevsergey39065511614.jpg,6.72
144014230@N0647695750742.jpg,6.76
night86mare12068946414.jpg,7.92
coolmcflash35823602003.jpg,6.82
ee77050326988679150.jpg,7.17
130589740@N0419537302094.jpg,6.21
phg_voyager26080438166.jpg,7.17
blackstation24729614302.jpg,7.21
154928152@N0632700501007.jpg,7.81
rp_ang16636372706.jpg,7.04
bryaniceman12925718583.jpg,7.31
chrisrsouthland25180221569.jpg,6.66
30488440@N055940250749.jpg,6.76
benni6521065813443.jpg,7.5
j_phillips8370184110.jpg,6.86
toniphotos24574854600.jpg,7.12
chibitomu6515679617.jpg,7.0
photovibes37888058022.jpg,6.73
eugenemarrerophotography27956344016.jpg,7.65
ralfs-fotos29836154344.jpg,6.62
102739648@N0346458533482.jpg,7.4
126568250@N0217042963545.jpg,6.37
christie_by_the_river42243349474.jpg,7.63
104224622@N0431263578947.jpg,7.37
alialtomihi44066599842.jpg,6.56
elenaleong38467313156.jpg,7.87
yannick_lefevre-photography16489526352.jpg,7.75
kjkmep23962242356.jpg,7.79
naibank36032617693.jpg,6.77
124841879@N0838152611041.jpg,7.03
wil_100027589521466.jpg,7.04
anna49215426828951.jpg,7.36
76937733@N059182298060.jpg,7.81
121055687@N0634692317896.jpg,6.68
eliza_d16503968642.jpg,6.38
126330948@N0521832155218.jpg,5.4
mariano-mantel33573827948.jpg,6.79
131850249@N0437525807264.jpg,6.77
javiergirbes23447179064.jpg,7.52
ee77050327888294275.jpg,6.79
hak8716698760586.jpg,7.55
georgeplakides14111432953.jpg,7.03
127593369@N0616213691400.jpg,6.63
21028294@N0644414003634.jpg,6.77
emirato28743568518.jpg,6.64
penguindave42663500394.jpg,7.7
154030903@N0440444970521.jpg,7.28
31779113@N0623472664884.jpg,7.37
flcherb28144636238.jpg,7.79
lioneln37122413393.jpg,7.31
31779113@N0623433727473.jpg,7.54
gregoryrohan40271982224.jpg,7.37
bryaniceman16810664201.jpg,7.98
105775153@N0233090738320.jpg,8.06
67163551@N0747558436131.jpg,7.87
bartpalka31294709548.jpg,8.71
77462054@N0220046175633.jpg,8.16
kaimingwong26162773842.jpg,7.22
gregoryrohan25660060068.jpg,7.33
ponomarevsergey44880600891.jpg,7.77
sandmania2610636636.jpg,7.9
onascht32945879842.jpg,7.44
ainst15145349836.jpg,8.04
160009022@N0545817789151.jpg,7.96
fable111821314729112.jpg,8.11
105902246@N0638381758264.jpg,8.15
10157133@N0825522839757.jpg,7.92
georgeplakides14182222806.jpg,8.19
lesliehui27033581130.jpg,8.05
hak8714241405390.jpg,8.25
plotzphoto21291343150.jpg,8.52
123895834@N0836997958960.jpg,7.87
tigerchen49923288111332.jpg,8.21
rschnaible24629036826.jpg,7.74
118295943@N0533810187506.jpg,8.04
markdonovanvancouver22569307671.jpg,7.75
163199244@N0741637157820.jpg,7.38
davelawler50879129206.jpg,7.01
123895834@N0834602665065.jpg,7.62
frankmartinroth17055564474.jpg,7.64
lrod14988462615.jpg,7.73
zeeyolqpictures36606386244.jpg,7.62
ash227643093283741.jpg,6.67
raulcano8222028700962.jpg,7.58
drymna14106104140.jpg,7.71
125877475@N0643777013032.jpg,8.38
bryaniceman16811939650.jpg,7.29
moe_ali29475786684.jpg,8.07
ellenvddoelfoto26974973008.jpg,8.46
brechtvhb24199999244.jpg,8.04
peterlevi8470957826.jpg,7.81
gregoryrohan36523924611.jpg,7.33
tvlongsp21746445768.jpg,7.65
simon_xu21693963835.jpg,7.93
boblastic16819719161.jpg,8.03
esotericrecollections23919392818.jpg,8.38
88683001@N0616212157276.jpg,7.64
lakota4115045559453.jpg,8.05
peterthoeny31011088176.jpg,8.32
130396555@N0322936631575.jpg,7.54
eugenemarrerophotography35002218995.jpg,7.97
ash227636875735460.jpg,7.63
21028294@N0642714307825.jpg,7.22
157094265@N0843843081795.jpg,8.02
kikomeinkater28312844989.jpg,7.15
133284774@N0740203083222.jpg,8.0
gregoryrohan37357272376.jpg,7.12
131317927@N0528814886110.jpg,8.05
tonyshi25361529871.jpg,7.71
emirato33682429218.jpg,7.12
lunaryuna29800263282.jpg,6.86
yaochingliu25032897078.jpg,7.57
therealmcquaide20347559949.jpg,7.68
rf10047713786741.jpg,7.97
philippgoetze26412380105.jpg,7.58
josbuurmansphotography45081787724.jpg,7.33
33703016@N0331773903095.jpg,7.58
jenshaggren16800207147.jpg,7.13
rp_ang16987797311.jpg,7.29
elenaleong32340454391.jpg,7.42
anekoho24013703744.jpg,7.31
fable111821144226401.jpg,8.34
74112261@N0537097285144.jpg,7.97
yukonblizzard20197381553.jpg,8.32
reupa34046894582.jpg,7.79
davidcl0nel36676468492.jpg,7.28
153534027@N0642432869011.jpg,7.25
elusive--4631455343.jpg,7.45
jannikdiefenbach21156884762.jpg,7.73
photosgabrielle22436784472.jpg,7.85
gregoryrohan37250420814.jpg,7.2
fable111821917158361.jpg,8.11
tomms27012162790.jpg,6.86
fable111820478693815.jpg,8.43
rw-v25909655228.jpg,7.04
ellenvddoelfoto25936792897.jpg,8.48
mabonora19660805082.jpg,7.72
124841879@N0837442831934.jpg,7.86
38181284@N0625950185474.jpg,8.13
mc_chan23436299743.jpg,7.78
144036725@N0526982408334.jpg,7.44
11924475@N0644236669805.jpg,8.0
enigma0221128893244327.jpg,7.39
alexb4017080744266.jpg,7.85
67163551@N0722736090669.jpg,7.99
bryaniceman17537876260.jpg,7.42
fiddleoak15258032217.jpg,6.33
knottydread17123321801.jpg,7.86
kikomeinkater30494920688.jpg,6.75
thorstenkoch42580508975.jpg,7.14
karmaji26973567836.jpg,7.92
fable111824746731667.jpg,8.3
88398914@N0637352602774.jpg,8.16
rp_ang19695899868.jpg,8.04
96586097@N0346896961282.jpg,7.21
jenshaggren16913633826.jpg,7.12
126633124@N0825285451016.jpg,7.42
ucietipa39340805565.jpg,8.19
ateenschen16054670161.jpg,8.13
110262051@N0240408238400.jpg,7.0
westendfoto26076369087.jpg,7.14
112125470@N0332047550953.jpg,7.58
luisflor21325975495.jpg,7.28
146233806@N0837565780204.jpg,7.62
kaimingwong22759148392.jpg,7.5
136698858@N0632031153502.jpg,7.25
tiascapes24685549647.jpg,8.05
dwallick14456112873.jpg,8.21
julien_cornette16945173250.jpg,7.17
129082935@N0815702728990.jpg,8.12
132454635@N0823681320759.jpg,7.59
117239517@N0815842452766.jpg,8.1
121744505@N0626763578245.jpg,8.13
jenshaggren25026976753.jpg,7.88
kurzik45842014611.jpg,8.71
emirato45489635341.jpg,7.79
36980226@N0831777956245.jpg,7.25
deslee7434530875290.jpg,8.44
westendfoto30167393672.jpg,8.14
141738594@N0437995606631.jpg,7.76
chollsjr35200313756.jpg,8.21
rp_ang16704462424.jpg,8.08
olivern26256756855.jpg,7.79
fable111821150749862.jpg,8.59
martasusanaperez32515248054.jpg,7.25
kevinszhou29791138970.jpg,8.28
130273838@N0447006531064.jpg,7.49
113362615@N0716756977502.jpg,8.11
kevin137walker37786095924.jpg,7.63
darbu_photography32308926171.jpg,8.01
133284774@N0740203084512.jpg,8.47
daveholder27724607190.jpg,8.75
41319639@N0814441172137.jpg,8.74
davidbulir44421483041.jpg,7.7
138779282@N0525902222311.jpg,8.57
fable111823547120380.jpg,8.35
amirshayani27856997124.jpg,8.73
taylorbate27662216860.jpg,8.7
olivern26068487024.jpg,8.57
tomasjezek45274874471.jpg,8.04
westendfoto30079904585.jpg,8.24
adamwortman24909952889.jpg,8.5
