image,score
chris_vd_merwe3382202705.jpg,3.33
_olku5777210395.jpg,2.38
15872876@N071747662054.jpg,2.63
acimcration5560984662.jpg,2.75
72226765@N004026821825.jpg,3.25
wnelweb2723653896.jpg,2.21
95103455@N00346082430.jpg,2.38
harveydogson3210126134.jpg,3.25
28415208@N054244439140.jpg,2.58
brunobord3904421060.jpg,2.5
mambolove474212613.jpg,3.02
72226765@N00500955466.jpg,2.68
96932393@N00484879470.jpg,2.52
lonelyghost872717769355.jpg,1.79
tanjica2234941843.jpg,3.23
samwisegamgee692107855201.jpg,2.22
dedecay3974569050.jpg,3.15
hewijew3103843199.jpg,2.53
10479534@N051733471622.jpg,2.5
rr_msw4232616449.jpg,3.17
12193129@N081999736250.jpg,2.68
ellenm14772732599.jpg,2.87
soulspin33722875.jpg,2.26
debstromquist6073827889308.jpg,2.75
timdrivas5989295780.jpg,2.63
36240130@N064037400861.jpg,1.83
nomafs2646817170.jpg,2.71
red-mandy4043913892.jpg,2.75
bluegoose99992597244344.jpg,2.62
mrdurdan5123014158.jpg,2.4
tim_hxc5020330725.jpg,2.32
stormyinga2638333258.jpg,2.41
tirau_dan43766742.jpg,2.01
samwisegamgee692341107384.jpg,2.26
arrogant_presumption652997758.jpg,2.41
firms-b5350922018.jpg,2.66
zargari1809110063.jpg,2.37
20954040@N032180586688.jpg,2.5
gedawei2339748680.jpg,2.9
spirosk2778268372.jpg,2.44
34449193@N00484867217.jpg,3.33
sula1133212207273.jpg,2.62
karampatsos5654986621.jpg,3.38
toocoolringlady2656888802.jpg,2.62
cipidos3491640596.jpg,2.49
hapaphoto3550349178.jpg,3.22
a-spirit3942167805.jpg,2.38
suzam173084657.jpg,2.16
flossy05063035759367.jpg,3.83
94717300@N00853240241.jpg,3.56
nikonsnapper4801146803.jpg,2.63
adrienkorhonen4810293651.jpg,2.58
yelema1448575282.jpg,3.5
rkramer623971682880.jpg,2.44
starwatcher554675535013.jpg,3.17
delina127332134.jpg,3.09
11886618@N073664257284.jpg,2.05
duygu121926839.jpg,2.44
natu10244633939596.jpg,2.57
focusman5283426330.jpg,2.74
photoferret2607609866.jpg,1.86
arataphotography4254910423.jpg,2.75
chibietotoro132321547724.jpg,2.06
wnelweb2722831487.jpg,2.5
jaysontan2573745163.jpg,3.44
bub_563397284432.jpg,2.62
zrimshots141722180.jpg,3.54
ondorn083442809383.jpg,3.03
parade-parade2853421921.jpg,2.12
premierehdr7030037131.jpg,3.91
16332375@N082668377664.jpg,2.92
arekev2771049918.jpg,3.1
donna-w2310505775.jpg,3.44
musicgrl234932863216.jpg,3.1
39103429@N023759758838.jpg,2.79
finlap2911685210.jpg,2.79
gangie2766122333.jpg,2.65
thebonnieblues2669363026.jpg,2.41
felixtcat481234905.jpg,2.3
poetry-and-truth548085877.jpg,3.32
the-challenge2558807381.jpg,2.7
cdharrison4706677352.jpg,3.02
my_little_c3406449599.jpg,3.52
derbaum150514800.jpg,3.18
crellis20093962603255.jpg,2.65
23808616@N083704430676.jpg,2.81
38651913@N002634110834.jpg,2.39
photosfromkat3453603177.jpg,3.02
poto-originalz1290729351.jpg,2.37
57797466@N086223187364.jpg,2.88
williansp5473387837.jpg,3.2
imogen_miklos3592581638.jpg,2.5
jwoodphoto456226649.jpg,2.86
porsche89y1252151364.jpg,2.56
redvers820781397.jpg,2.24
ffgoatee259486338.jpg,3.82
25579913@N072499575792.jpg,3.63
slack12296099770.jpg,3.0
afu0072674743560.jpg,4.18
38133391@N074193587420.jpg,3.46
keidong3736228054.jpg,3.83
kalookine4838523855.jpg,2.72
sunshinetoday1681257059830.jpg,3.31
amthomson3369646757.jpg,3.38
_boris1934011358.jpg,3.31
jackieb16343404352.jpg,2.82
mambolove500375211.jpg,3.16
marialuisa2211831771.jpg,3.83
34061443@N088264036967.jpg,3.67
serye2688170826.jpg,3.03
together82572687869.jpg,2.83
134724394@N0326585171102.jpg,2.88
3blackdogs21684240365.jpg,3.97
118823267@N0330005986706.jpg,3.16
childish125348821.jpg,4.19
varlamov3441990838.jpg,3.87
kana_movana29188501944.jpg,3.94
babskenara6026154605.jpg,3.33
8vrednefed709716481.jpg,3.31
boomhotnessmonster6107552041.jpg,3.15
photoyoop6946778298.jpg,3.18
naththu2347830124.jpg,2.84
rxheel5764607492.jpg,3.73
tellytomtelly27855284264.jpg,4.12
95994086@N002595825954.jpg,3.12
pcfannet26678938763.jpg,3.47
locomotion747505412.jpg,3.44
chelsealroberson3531932353.jpg,3.35
50860520@N065977233558.jpg,3.67
kriam6009377887.jpg,2.91
jaclerigo26972192016.jpg,3.45
renate-europe29000575580.jpg,3.62
dekiota18725518548.jpg,3.78
tomquah31888903291.jpg,4.29
robert_smrekar29879150252.jpg,4.93
pixelgewitter30389484646.jpg,4.83
sonicaeronautic17801901260.jpg,4.12
94990298@N0524945728791.jpg,4.0
9631696@N0522671658937.jpg,4.14
8142007@N04561447083.jpg,4.25
jesspictures20222032734.jpg,4.59
jonina_oskarsdottir4176752059.jpg,4.8
foryou2see20294762730.jpg,3.4
12085534@N022604825582.jpg,4.57
24848163@N0819266491745.jpg,3.48
135358278@N0727893862590.jpg,4.19
valarun3659550333.jpg,5.14
garstangpost28863809676.jpg,4.14
valter493409920862.jpg,3.57
rededia25809268852.jpg,3.59
lilfr3828809848784.jpg,4.27
chris_vd_merwe429188109.jpg,5.3
enginvarul27983445616.jpg,3.58
kokebreakadb2271668510.jpg,4.79
johnduggan28506658285.jpg,5.08
hayashina20677759570.jpg,3.31
margoul129770186793.jpg,4.02
zstincer4917474850.jpg,3.33
kbrown24651293252.jpg,4.37
mimmo-da-chiavari3892763948.jpg,3.75
davelawrence827432689862.jpg,3.03
readerwalker28834466335.jpg,3.54
135189128@N0441326261381.jpg,3.9
47148237@N0616662152230.jpg,3.83
thuyhn4969537571.jpg,4.52
43293929@N001416462059.jpg,3.59
betty_an23757505502.jpg,4.54
barbaraelaw22067186963.jpg,3.76
lyonsnate20859937009.jpg,3.26
bmasdeu29278085233.jpg,3.86
145182727@N0331317438595.jpg,3.85
ailognom29937317900.jpg,3.69
mamilein3895693171.jpg,3.78
90133211@N0528455707740.jpg,3.85
jaclerigo27058072220.jpg,3.67
michaelmclphoto22563008079.jpg,4.33
mosscroft-images27723074354.jpg,5.12
bmasdeu26600222354.jpg,3.35
vyshak20922624910.jpg,4.86
51162047@N0025534396856.jpg,4.8
aniamendrek30254098671.jpg,4.28
jesspictures20885904541.jpg,3.48
zstincer5052760859.jpg,4.83
16727904@N0714346806243.jpg,4.58
klonowa28061322381.jpg,4.7
mmoments31223817625.jpg,4.84
kernowseb20418017679.jpg,5.1
132158866@N0528440208036.jpg,4.22
26314150@N0423440884314.jpg,4.69
44181937@N0229339404061.jpg,4.86
kerann16766631941.jpg,4.85
smiller99921048084825.jpg,3.87
notkalvin24468779120.jpg,4.58
persona_natali27673946950.jpg,4.27
52104148@N0228034534425.jpg,4.56
jturp25890507002.jpg,5.42
ape42314309059524.jpg,4.25
shotsbyrocky28461954842.jpg,4.31
funkyporcupine27630582952.jpg,4.48
85474712@N0626653550426.jpg,4.17
99255026@N0719407224729.jpg,3.55
uploadme27361697652.jpg,4.08
125825969@N0223210144921.jpg,4.83
mmoments28847604965.jpg,4.64
128941656@N0425126948255.jpg,5.68
donmillertogo28138107123.jpg,5.24
toocoolringlady2923327301.jpg,4.97
47179567@N0314347107485.jpg,4.64
erzengel6929757203580.jpg,4.42
128314420@N0515084020483.jpg,4.62
schofz14010738974.jpg,4.11
williekalfsbeek16142801852.jpg,4.72
jaclerigo26902874762.jpg,3.81
114187629@N0829644311451.jpg,4.0
sunip3816057130.jpg,5.29
114352266@N0618817380424.jpg,5.4
lexpix_29792587842.jpg,5.11
9306531@N0729336869496.jpg,5.11
korgan754527153909.jpg,5.12
grzegorzpolak27521470346.jpg,4.33
kalvodesigns25769548653.jpg,4.38
136041805@N0624288748986.jpg,4.26
128924064@N0828154629841.jpg,5.04
trixter1325242010265.jpg,4.68
henkverheyen26145088284.jpg,4.65
daniel-fodor27917302696.jpg,3.49
marcosnr9223151379460.jpg,4.72
diogo_gasparetto2887351141.jpg,5.27
134275473@N0428280438516.jpg,4.08
95781742@N0510425805935.jpg,5.04
rpac7823649096883.jpg,5.85
wng55514636848598.jpg,4.8
86813892@N0022829210095.jpg,4.08
80114487@N0316940177641.jpg,4.71
charlottes_flowers28724595194.jpg,4.5
mmoments19205196991.jpg,5.28
ok67456339804.jpg,4.71
funkyporcupine27779431262.jpg,4.5
starlisa18034118048.jpg,4.9
116174093@N0729167609320.jpg,5.35
34733480@N0326175560473.jpg,4.84
133286821@N0221505749324.jpg,3.79
davelawrence817952802940.jpg,4.54
samer4810159539.jpg,4.72
fortunes201115302290454.jpg,5.06
jonina_oskarsdottir4259298639.jpg,5.09
93174139@N0314250883078.jpg,4.72
klnyc3728268000.jpg,4.9
33792231@N0027291665130.jpg,5.1
photronaz26690582486.jpg,4.76
ok8888ko22913654525.jpg,5.31
141273443@N0729843865923.jpg,4.71
10276215@N0326614990751.jpg,5.06
-lino-24985056151.jpg,4.3
pvh_photo14695781676.jpg,4.94
clbarret20034419088993.jpg,4.7
acky90428679006825.jpg,4.87
jurek_durczak28401388053.jpg,3.8
jaappol18993137868.jpg,4.04
imagomagia26113457376.jpg,4.47
soldisee24767958085.jpg,5.12
zegaby26443111612.jpg,5.7
71025477@N0029810047036.jpg,5.49
22240552@N037883680386.jpg,5.76
banibani1428469173.jpg,4.54
luismarina26373291445.jpg,4.83
62524522@N0828997664532.jpg,5.69
hamperium_espana3607473401.jpg,5.11
elmhlawyamolecular31593770932.jpg,4.33
jonina_oskarsdottir3523856728.jpg,5.47
124272854@N0515469904142.jpg,5.0
jackhasta15183669937.jpg,5.08
15514374@N053765122348.jpg,4.03
cserfaty32579642025.jpg,4.29
andreasmueller28343021090.jpg,3.75
pixelgewitter28308623044.jpg,5.23
joka20002765345486.jpg,4.35
masri_rasti4981641382.jpg,3.94
stuartonline30757379114.jpg,5.34
85474712@N0626072266846.jpg,4.54
24904322@N022927906683.jpg,5.47
frcornelissen17902377945.jpg,4.82
zstincer5000107020.jpg,4.84
15514374@N053780722362.jpg,4.52
nathalie-photos22039545559.jpg,4.71
127092602@N0515557705372.jpg,4.71
55558729@N038456629545.jpg,5.43
ivanterziisky19142517781.jpg,4.38
gurlovleen20554831012.jpg,4.23
pondpisut18663641960.jpg,4.63
jesspictures19160839385.jpg,4.12
mmoments25319330795.jpg,3.92
52088852@N075780826794.jpg,5.29
marcosnr9223421027026.jpg,5.33
27457334@N0231519474223.jpg,4.78
borisbox18345568088.jpg,3.96
studiodobs24782106185.jpg,4.96
shakar_photography27239720072.jpg,3.98
12678461@N0828650398471.jpg,4.45
timboss816161613263.jpg,4.67
connectingpax22532523161.jpg,4.36
99965634@N0322581722634.jpg,4.73
27434783@N024704820517.jpg,5.06
jodymiller13740123584.jpg,5.97
87106931@N0020772579861.jpg,5.7
boran_pivcic28295688601.jpg,5.33
wng55514823446495.jpg,4.36
funkyporcupine29308100291.jpg,4.71
firetowerphotography29148677162.jpg,4.88
bigsleep150993368.jpg,5.91
dimaruss3420253833850.jpg,3.78
127658624@N0622989363693.jpg,5.44
fabiorage15519823380.jpg,5.59
travelhaha11921314923.jpg,4.22
107778463@N0411832948753.jpg,5.54
126892185@N0426504198522.jpg,4.94
57789731@N0814566904282.jpg,4.58
105871707@N0621692758141.jpg,5.67
141497803@N0525307695569.jpg,5.45
andystones6426391930380.jpg,4.92
128809500@N0616114982520.jpg,4.59
46019178@N0525149479636.jpg,5.64
ailognom30199038806.jpg,4.59
orionsm19227507774.jpg,4.96
93753158@N0713661527893.jpg,5.38
137134772@N0423676838600.jpg,5.74
40386452@N057171001471.jpg,5.73
142385469@N0828060577060.jpg,4.79
zacpierce19752766805.jpg,6.0
97737300@N0315607807627.jpg,4.95
142278689@N0328830669326.jpg,5.1
127311540@N0226419021011.jpg,5.12
mangomargarita113455611.jpg,4.04
maxgag28366970826.jpg,5.29
104694701@N0230815974020.jpg,5.81
tychosnose32039275375.jpg,5.25
shastadaisy20083534999038.jpg,5.29
vegarshansen15462933453.jpg,5.23
jer7421043702976.jpg,5.56
47743368@N0616953479542.jpg,5.65
xtraphoto25650746716.jpg,5.33
103486784@N0214107201630.jpg,4.52
grzegorek3350380779.jpg,5.54
foratalawsi28172508163.jpg,5.46
golden_asha15366576194.jpg,6.29
koosdewit16226656913.jpg,5.24
133679476@N0821845246961.jpg,5.19
47743368@N0620525722268.jpg,5.12
daddysaurus24641695802.jpg,4.74
lenis09877905033004.jpg,5.42
paulsimpsonphotography27681235142.jpg,5.93
adleveritt16982178441.jpg,4.87
78627914@N0827301492613.jpg,4.96
maktrak28431045846.jpg,5.05
fizbot9499463312.jpg,5.14
nicklucas30121362032.jpg,4.8
eric_12198211783328.jpg,6.04
victorroblesphotography25907697392.jpg,4.17
joans_stuff25188619256.jpg,4.85
99255026@N0717198338916.jpg,4.51
rainbowcave28132875525.jpg,5.65
payne170320243189462.jpg,4.76
emptybelly2451874331.jpg,5.5
43191208@N0220685530715.jpg,5.08
henkverheyen26623223455.jpg,5.28
goran7415731390191.jpg,5.67
algo2326224601.jpg,5.61
17469730@N005985445798.jpg,6.8
102709054@N0521258964373.jpg,5.36
134463254@N0723908091079.jpg,5.29
99139597@N0213628336183.jpg,5.05
idineshsoni29723595464.jpg,4.73
goerner5744056858.jpg,5.41
86813892@N0022154946314.jpg,4.52
irreb_rent28896045086.jpg,6.48
129019661@N0329097341021.jpg,4.64
134905883@N0727142627422.jpg,5.03
bluemed24187590023.jpg,5.03
kayjayell14216273504.jpg,5.65
21620485@N0829038528215.jpg,4.89
82108132@N0325253875319.jpg,6.29
golden_asha23477035205.jpg,5.49
99255026@N0726138264220.jpg,4.54
uploadme26128854856.jpg,5.11
120862522@N0424103985520.jpg,4.84
spiritualblue29229386823.jpg,4.33
99255026@N0726534354946.jpg,4.57
ralphstewart15279167491.jpg,5.29
wondersighting2188028040.jpg,5.42
majeczka262434280.jpg,5.38
lucie-averill14491326000.jpg,6.38
marsmith720633350403.jpg,5.01
hiker562333743137.jpg,5.8
jesspictures18732629403.jpg,5.25
cside496315452.jpg,5.21
pikeyc29580460680.jpg,5.47
ketosea2384837736.jpg,5.13
etunar14293958517.jpg,5.85
99255026@N0720599805555.jpg,4.72
99255026@N0728863960696.jpg,4.85
27298457@N034954129905.jpg,6.33
trojanwonder21650894920.jpg,5.31
runcolt119197132596.jpg,4.92
marcosnr9222863279534.jpg,5.39
jesspictures20749794401.jpg,5.21
images_fantasy6888206026.jpg,6.13
129019661@N0329844273894.jpg,5.36
60032534@N066500148869.jpg,5.34
130819462@N0431620558942.jpg,5.18
images_fantasy7166453646.jpg,6.31
jesspictures20690744650.jpg,4.85
40215212@N079409087930.jpg,4.63
126515611@N0726422195011.jpg,4.86
anna_kos22883631421.jpg,4.84
119509436@N0624308784523.jpg,4.88
26700938@N0525748832833.jpg,5.87
134660554@N0226626378814.jpg,4.77
110154554@N0422835352858.jpg,5.73
26211965@N045085332565.jpg,5.65
122139716@N0620067701030.jpg,5.69
andreasvoegele26359731121.jpg,4.93
joannarb200914877259586.jpg,5.49
proseyr29133601522.jpg,4.78
mseeley129328948582.jpg,5.33
davidyuweb29710546724.jpg,5.28
69839820@N0014727931897.jpg,5.41
93516970@N0430219515646.jpg,6.12
rschuetz8570533069.jpg,5.5
122135541@N0224780006649.jpg,4.58
radimersky22943151619.jpg,5.2
132203812@N0329821303943.jpg,4.82
geby27779989253.jpg,4.61
48206448@N0620874450701.jpg,5.39
7524487@N058175293953.jpg,5.77
georgiesharp19958145413.jpg,5.48
andystones6426059483774.jpg,4.39
137578060@N0326996160764.jpg,5.08
iainmerchant30591426430.jpg,5.28
meganemccarty27207961133.jpg,4.56
136006780@N0526021381442.jpg,4.75
horstphotoart25751400551.jpg,5.31
128713675@N0530136227935.jpg,4.96
gcfotographos30167825874.jpg,5.56
fionnlukphotography21568966645.jpg,5.24
86813892@N0022788908281.jpg,5.04
840410121302339809.jpg,4.58
niggley27822789845.jpg,5.5
syzygyphoto32400222632.jpg,5.01
helmutgondim465046588.jpg,6.04
141775351@N0429949646662.jpg,5.02
fionnlukphotography15042549685.jpg,4.33
62501323@N0829437983280.jpg,5.23
sebschneider6460007935.jpg,5.46
gels227166792638.jpg,5.9
diogo_gasparetto3063994976.jpg,5.5
sebastienloppin28619676302.jpg,4.62
climate_stillz22175187111.jpg,4.85
tracies-photos11148215356.jpg,4.96
136883734@N0730486922415.jpg,5.71
paulhollins19429009928.jpg,6.0
99255026@N0720267135121.jpg,4.28
gamaufvisuals22098942074.jpg,5.83
worcesterkevin9644131167.jpg,5.99
88198496@N0421434783048.jpg,5.09
robynhooz15133097897.jpg,5.43
zeeyolqpictures27143885155.jpg,5.9
danielhopkins13374360034.jpg,5.19
96236102@N0729504753755.jpg,5.65
adriapaez25144680275.jpg,5.68
syzygyphoto22014575534.jpg,5.31
lucie-averill8668016287.jpg,6.41
11815777@N0730455341972.jpg,5.3
jesspictures20690839568.jpg,4.94
beaufinley31278435015.jpg,5.85
ibrahimfiraq456516988.jpg,6.32
picturesbywalther29051403171.jpg,5.8
ioankal28878538056.jpg,4.97
_majestiele15127479226.jpg,5.63
solidstate1027730084974.jpg,5.53
mysticmusenyx8608165873.jpg,4.84
nana03137204289194.jpg,5.31
lenlangevin21797349075.jpg,5.98
stevejm200924197395755.jpg,6.18
56098857@N0424230920766.jpg,5.17
juanapo27789255523.jpg,5.4
85474712@N0624310870274.jpg,6.11
bookriver32547951225.jpg,6.02
120862522@N0428881223661.jpg,5.65
ralphstewart17129338227.jpg,5.63
rigie28064361905.jpg,6.26
60073719@N0411103579055.jpg,4.96
97004809@N0626913186310.jpg,5.46
victorroblesphotography23098961019.jpg,5.06
brian10417548769454.jpg,5.83
136784402@N0622826633034.jpg,5.1
129623207@N0618370446831.jpg,5.96
lenlangevin24822427515.jpg,6.62
romanresek21218644844.jpg,5.21
imthatgirltheytalkabout3889276973.jpg,4.84
alvinharp25503109501.jpg,5.82
vagabondgirl6321065951879.jpg,5.86
56098857@N0424546027833.jpg,5.04
124706007@N0522870011164.jpg,5.6
49214499@N0629822861236.jpg,4.54
shastadaisy20084112035314.jpg,5.75
zstincer9463453804.jpg,5.91
goatcrossingimages21485001092.jpg,6.12
135358278@N0728365168642.jpg,5.69
99255026@N0726280135241.jpg,4.89
vlad_ionita_photography28977524552.jpg,5.26
7633797@N0529381785965.jpg,6.07
102241336@N0625693191734.jpg,5.76
20129943@N0527545826632.jpg,6.35
anthonythomas1515371206.jpg,5.87
31143451@N083235780735.jpg,6.42
sreetama16295028223.jpg,5.62
99255026@N0724737069684.jpg,4.88
lisa-37-lethen14091918474.jpg,4.82
chrisbrady73727485219261.jpg,6.02
69839820@N0026781394256.jpg,6.44
sirix27781317760.jpg,5.61
michelegrazia9607699537.jpg,6.12
120833037@N0618393445696.jpg,5.64
yonatansd26753691996.jpg,6.1
brian10417368947935.jpg,5.38
bokis-foto_man24380644159.jpg,6.2
luigiremonti30993293612.jpg,5.64
sdekouadio20666676665.jpg,4.56
haqiqimeraat26081851342.jpg,6.03
111990893@N0431178245414.jpg,5.67
gr3g0_6625110659332.jpg,4.99
jasohill8578465007.jpg,5.48
micha-6320542405675.jpg,5.49
andymcwatters15332113874.jpg,5.75
dwights_photography14624940990.jpg,5.86
syzygyphoto22315008700.jpg,5.75
nana03137216059884.jpg,5.77
robinbirdman28829157556.jpg,6.25
golden_asha28016411341.jpg,6.58
jimatkins-sr20078105522.jpg,5.4
hig_3724184894362.jpg,6.11
125913197@N0227908332106.jpg,5.79
wng55514843275493.jpg,4.94
fabiotee23826266872.jpg,6.04
sarahbelle1765242606.jpg,5.13
sacheff201216392569484.jpg,5.88
28841566@N0527368683484.jpg,5.38
ekovalev127856927170.jpg,5.42
blackrain129247753583.jpg,5.12
kaimingwong21030281649.jpg,4.85
jurgenkubel16771341994.jpg,5.54
bmasdeu29153777733.jpg,5.05
caristo9256925442.jpg,4.47
elmoredodge18315329842.jpg,5.22
mrcubs31012790284.jpg,5.73
85474712@N0629839631633.jpg,6.04
88198496@N0414136576532.jpg,5.54
firehole3103478819.jpg,5.63
119736803@N0224869108429.jpg,5.31
131159122@N0522812145724.jpg,5.67
grzegorek3345822103.jpg,6.0
davidkeochkerian5097908250.jpg,6.36
lumenscript31925389030.jpg,5.35
keppler14557568918.jpg,6.17
123686708@N0530023587622.jpg,4.56
87127914@N0619849124106.jpg,5.75
68449261@N0815703504990.jpg,5.14
xelor3962057526.jpg,5.28
22079885@N023326762970.jpg,5.94
hjwmpa27605248374.jpg,5.11
110646993@N0723560784394.jpg,4.58
57707242@N0814640007897.jpg,5.01
96224489@N0224153232580.jpg,6.22
c_kammler6814015263.jpg,6.08
zardoz6932508021295.jpg,5.29
andystones6429651736572.jpg,5.58
60179651@N0310753638825.jpg,5.38
sendautopica30058836872.jpg,6.05
84935187@N0415027197570.jpg,5.46
tjeann258572677.jpg,6.34
brian10417258621164.jpg,5.31
99139597@N0218149078523.jpg,5.17
29335203@N063219117509.jpg,5.92
sdekouadio21105940561.jpg,5.15
56098857@N0421506300905.jpg,4.58
5adv521708383504.jpg,5.15
blues_boy14651869388.jpg,6.25
63977906@N0032237703972.jpg,5.46
133573740@N0425138169561.jpg,5.51
infomastern23183270506.jpg,6.03
126200552@N0831715823044.jpg,5.79
88198496@N0415466928253.jpg,5.88
carolannie24516088259.jpg,5.87
122135541@N0229869893512.jpg,6.06
fionnlukphotography21652683386.jpg,5.9
1-thefinalcut29761203226.jpg,5.76
pat-netwalk25410668440.jpg,4.96
15514374@N053140810297.jpg,6.64
60073719@N0421031951430.jpg,5.22
g0rsty15534916227.jpg,6.21
ggpics29177851005.jpg,4.96
lucie-averill24673038615.jpg,6.88
dorinser30397668604.jpg,5.98
cubagallery7429911760.jpg,5.94
marilenamarchese_photography12091542043.jpg,5.6
chockolina9729896571.jpg,6.02
andyhough15512352406.jpg,5.61
infomastern29483892523.jpg,5.69
99255026@N0728005128960.jpg,5.52
eddyskylaxwelburn30407399976.jpg,5.13
halilsimsek18806038995.jpg,6.13
137578060@N0330173170752.jpg,6.45
shackleton1211726468995.jpg,5.88
tim_bilder15206893455.jpg,5.91
erkohl29400848313.jpg,5.45
22113092@N032261747478.jpg,5.62
peia971715916.jpg,5.68
88198496@N0431440867313.jpg,5.71
dragonfly102327816217690.jpg,4.76
10668686@N0620422734990.jpg,5.88
stefano_5929214958395.jpg,6.53
luz-marsen24487219849.jpg,6.04
146638634@N0230295194364.jpg,5.44
dafomic24127470801.jpg,5.85
jeffreycamphens28857653811.jpg,4.99
bencue4822603102.jpg,6.87
rschuetz23118090285.jpg,6.63
100776999@N0324725440952.jpg,4.65
robynhooz29725725773.jpg,6.71
snorri_s3349415845.jpg,6.33
amobetv16900524810.jpg,5.56
17454344@N0828560279370.jpg,5.82
99965634@N0323248931775.jpg,5.36
danielebisognin16512770343.jpg,5.58
jonina_oskarsdottir2519594044.jpg,6.75
134891668@N0324390917530.jpg,5.51
15465292@N0018327748496.jpg,5.78
viggjo29760725964.jpg,5.75
jacqui_barker_photography13558342675.jpg,5.68
brian10431299422280.jpg,5.31
kat-morgan28929246032.jpg,5.26
99255026@N0729343242775.jpg,5.01
senor_codo28885548084.jpg,4.89
yonatansd26271390794.jpg,4.99
phengyao15342203554.jpg,5.39
kjkmep15749788794.jpg,6.0
144591254@N0530995718726.jpg,5.23
rschuetz18844884933.jpg,5.71
algo4627219152.jpg,4.97
borisbox28451178264.jpg,5.58
cinziarizzo2652454612.jpg,6.33
24848163@N0828033669486.jpg,5.06
ivanterziisky18010608925.jpg,5.13
33416825@N006038739302.jpg,6.62
120319764@N0522131307173.jpg,5.25
durr-architect14960616122.jpg,5.67
real_tokyo16407323815.jpg,5.57
128752642@N0623538008502.jpg,5.62
12946248@N0228173313491.jpg,5.94
splashlight27477425051.jpg,5.33
wernerkrause29583009014.jpg,5.95
tall-guy24991224086.jpg,5.98
andystones6427883239285.jpg,5.88
nrg_crisis32099640326.jpg,6.32
76704355@N0414471176649.jpg,6.83
spaweck15774231051.jpg,6.79
mattslens19920158156.jpg,6.27
olcol525170803.jpg,6.46
124587351@N0628412907840.jpg,6.2
malasing2331313406721.jpg,6.1
14072876@N0830173149196.jpg,6.04
climate_stillz23978318504.jpg,5.96
129648924@N0428019776124.jpg,6.86
kexi26128064511.jpg,5.98
35221756@N0221325475979.jpg,6.55
130838437@N0316977341918.jpg,6.64
12928122@N0222654500873.jpg,5.92
komissarov_igor32150502626.jpg,6.02
antjep31195807270.jpg,5.83
85314460@N0220314502626.jpg,7.04
blueocean6420917755550.jpg,6.04
87127914@N0619676110569.jpg,6.22
paddystream30560885161.jpg,6.05
kjkmep18022888048.jpg,6.76
micha-6321085203109.jpg,6.45
giuliograziano15283841144.jpg,5.43
gregheath5765511875.jpg,6.48
danielcheong4335585958.jpg,7.42
anniemacd16616212885.jpg,6.46
algo3002078070.jpg,6.42
marionchantal20834945834.jpg,6.11
142633891@N0526965471850.jpg,6.05
127350202@N0228286157841.jpg,5.78
aushiker28514547170.jpg,5.97
135335248@N0429847737080.jpg,6.61
vemsteroo28779140174.jpg,6.38
nzpix19667234788.jpg,7.02
137748707@N0327786369520.jpg,7.0
mr_samson21588202235.jpg,6.88
jacqui_barker_photography13587096515.jpg,6.55
143815809@N0230011808502.jpg,5.71
soniaadammurray9511505944.jpg,5.11
masterofphotos6500081845.jpg,6.67
lensdrak21200246966.jpg,7.28
valleyflowerpower15074294616.jpg,5.55
moosebite3816873665.jpg,5.42
technodean200031730390494.jpg,6.04
128422849@N0818032936186.jpg,6.12
130838437@N0316544795993.jpg,5.69
lucie-averill16340558326.jpg,7.58
nitrok27469051294.jpg,6.47
48826521@N0828796340124.jpg,6.31
lisa-37-lethen26279550863.jpg,6.69
gertvanhaecht22653678204.jpg,6.19
qwertyuiop2557270226.jpg,6.39
cubagallery8306916640.jpg,6.71
anniemacd19968950901.jpg,5.84
berniep27917454671.jpg,6.24
79813986@N0228254050224.jpg,6.42
betsienel23368281714.jpg,5.55
32327761@N0624274834435.jpg,6.78
15465292@N0017665606500.jpg,5.36
emanf810869618144.jpg,5.7
peter-murrell20447081333.jpg,6.94
zebandrews7634138036.jpg,5.74
splashlight27450885712.jpg,5.6
millanprible3313191053.jpg,6.41
anttsichlas6506882305.jpg,7.14
139218859@N0231186375726.jpg,5.7
keochkeriandavid5544773716.jpg,6.73
diogo_gasparetto3832728013.jpg,6.88
114017326@N0515408778803.jpg,4.86
99139597@N0217125638569.jpg,6.35
reddirtpics8801688884.jpg,5.88
marcus_helfgott27861104126.jpg,5.67
99255026@N0728022301465.jpg,6.19
zardoz6932540520795.jpg,5.26
kjkmep15761984751.jpg,6.75
azmiaam2659005942.jpg,6.38
piriya19331635848.jpg,6.17
43338763@N0622200212353.jpg,5.79
135782975@N0729869822493.jpg,6.12
64163787@N0216352228619.jpg,6.31
andystones6429344014863.jpg,5.54
captainmorganme27295212712.jpg,6.32
ivanterziisky24568039219.jpg,6.39
kjkmep21779152708.jpg,6.62
furyu_ginga15750359518.jpg,6.05
pelicanpetesphotos30170143915.jpg,6.05
99255026@N0728920638524.jpg,5.6
hickatee32656010955.jpg,5.43
cnichele6528770661671.jpg,5.57
mrjaisaa31043873546.jpg,5.58
gertvanhaecht29586023860.jpg,6.79
7558695@N0528048504353.jpg,5.95
chriszeib23273424281.jpg,7.1
birdcloud120973665728.jpg,5.58
patel_sagar_23681153239.jpg,5.73
johnecollins14217898956.jpg,7.06
kostas-kalamata27485783011.jpg,5.55
127189983@N0416003645476.jpg,5.38
derhalbling15050349120.jpg,6.69
insanejane30922203715.jpg,4.45
49913397@N057289517618.jpg,6.11
30939846@N0728133317023.jpg,6.5
chriszeib22949393985.jpg,6.93
seba_tf2386223929.jpg,7.15
photosbydi721561720055.jpg,6.7
44592213@N068393749438.jpg,6.13
zahidur-rahman28791039444.jpg,6.75
formosating6672879221.jpg,7.43
142042027@N0328902511422.jpg,6.13
littleredpill28033488965.jpg,6.84
noahbw26430416892.jpg,7.12
141357139@N0330336887261.jpg,6.4
marcosnr9223405063492.jpg,6.6
46019178@N0525726571874.jpg,6.44
rotrauds-kleine-welt24476219234.jpg,5.81
rainbowcave28884268491.jpg,5.89
carlcohen_pics29044592901.jpg,6.14
96224489@N0228599578545.jpg,6.22
heyho58356linda21334826155.jpg,5.25
notkalvin28067753401.jpg,6.23
149884366@N0531619172961.jpg,6.65
kjkmep20645315841.jpg,6.21
eastway21123773398.jpg,7.38
theo_reth4343508602.jpg,6.54
skynoir14718892840.jpg,6.24
22519255@N066195188973.jpg,6.12
andygocher24561507385.jpg,6.14
maggyn18527900902.jpg,6.26
saltymist13568595345.jpg,5.37
jocarlo21700342074.jpg,6.86
98844125@N0415605378942.jpg,6.7
victorroblesphotography27672947686.jpg,5.72
98982638@N0327710094076.jpg,6.67
47474155@N0531806498613.jpg,6.63
connectingpax23783020552.jpg,5.97
fuzzylittlemanpeach7416178694.jpg,5.78
bluefam499142064.jpg,6.38
coolmcflash19634024870.jpg,6.6
123165396@N0626861456893.jpg,6.33
marie_westerbom31354739693.jpg,6.62
mswansonphoto10480978574.jpg,6.29
eric_121911402311286.jpg,7.17
sandy_leidholdt21222452785.jpg,5.85
128938892@N0318148026642.jpg,5.92
pfranche20164272238.jpg,5.75
borisbox24903788637.jpg,5.33
dpe3x24378855912.jpg,6.75
keochkeriandavid10985517313.jpg,6.93
johngpt26885523133.jpg,6.21
marcosnr9223298782072.jpg,6.5
birdcloud115550436570.jpg,5.54
jesspictures19134904976.jpg,5.64
joeri-c6755372513.jpg,6.78
trm4217605265886.jpg,5.92
24515143@N032658453312.jpg,6.44
mfsphotography27075887182.jpg,7.16
krishhtine2345886245.jpg,5.69
142385469@N0828992842871.jpg,5.54
solidstate1018006474923.jpg,6.25
harry20106219304586.jpg,6.87
carolannie28804923231.jpg,6.16
27298457@N034967746863.jpg,5.95
ivanterziisky26778510212.jpg,5.78
radimersky26958462871.jpg,6.62
119088193@N0229378755344.jpg,6.5
88198496@N0416697633287.jpg,6.12
mikeyphillips26216929710.jpg,6.65
7558695@N0514783977820.jpg,6.71
detlefgabriel1729732296484.jpg,6.46
52137344@N0629016646035.jpg,6.94
kjkmep14978269131.jpg,6.87
jarnasen16633215339.jpg,7.38
132203812@N0324901724031.jpg,6.64
133573740@N0429596704804.jpg,7.36
glammydave16558337000.jpg,6.78
aushiker24445066882.jpg,6.56
lenlangevin27593992953.jpg,7.38
129525236@N0628020291942.jpg,6.63
lorenzapanizza28224661740.jpg,6.47
g0rsty22446616042.jpg,7.68
99458274@N0216261257548.jpg,7.2
16706350@N0016160642973.jpg,6.78
andyb237822423349074.jpg,7.13
kjkmep24439268795.jpg,6.5
lucie-averill31645513841.jpg,6.99
144281643@N0230242063435.jpg,6.27
138266929@N0725130340575.jpg,7.09
rescopt27743270871.jpg,6.54
klamurke18416311002.jpg,6.39
aveyardphotography26520783750.jpg,6.38
tisdale5323401926206.jpg,6.92
darek_drapala32023620461.jpg,6.25
annatheodora3372931348.jpg,7.37
129992538@N0228567953112.jpg,6.75
nzpix26166430455.jpg,7.67
111683772@N0215504581671.jpg,7.1
bigpilou23031911200.jpg,7.2
89798305@N0828697626444.jpg,6.44
68009930@N0828982140795.jpg,7.7
77461661@N0428014633010.jpg,6.06
-mlphoto12589873124.jpg,6.91
130443954@N0625342545511.jpg,7.69
rescopt28958168325.jpg,6.44
jnhphotoshop14776617423.jpg,7.64
juandolio15181124576.jpg,7.07
fms-sabine1151963934.jpg,7.44
840410117017040682.jpg,6.3
cjcory17212350209.jpg,6.08
brucetopher25243816843.jpg,7.08
albost15524614626.jpg,7.45
dejanhudoletnjak16511294316.jpg,6.62
eric_121925806843604.jpg,7.35
bytheseeingeye15894239609.jpg,7.49
108630360@N0317324035003.jpg,6.02
97201328@N0229239235843.jpg,6.4
jannapham3480640208.jpg,6.95
pagedooley26698856933.jpg,6.42
mamfphotography31382508633.jpg,5.95
antony5124378350199.jpg,6.81
10276215@N0320842253919.jpg,6.63
oliko219444253205.jpg,5.82
sanlap22519492960.jpg,7.72
15465292@N0017002491577.jpg,6.9
killiduff16559009698.jpg,7.71
jeffclow16296128.jpg,6.5
98179361@N0314687018519.jpg,6.05
96614226@N00528489394.jpg,7.3
jesspictures18973487538.jpg,6.26
jonina_oskarsdottir788282984.jpg,6.9
124590318@N0526705695353.jpg,5.59
60087263@N0016599774228.jpg,6.33
tisdale533759155120.jpg,6.77
marianweiler12985693235.jpg,6.54
stanzim8569419238.jpg,6.7
alanpope26523649932.jpg,6.38
sam0hsong26778199326.jpg,6.8
dorena-wm21094562882.jpg,5.83
lisa-37-lethen16964325205.jpg,6.07
esereth22662945996.jpg,6.86
darek_drapala32385936822.jpg,6.38
oliko228996906650.jpg,6.36
lindsaywhimsy40161015425.jpg,6.57
bracomfotografie29953171992.jpg,7.03
oliko227114822135.jpg,6.03
129313265@N0326019896660.jpg,6.31
zardoz6930307532565.jpg,6.16
andyb237825447681522.jpg,7.3
lucienagheen2563627157.jpg,6.62
128850595@N0821243572244.jpg,6.86
soniaadammurray27151726111.jpg,5.89
lhk_images20586164142.jpg,6.11
hickatee31957838250.jpg,6.08
brettabernethy15234213081.jpg,7.13
jondowns7920959396.jpg,6.73
89765119@N0620493394848.jpg,6.29
emanf811081774106.jpg,6.14
eorus14687566153.jpg,7.33
jondowns9671409045.jpg,7.47
46584449@N0622056195583.jpg,6.81
albost17067577257.jpg,7.22
94400000@N0627654139862.jpg,5.83
christophebrutel22719718684.jpg,7.25
readerwalker15465243411.jpg,6.44
kayjen22705094097.jpg,6.03
130494919@N0527067396755.jpg,6.29
mandz-images8630563089.jpg,7.28
33416825@N006520539391.jpg,6.98
sgitlin28983902353.jpg,6.18
manchepr16762439924.jpg,7.5
esthet5758953040.jpg,7.01
p_revagar20498656784.jpg,6.6
slobodan_blagojevic14557515428.jpg,7.25
allieca22341843082.jpg,7.12
mfsphotography28767310346.jpg,7.11
princessapea26421489114.jpg,6.95
klausficker29646275981.jpg,6.46
climate_stillz22137675109.jpg,6.98
81818521@N0820564406493.jpg,7.03
torsten-reuschling23525868002.jpg,6.64
darek_drapala28753746546.jpg,6.13
lucie-averill16396077452.jpg,7.88
grahamrivers17167188148.jpg,6.77
stifjes21574899061.jpg,6.19
72939685@N0727707447212.jpg,6.3
ibdiver32518473261.jpg,6.92
mwb-photos18060345064.jpg,6.54
128850595@N0829832841125.jpg,7.2
cubagallery8966548467.jpg,7.25
climate_stillz21801600051.jpg,6.91
28500835@N0529004461575.jpg,5.55
yalilaguiselle14907862719.jpg,6.84
dyrkwyst8957191179.jpg,7.45
111719206@N0721296301800.jpg,6.71
102037562@N0429411970044.jpg,6.54
oliko229559911953.jpg,6.73
lorenzoviolone12585263203.jpg,6.03
spiritualblue31657763664.jpg,5.52
74347473@N0230310697126.jpg,5.25
petewphotography26300807442.jpg,6.96
8525214@N0622155994092.jpg,5.7
technodean200018913937759.jpg,7.14
134378250@N0524650792445.jpg,7.2
graphicsgirl92520030940348.jpg,6.83
12496504@N068659664505.jpg,6.71
kldcott31564129623.jpg,6.38
130284270@N0421009475004.jpg,6.46
therealmcquaide26182128852.jpg,7.39
128123193@N0316832577024.jpg,6.34
66906256@N0627004138366.jpg,5.8
zstincer4691735049.jpg,7.22
tebographics7638783642.jpg,7.71
66906256@N0627004117476.jpg,7.04
night-rain31630931362.jpg,7.64
123895158@N0521343199979.jpg,6.88
klausficker5873718007.jpg,6.5
99156812@N0519251751585.jpg,6.33
t_lesiv14347070551.jpg,7.1
sannegovaert4951765988.jpg,6.86
kjkmep26463779365.jpg,6.32
morags_piccies417628413.jpg,7.02
121554267@N0824432104624.jpg,6.23
dsevilla491134213.jpg,6.88
fabio_greco16391211795.jpg,6.33
spaweck28219365952.jpg,6.77
98944801@N0815566007906.jpg,7.17
latitudes4557735906.jpg,7.67
bigvern12636945859001.jpg,6.88
kabtan20920603666.jpg,5.92
rinogas12835210345.jpg,7.38
agedsenator6975498429.jpg,7.41
oliko226917203584.jpg,6.18
7558695@N0529223775696.jpg,6.7
kldcott25395873556.jpg,6.98
kuhnert_nl31397358991.jpg,7.29
formosating12175069744.jpg,7.11
31779113@N0622816767688.jpg,7.37
136103584@N0526091997611.jpg,7.6
bracomfotografie25619095756.jpg,7.56
126641884@N0515430073848.jpg,7.7
estartv19419339794.jpg,7.26
129852415@N0728045939952.jpg,7.54
98395686@N0727792831282.jpg,6.92
luzifr28848700760.jpg,7.57
treerosephotography18912833003.jpg,7.97
98179361@N0318980225306.jpg,7.28
101053609@N0524356660101.jpg,6.85
93211533@N0419817198759.jpg,7.65
16727904@N0729425624102.jpg,7.04
56462773@N0718234707014.jpg,6.36
kumaravel19516087404.jpg,6.85
cjcory25664049626.jpg,7.0
joserra_irusta8182269484.jpg,8.39
dlaldrich16519547994.jpg,7.38
eric_121926147823383.jpg,8.01
evgheni_buchrest9222855539.jpg,6.95
kjkmep19107683784.jpg,7.23
bracomfotografie27397694395.jpg,7.99
wdbowman20320316982.jpg,7.28
pedrolakes29446828994.jpg,7.25
129575048@N0819582823491.jpg,7.62
st-pic32251904175.jpg,7.44
98844125@N0422617816960.jpg,7.45
116276464@N0528272247616.jpg,7.42
klausficker29290075666.jpg,7.61
jesspictures27558617830.jpg,6.29
kachipata26740878016.jpg,6.49
129852415@N0728740249222.jpg,7.83
kjkmep18556322290.jpg,8.11
torstenhein27602108580.jpg,6.92
cjcory28458033813.jpg,6.49
spaweck14145542540.jpg,7.02
lmarquez23849701720.jpg,7.49
135037635@N0322833241670.jpg,7.17
challenge_fx20876982828.jpg,7.16
ian_mcc14304601123.jpg,7.67
48206448@N0624063098219.jpg,7.35
leahbiernacki16786184658.jpg,7.37
124130353@N0814593823884.jpg,6.22
129852415@N0728253447366.jpg,7.94
kevjeff24286117585.jpg,7.67
eduardomazzeo25419388355.jpg,7.92
simondownham29972524182.jpg,7.22
rasskipper27652025461.jpg,7.53
25555363@N0830644506130.jpg,7.45
132692163@N0621423505546.jpg,7.5
guinicholas29207855760.jpg,6.64
kuhnert_nl32221610342.jpg,7.21
karstengieselmann25528013865.jpg,7.46
lobo_luo15115681516.jpg,7.01
67717458@N0218852548262.jpg,7.44
solanosnapper14547719323.jpg,8.12
jnhphotoshop16355136365.jpg,7.48
keithmidson24987546121.jpg,7.73
cubagallery25975894365.jpg,8.32
altugkarakoc16511166057.jpg,6.83
elenaleong27469595213.jpg,7.64
126330948@N0520597794069.jpg,7.29
mcsnowhammer6800528161.jpg,8.27
dougsooley14716122310.jpg,6.99
98395686@N0725218365625.jpg,7.53
28189469@N0616047333039.jpg,7.77
rschnaible26574654904.jpg,7.14
13980928@N0315610364463.jpg,7.92
andreas_klodt26275854926.jpg,7.13
jeanmarieshelton20813435801.jpg,7.83
freddyolsson14599144487.jpg,7.42
cjcory18883159999.jpg,6.78
harpahrund20203409334.jpg,7.5
richardamlewis14627969905.jpg,7.71
100860509@N0725320383493.jpg,8.22
edwin_schotman22045165592.jpg,8.23
sathellite21334895483.jpg,7.63
125969625@N0828468604135.jpg,7.87
nezihiyavuz26518398466.jpg,7.08
hope77730581077460.jpg,6.94
bracomfotografie14272832749.jpg,7.88
129799228@N0826963961504.jpg,6.98
toddye200029320547694.jpg,6.82
132692163@N0627006745921.jpg,6.97
92459736@N0818929523719.jpg,7.06
33703016@N0328615435404.jpg,7.23
kjkmep20087480534.jpg,7.2
kjkmep15116346356.jpg,7.15
rschnaible26953237990.jpg,6.7
124824821@N0630284955392.jpg,7.71
jinchinlin26542799386.jpg,7.17
ikewinski27318436144.jpg,6.99
sunandmooninn15513075276.jpg,7.28
dietmar-schwanitz17063704692.jpg,7.12
129799228@N0823172222651.jpg,7.48
spaweck22200222104.jpg,7.58
quizz346713211.jpg,7.75
-c2k-27516821753.jpg,6.91
146379395@N0529436960041.jpg,7.1
konaelf16508867274.jpg,8.05
tclaud32550690945.jpg,8.02
peterzenger22437831902.jpg,7.07
125756599@N0629051419475.jpg,7.17
123097342@N0429832476631.jpg,7.39
bracomfotografie16417985159.jpg,7.36
schneider-lein29543765650.jpg,7.86
124773805@N0627391028061.jpg,7.78
bracomfotografie21182625573.jpg,7.61
theo_reth16742188405.jpg,7.5
aisthanomai24950227756.jpg,8.29
icemanphotos31692488423.jpg,7.69
neugieriger44515758552.jpg,7.79
jenshaggren26499784844.jpg,8.02
ansomarry25002948153.jpg,7.41
abasa22951096014.jpg,9.04
bracomfotografie37625309442.jpg,8.29
kostakis27754586166.jpg,8.41
ljsilver7130956343394.jpg,8.61
133870155@N0321467379954.jpg,7.7
kwajezdej28329274894.jpg,7.65
bracomfotografie31726620823.jpg,8.8
xminaa30668386524.jpg,8.48
55864922@N0521777337004.jpg,7.74
ajtomaz28942098166.jpg,8.3
lrod19890759483.jpg,8.3
kostakis31228470375.jpg,7.35
blavandmaster20327081880.jpg,7.58
marcusrahm28898572090.jpg,7.54
130497974@N0229450089234.jpg,7.48
132414696@N0825950734834.jpg,8.21
yasmine-hens26102742973.jpg,7.25
toddye200027807530486.jpg,8.39
alvinpurex30448200163.jpg,8.34
99442184@N0316759966615.jpg,8.73
stevetaylors16475092782.jpg,7.54
enrico-cusinatti29347805072.jpg,8.04
kerkaya15329614878.jpg,7.57
