image,score
deloresrandall2898985442.jpg,2.58
81795001@N002164611333.jpg,3.31
onefromrome479502759.jpg,3.25
minzahlahaji3704141541.jpg,2.86
candyflanagan3220337657.jpg,2.92
raman-rambo6223435640.jpg,2.85
fridgeirsson5939260941.jpg,3.09
therealme1516794996.jpg,2.69
erbertozani1595922173.jpg,3.3
32271890@N073020059810.jpg,2.58
soldiersmediacenter3992417861.jpg,2.34
rotschift290756269.jpg,2.96
dave_spriggs5215095230.jpg,2.23
starheadboy5742647851.jpg,2.03
x-dark--tokyo-x3758195682.jpg,2.55
kaaskop2205269689.jpg,2.08
cpwalong-082248087392.jpg,2.6
caparros322706153486.jpg,2.54
bella_bellinsky279691395.jpg,2.08
smiling_da_vinci378217096.jpg,1.81
ronjbaer2088190742.jpg,2.42
74108677@N006888755820.jpg,2.54
jsuplido3113958783.jpg,1.63
backroomproductions74115527.jpg,2.82
zghazzal3924427221.jpg,2.3
golden0094508204249.jpg,3.5
thenari2268804394.jpg,2.6
lenareh2546163387.jpg,2.41
candyflanagan3221185410.jpg,3.46
silverdrake2135789913.jpg,2.45
jodixkaos2400358371.jpg,2.43
kitpfish398924080.jpg,1.97
rwhitlock2241109122.jpg,2.37
candyflanagan3220341979.jpg,3.85
10449573@N062053574029.jpg,3.04
debbie_hahn3085974116.jpg,2.21
peapanne288926992.jpg,3.01
chandramarsono3222418413.jpg,2.46
areabridges4142013414.jpg,2.29
veganbirdphotographer4056419620.jpg,3.95
evanandcandace3039756881.jpg,3.12
margaridasardo403335497.jpg,2.6
jayjmorales5691108711.jpg,3.52
jijis008831551999.jpg,3.67
21680353@N052853324446.jpg,2.56
78428166@N00514252754.jpg,2.29
veganbirdphotographer4653065376.jpg,3.6
unitedcolours183574826.jpg,3.34
veganbirdphotographer4056417684.jpg,3.53
cezare3449275973.jpg,4.05
nathanus2561446503.jpg,2.94
imageplate51124247571.jpg,2.92
awhk0530501954819.jpg,2.76
lilannfoto4117255584.jpg,4.48
pianomom3109608328.jpg,1.94
photoshopnogo51114244171.jpg,2.8
fairy-queen1801083018.jpg,3.94
eagletom4233225481.jpg,2.66
samlovett253966605346.jpg,3.37
mrhayata3092195469.jpg,3.27
ynammy5727576313.jpg,2.67
veganbirdphotographer4653065220.jpg,3.4
wyo924166980251.jpg,2.15
pavel_vanik4053602954.jpg,2.75
mirkapsak2955467558.jpg,2.85
ktylerconk2374724397.jpg,2.76
veganbirdphotographer4055676975.jpg,3.62
lorilynndesign4698192496.jpg,4.01
jesonisphoto6417606365.jpg,2.79
kellyhofer4257368696.jpg,3.65
porschephile3102002878.jpg,3.19
veganbirdphotographer4055677243.jpg,3.33
seth_holladay119615720.jpg,2.79
harpreetsingh2104563689.jpg,2.16
misshadow3359047373.jpg,2.5
jasonvsweemin384728330.jpg,3.69
toledogirl513507316908.jpg,2.3
foxxyfoxx3556183985.jpg,4.62
7268230@N033020641830.jpg,3.24
30625665@N006044708007.jpg,3.21
riaskiff3139162042.jpg,3.9
robwallace1300069051.jpg,2.83
cougars3103256005.jpg,2.25
d-a-v-e-f-o-s-t-e-r3734484180.jpg,3.12
sue_105122942070106.jpg,3.21
pianomom2475354166.jpg,2.34
yugoroyd3102118221.jpg,2.88
43894619@N027071942745.jpg,1.69
omidk2546389317.jpg,2.54
v1v14n415c44671777132.jpg,3.52
mommyof4ruggies779154765.jpg,2.6
billysbirds3181167960.jpg,3.29
energyface4874270586.jpg,2.25
yane_vision4557291592.jpg,3.05
garageowns2313621725.jpg,1.71
vampire_kitten2069153224.jpg,2.64
christines3764286289.jpg,4.3
doublevivienne3663073116.jpg,1.69
50615330@N086922963594.jpg,3.65
photoenvy_j3479041222.jpg,2.81
62155270@N003597727141.jpg,2.4
tinfoiling2766039309.jpg,3.29
shalmaneser162405652.jpg,2.56
jonsiegel4502383036.jpg,3.04
75885098@N0521134962583.jpg,3.37
brainworm2056751595.jpg,2.58
the_little_one2224879953.jpg,3.21
25956017@N0749744179611.jpg,3.87
emaitchess1103001772.jpg,4.29
eideh2686278633.jpg,3.82
46114780@N025046919105.jpg,3.08
jainbow50282790041.jpg,2.96
jerseyjj51208087120.jpg,2.46
xollob582516113615.jpg,3.6
24468480@N062354704399.jpg,2.59
vrot012142887470.jpg,3.44
childish952183539.jpg,4.6
65089906@N0048762958961.jpg,3.33
sandeepg4139671435.jpg,3.58
brancusi5078695338.jpg,3.36
hozae2116699026.jpg,3.58
mymnm4051622627.jpg,3.81
169646645@N0533963488708.jpg,4.19
162056726@N0650789125486.jpg,3.5
kaynich50477622302.jpg,2.76
145322807@N0851371639978.jpg,3.15
christophersoddsandsods45462915184.jpg,2.92
rolandslakis3227336645.jpg,3.69
brb_photography4586133755.jpg,3.54
27452163@N033302955964.jpg,3.23
brb_photography4862366800.jpg,3.75
missis_jones2114863680.jpg,3.87
hannhell4184746743.jpg,3.38
145322807@N0851264390625.jpg,4.04
nenstra5463001936.jpg,3.69
roijoy51198688806.jpg,3.92
mariamirb5542932909.jpg,4.52
scottod5325163340.jpg,3.31
danielmeigs2681520230.jpg,4.25
ilovescotties3651623121.jpg,3.25
iainmcnally50503353713.jpg,3.83
heller_dk3021085169.jpg,3.23
simplecamolive3308079692.jpg,3.85
chrisfutcher4189191873.jpg,3.99
92761836@N003873893244.jpg,3.78
florida_photo_guy30010682131.jpg,4.59
2handzup191328312823558.jpg,3.73
smileyjo1263202216.jpg,2.83
14143447@N0647140645481.jpg,3.58
31186822@N0324613688239.jpg,4.77
giant_schnauzer24292585003.jpg,4.58
24354425@N0350934886242.jpg,4.83
thesimscollection23360026873.jpg,3.24
machiel_taal7037874947.jpg,4.6
185843522@N0450366105953.jpg,3.58
ryanrules50040918898.jpg,2.84
special_grandma2888343893.jpg,3.46
the_little_one2458951127.jpg,4.36
jainbow33783203808.jpg,3.34
146318732@N0250405642148.jpg,3.75
kaylovesvintage42694716725.jpg,3.63
28592042@N0524845516546.jpg,3.71
marirn50885176946.jpg,3.89
shamujinn28211926700.jpg,3.98
53938275@N0851313325611.jpg,4.47
24842486@N0744574786221.jpg,4.45
larryjay51108333951.jpg,3.02
photoski28579776398.jpg,4.23
clairetimm51306317817.jpg,4.6
amatuerphotographer51139613251.jpg,3.9
66826522@N0029882112216.jpg,3.62
anthoniojsant50611074947.jpg,4.32
rogerioarte48638468697.jpg,4.0
141709180@N0851013875543.jpg,3.54
sicknessclown6078776567.jpg,5.03
43696412@N074044425607.jpg,3.52
idoazul24339242344.jpg,3.88
gilamosaics24067169211.jpg,2.74
137374950@N0637802997194.jpg,4.52
14143447@N0642357913031.jpg,3.89
januszwasik49929356441.jpg,3.83
jamespdeans24322161275.jpg,3.79
159442359@N0850249337041.jpg,3.92
156027042@N0540926918313.jpg,4.07
38075052@N044553667031.jpg,4.21
parismadrid10366209884.jpg,3.98
130281204@N0649904931986.jpg,3.75
189326381@N0851068634556.jpg,4.22
shicksba27221450121759883.jpg,4.22
pustovit15715482121.jpg,3.62
192742334@N0351385277465.jpg,4.46
rapidwinder50606426626.jpg,4.63
christophersoddsandsods45230126775.jpg,3.81
denishc28561687061.jpg,4.42
sulaiman_salikan4015949737.jpg,4.13
carolefamily8046912569.jpg,3.38
130281204@N0648591911342.jpg,3.38
anicecupoftea50278325433.jpg,3.63
rooftop6550907405256.jpg,3.77
solasphotography23328653333.jpg,3.71
fan-t27581519951.jpg,3.6
145322807@N0851379202774.jpg,3.58
amroafifi23946332671.jpg,3.17
28480852@N046162293693.jpg,3.48
12034714@N025013816683.jpg,5.13
132955753@N0740529626453.jpg,3.88
ourania20053303062085.jpg,3.93
theaprum41148604950.jpg,4.11
bgdlynch51185943759.jpg,3.65
carolefamily8046913299.jpg,3.18
af289950595681467.jpg,2.81
136347277@N0327480117814.jpg,3.88
146847719@N0447532818181.jpg,3.79
160084781@N0549763493087.jpg,4.28
halifaxlight15857606548.jpg,3.67
s0ulsurfing47016360901.jpg,4.29
chinavelli50049242788.jpg,4.12
30939846@N0717457260671.jpg,4.44
137702805@N0248698013856.jpg,4.12
luigicoccia26809970504.jpg,4.29
141532063@N0349019894858.jpg,4.06
130281204@N0649005212178.jpg,4.33
decipherment16058883522.jpg,4.05
parismadrid11222354434.jpg,4.0
141532063@N0349020417521.jpg,4.04
wildmountainrose49382512331.jpg,4.51
christinewillis27120644298.jpg,3.79
steelsteve40509349405.jpg,3.54
10433743@N0651294704412.jpg,4.13
charleswelch21630888660.jpg,4.29
badzee104230089920.jpg,4.29
31353839@N0451401217103.jpg,3.92
146786081@N0549823973466.jpg,5.31
norberthpunkt26734634785.jpg,4.42
141382328@N0328081923834.jpg,4.58
emily-noiret25498454065.jpg,4.42
chancreative48868241033.jpg,5.11
77673979@N0750593884366.jpg,4.7
zeeyolqpictures48840999826.jpg,4.33
131365673@N0249959251327.jpg,4.83
106247145@N0631595662012.jpg,4.02
142558998@N0748931555016.jpg,5.61
shannonlindsay49966798428.jpg,4.38
146342802@N0736774631326.jpg,4.17
137759338@N0631237860776.jpg,5.04
rooftop6550907540557.jpg,4.62
jenfields2465870642.jpg,5.2
dimlamp49611019031.jpg,4.43
garryknight51268521445.jpg,5.04
14143447@N0616177041257.jpg,4.03
146616292@N0527053560638.jpg,5.46
zoogal32866015931.jpg,4.5
141532063@N0349020621182.jpg,3.96
freerangebarbie40613412283.jpg,4.56
131171708@N0522032972233.jpg,4.9
virginiabaileyphotography17006017261.jpg,5.11
10433743@N0650039412172.jpg,4.3
ukashyap12778228265.jpg,5.35
52733933@N0034155181782.jpg,4.22
24848163@N0850694632973.jpg,3.77
photodejour36074157280.jpg,4.32
iflook27421147286.jpg,4.55
senorhans4993210953.jpg,4.08
182301810@N0350345519771.jpg,5.44
paulbjones33260213680.jpg,4.71
141532063@N0349020619532.jpg,4.95
48736528@N0049689082073.jpg,4.62
186932782@N0350649643566.jpg,3.84
manoskour32307764004.jpg,4.15
parrot32x49480600673.jpg,3.79
163225575@N0750929956726.jpg,4.46
daniel7630848281358671.jpg,4.44
journaljill17612857183.jpg,3.92
anekoho38030725892.jpg,5.0
132193565@N0817710827744.jpg,5.23
185337817@N0549151848866.jpg,5.35
prakharamba31696241127.jpg,4.65
oleg_pfff51023165952.jpg,3.73
151310890@N0449936862613.jpg,4.16
manyfires28791783737.jpg,4.81
mremnant22660926310.jpg,5.16
jay-salazar31141684402.jpg,4.39
118805214@N0526430807483.jpg,3.26
thomas-riecken8716776689.jpg,4.46
mythoto34274908073.jpg,3.75
carolyneaton14176302302.jpg,4.35
109600996@N0811929386516.jpg,4.35
klarabj27665000164.jpg,3.77
134707595@N0323923458789.jpg,3.57
49304401@N0050180631907.jpg,4.51
jainbow47607743272.jpg,3.96
garyshawphotography50560346751.jpg,4.29
zeeyolqpictures48963058723.jpg,4.95
michaelmu38759717805.jpg,4.48
136073477@N0424251424459.jpg,5.08
lluisbardaji_7024536539229.jpg,4.62
jdwcurtis31080099086.jpg,4.25
100497095@N0245576896045.jpg,3.55
13070711@N0339597879260.jpg,3.71
130281204@N0650768610623.jpg,4.0
nora-meszoly24573854999.jpg,3.66
simpphotos50144598592.jpg,3.8
diola043029582846721.jpg,4.33
135586771@N0226058712662.jpg,3.26
ranjini-v5098969081.jpg,3.67
93207294@N0448866368271.jpg,4.02
133715754@N0646016424101.jpg,4.97
100422289@N0335166561850.jpg,4.29
ryanrules50984375216.jpg,3.34
127343258@N0548852586193.jpg,4.27
jainbow49711006691.jpg,4.07
75682090@N077101235075.jpg,5.52
96741711@N0526738629792.jpg,4.12
79810489@N0425465853982.jpg,4.29
130281204@N0650964746783.jpg,4.02
hozho48899823662.jpg,4.41
130281204@N0650766444982.jpg,3.82
brokenfilms28881480690.jpg,4.93
zaqueufelipe51104981290.jpg,4.57
30128417@N064609719899.jpg,4.61
sasastro51358623017.jpg,5.39
mickb626550158729962.jpg,5.42
122135541@N0224568914811.jpg,5.62
gbigcamera25502916778.jpg,5.29
herrolsen22104674986.jpg,5.59
throughtheeyesofmarcusklotz26024978611.jpg,5.31
caerndow40255779263.jpg,4.95
87303919@N0849977547908.jpg,6.25
tinacatswhiskersflickr49419220466.jpg,5.79
maureencracknellhandmade4502952498.jpg,4.21
ratrodstudios15427566571.jpg,5.38
matejduzel50360960113.jpg,6.14
adnantubic50316334483.jpg,4.91
54188093@N0332276453083.jpg,4.15
65039623@N0549989158313.jpg,4.69
144491124@N0533447190501.jpg,4.62
130281204@N0649005948047.jpg,4.71
118805214@N0531381696192.jpg,4.72
181735837@N0350901337962.jpg,5.31
lancepcastleau50322191411.jpg,4.69
brian-d-campbell50695379751.jpg,4.57
129279450@N0721009864543.jpg,4.84
kustrat19325008828.jpg,4.75
michaelveltman16153475371.jpg,4.88
130281204@N0650769142658.jpg,4.64
69659670@N002319584697.jpg,5.73
robertlangphotography6799993378.jpg,5.32
saadat_med33840362233.jpg,5.25
137710004@N0527731274946.jpg,4.89
rooftop6550907538132.jpg,5.81
130819462@N0448903935842.jpg,4.92
kento201410883680824.jpg,4.64
sweetiepeatie1216407993.jpg,5.15
aaronploog30143299296.jpg,6.3
veljovic32087709273.jpg,4.64
geoffsimages50707106891.jpg,5.73
20127329@N0631667842448.jpg,4.13
jordanrussell4023469790.jpg,5.29
31528704@N023483107346.jpg,6.68
12495774@N0221565933865.jpg,5.7
sage_rhapsody33749544098.jpg,5.5
30689792@N0050352654517.jpg,4.59
derodeolifant17122489080.jpg,4.83
alessandrocastiglioni50061992231.jpg,4.48
amstelbright49711962003.jpg,5.27
25983570@N048935941436.jpg,5.79
sion-darkness17606535789.jpg,5.42
tizianananni26951958052.jpg,4.62
csiminis14883631065.jpg,4.78
rockypix43398239125.jpg,4.82
154573875@N0536408178753.jpg,5.17
24848163@N0824704491451.jpg,3.75
greg-collins18353947460.jpg,4.13
pagedooley9637929648.jpg,4.04
163225575@N0750938093371.jpg,5.5
wobblybear6111254795.jpg,5.9
sevdelin_atanasov50305325232.jpg,4.72
sjw_pics25824697923.jpg,5.6
maxwelldavisphotography25943916821.jpg,4.77
30326442@N0828453149422.jpg,5.0
144718716@N0531929737166.jpg,5.22
grantgrieve44135119400.jpg,4.74
trixter1320089661888.jpg,4.2
thom_astro31242765410.jpg,5.6
oliverdavis22592828481.jpg,4.92
43237667@N058892868823.jpg,4.43
101362934@N0524596701636.jpg,5.7
sdekouadio22982986336.jpg,5.54
glickw14212740335.jpg,5.07
65039623@N0550975345778.jpg,4.27
adampop20591410935.jpg,5.12
eznix31653241531.jpg,5.36
kadryskory23849451225.jpg,4.92
hsjr_cms51386431911.jpg,4.41
182301810@N0349779992883.jpg,5.1
joeyd1219557405081.jpg,4.67
wojtekphotography38617886655.jpg,5.57
gonzatakahashi50867867317.jpg,5.02
saumalyaghosh48384722012.jpg,4.58
117594947@N0824399088671.jpg,4.9
barbara_luel49062920818.jpg,4.61
aviana37600614176.jpg,5.96
107901012@N0416161581416.jpg,5.38
beegee4942616288402.jpg,5.08
87127914@N0615092861358.jpg,5.39
54576605@N0026960603851.jpg,4.54
158920813@N0232017167608.jpg,6.08
synk__love2792355533.jpg,5.5
greenstonegirlpix50868000516.jpg,5.96
scottyo3427920415891.jpg,5.8
thedirtysouth49387615322.jpg,5.67
130281204@N0650765897987.jpg,5.25
michaelveltman27488640153.jpg,4.79
silentbruce21656197383.jpg,5.21
michaelchandler8055510552.jpg,4.92
rumimume24694630367.jpg,4.2
hannu_ho21952710158.jpg,5.29
yurifiguenick16587454396.jpg,4.94
rowrlm14182113580.jpg,4.99
190409030@N0351409374489.jpg,5.77
cuppyuppycake23766187550.jpg,5.26
68353565@N0027008569752.jpg,4.81
187894322@N0549863338317.jpg,5.12
90746777@N0516679210134.jpg,4.31
shanefu22385825837.jpg,5.55
paloetic8848767354.jpg,6.04
chris_gin2313273990.jpg,5.27
kazuyukikawahara28259070923.jpg,4.22
pfishing13331982143.jpg,5.33
125034436@N0826298061002.jpg,5.14
130281204@N0650765785321.jpg,5.0
amstelbright50969223888.jpg,4.88
136883734@N0724935573772.jpg,5.84
130281204@N0650964746348.jpg,4.55
timthetrumpetguy48804520287.jpg,6.08
emaglierinella18416716192.jpg,5.75
donlunzo1611448302463.jpg,5.48
nora-meszoly24260805741.jpg,5.3
sheila_sund32864697427.jpg,5.35
leuni5345805763.jpg,4.89
45622937@N054192574136.jpg,5.21
131441002@N0320472953996.jpg,5.25
muslimpage5531069770.jpg,5.08
zeeyolqpictures12521252814.jpg,4.29
queensy3029718437.jpg,5.47
garyshawphotography50559649603.jpg,4.95
hernanpc14748503992.jpg,4.83
carbonman-bottombracket51122463696.jpg,5.08
rubenovic39589324152.jpg,6.26
13070711@N0332673862427.jpg,4.5
stefanws32128888536.jpg,5.94
66517237@N0415556040806.jpg,5.42
oliver_odd18753950223.jpg,5.53
rackelh32118592317.jpg,6.31
beegee4937340870755.jpg,5.62
vicroga211550849542828.jpg,4.5
30032906@N0827028274184.jpg,6.08
haani1848733693.jpg,6.42
130281204@N0650964770232.jpg,6.25
adnantubic50316341868.jpg,5.94
despird29997635695.jpg,6.42
catchlightdon36632379694.jpg,5.5
ebcreation26547618792.jpg,4.59
windsorterrorist17316675706.jpg,5.72
iloveyoubastard4691326782.jpg,4.38
123482213@N0230887929243.jpg,5.56
themagiccity31108413773.jpg,6.96
159398689@N0841934826722.jpg,4.92
borealnz4054476861.jpg,4.15
poldarkk31065294800.jpg,5.45
larrybraun13916892620.jpg,6.28
hugo_poon32555568153.jpg,5.71
127174128@N0515494996407.jpg,5.44
83646071@N0031716201230.jpg,5.33
birdlives926526472666.jpg,5.64
charlottegeary3011824380.jpg,5.8
pixelmama5343835202.jpg,4.86
howiemudge33836415898.jpg,5.23
deejaybafaroy21423020579.jpg,5.51
zeeyolqpictures42547448072.jpg,5.98
81086238@N057954609768.jpg,4.67
jessieleong8033773646.jpg,4.71
carlzochphotography5413136461.jpg,6.06
lenscapbob6713202375.jpg,5.61
jambo5327025712525.jpg,5.71
summitview48174952697.jpg,5.8
49214499@N0614564917614.jpg,5.29
shkurlei19706701498.jpg,5.93
gop3200033107593283.jpg,5.36
stevecorey50202740451.jpg,5.68
155167385@N0851367549433.jpg,5.66
chipyluna23212026931.jpg,5.64
rooftop6550000865497.jpg,5.75
mbatesfoto48928011461.jpg,4.1
130281204@N0650769890606.jpg,5.13
omygodtom21539932590.jpg,4.64
poul_werner31149214902.jpg,6.03
robby_van_moor49069973298.jpg,4.97
patrick_verstappen49870370096.jpg,6.22
okabenozomu51203144215.jpg,5.55
20127329@N0632431221204.jpg,6.04
davidhayes22287173620.jpg,6.69
jenniferblakeley50404711221.jpg,5.91
119509436@N0643663624624.jpg,5.58
herman_chan8759341980.jpg,5.85
manyfires28791783627.jpg,5.03
zeeyolqpictures10623987375.jpg,7.03
deepgreen200950707078776.jpg,5.62
soniaadammurray15440176235.jpg,4.66
gailp2rt24385315421.jpg,4.51
142680978@N0834747700291.jpg,5.63
niggley27667393082.jpg,5.87
wasabeeshots51035435651.jpg,4.94
155643705@N0727557466149.jpg,5.59
87039642@N0049145924486.jpg,5.54
miravalles37009329973.jpg,5.72
flashfix17474523275.jpg,5.47
78853988@N0724002563964.jpg,6.38
michaelveltman46973603315.jpg,4.69
dickysingh16008910872.jpg,6.61
javiy2238860151.jpg,6.18
29487672@N0742290560970.jpg,5.52
161335905@N0543348911975.jpg,4.62
jessejames774719346150.jpg,6.69
97577184@N0430390832615.jpg,4.71
ellenvddoelfoto32263945936.jpg,5.32
jan-krux51284605587.jpg,5.46
113684067@N0334906396945.jpg,6.04
rajnishjaiswal21972599998.jpg,5.49
116119173@N0425187699546.jpg,6.09
193434455@N0351305370140.jpg,5.4
141707522@N0233537006644.jpg,5.75
mr_reverend50441383197.jpg,6.01
chrisbilodeau27981789751.jpg,5.79
emily-noiret27223320434.jpg,5.81
chrisbilodeau30901116371.jpg,6.15
catchlightdon39496573860.jpg,5.15
thomaskarlssonphotos49970665976.jpg,5.97
lesleysilvia234048233.jpg,6.27
tobiashagg21913574666.jpg,6.62
138153795@N0729752486746.jpg,4.96
fool_in_the_rain14046164812.jpg,5.3
wenninparis7819149674.jpg,5.25
markpayton19133066545.jpg,6.4
anandamide39797070515.jpg,4.03
qualls4043561363.jpg,6.67
7401855@N0810775303705.jpg,6.4
devriesd27907243865.jpg,5.71
philconnerssl49875191832.jpg,6.58
brickbuilder71150226945417.jpg,5.5
188874576@N0450053767482.jpg,4.59
emiliajane2280184313.jpg,4.28
jvlphoto6745993207.jpg,6.55
ddunatov47980597443.jpg,5.48
valterpatrial23920113647.jpg,6.05
ozonda5459529382.jpg,5.85
pelicanpetesphotos50269659467.jpg,5.88
philosophia899081305676.jpg,5.71
35980871@N0244293083580.jpg,5.11
naturebytesback27559376495.jpg,6.22
margall6929636722827.jpg,5.83
158920813@N0227382203947.jpg,6.48
130281204@N0650963956688.jpg,5.51
beegee4938910005720.jpg,5.27
135392353@N0535968251744.jpg,6.42
54134914@N005476044681.jpg,6.02
poul_werner50290883662.jpg,5.39
rodneyvdb25158039491.jpg,4.09
157659323@N0851258584950.jpg,6.21
zakir134629062456558.jpg,6.44
panioanphotography50339970363.jpg,5.84
87039642@N0048601732246.jpg,4.77
gop3200017033307781.jpg,5.53
bypauls27509294944.jpg,4.78
shannonroseoshea20122834134.jpg,5.2
nikkilake4298316775.jpg,4.91
143782700@N0849335895652.jpg,5.0
michaelveltman32724451267.jpg,4.92
larigan3332728258.jpg,5.4
gyaban_fr48917946953.jpg,6.56
esperanzamanzaneravelmock26380877757.jpg,5.89
diegonyc4832873990.jpg,6.35
budaianett4578042879.jpg,7.18
150807485@N0434240073366.jpg,6.38
poul_werner51304256793.jpg,5.58
mechanicman8750889884868.jpg,4.54
118280826@N0815944503023.jpg,6.55
mudmapimages12817498435.jpg,5.31
inannabintali49892200198.jpg,4.97
april4184292303529.jpg,6.56
gop3200012548578494.jpg,5.12
nick_mayo_remote_asia_photo50553300352.jpg,5.26
131918475@N0534267267545.jpg,5.99
bag_lady50922190213.jpg,5.82
41460120@N0423395585820.jpg,5.39
147948202@N0444706146900.jpg,5.48
evilerin3565026821.jpg,6.33
17516529@N0025512593914.jpg,5.81
noraphotographysl33026371758.jpg,5.71
143422623@N0248607053122.jpg,5.42
dmacs_photos5387744670.jpg,5.45
rafaellakouka49679274646.jpg,6.0
153179376@N0544228242451.jpg,6.04
michaelveltman49716483877.jpg,4.81
meghadlee49334083093.jpg,5.33
omygodtom35236475901.jpg,4.91
jane64pictures22504072073.jpg,6.27
lot16ca15457706463.jpg,5.56
chancreative48090431307.jpg,5.85
gop3200027702649492.jpg,4.74
67800849@N0322607391698.jpg,6.33
33569737@N074400722410.jpg,6.36
118267701@N0220929840524.jpg,5.89
zeeyolqpictures22225703605.jpg,5.58
salmeroncasanova50534486882.jpg,6.31
littledoodles5377795817.jpg,4.62
shastajak49916609788.jpg,6.25
ziliasfotos2113050792.jpg,6.72
puzzola_family7581897594.jpg,5.64
100087202@N0641001076092.jpg,5.05
noro88432439871.jpg,5.71
annamariahorner392052435.jpg,5.21
33790486@N0821833406176.jpg,6.52
29487672@N0731288696906.jpg,5.39
99585003@N0816660149711.jpg,7.05
bapax38815081814.jpg,6.59
114922647@N0331377366705.jpg,6.58
rhmiller28172669903.jpg,6.46
143893907@N0450595432857.jpg,6.54
birdlives926759433252.jpg,6.04
poocher750164096662.jpg,6.94
photog-raphy4842094505.jpg,6.79
deepgreen200950893691423.jpg,6.04
112711738@N0617347067934.jpg,6.02
13skies32352497288.jpg,6.27
15030115@N0636385898192.jpg,6.54
156191054@N0839841247663.jpg,6.0
106879657@N0826721144334.jpg,5.84
gop3200026456118822.jpg,5.88
gop3200027965171442.jpg,5.15
gop3200046346830015.jpg,5.99
162853551@N0539841662263.jpg,6.06
laurensimonutti5152234111.jpg,5.25
hugo_poon14007863154.jpg,5.7
imagesofdorset22342280430.jpg,6.42
reading-matters26398108056.jpg,7.13
brookeipse40049074410.jpg,5.02
joanneclifford32157693558.jpg,5.73
janchan47942423.jpg,5.95
ashlynmaria14607025034.jpg,5.69
birdlives926248001643.jpg,6.0
bhaskardutta7188270602.jpg,6.1
darrylspictures14389133428.jpg,6.5
hugo_poon22405696618.jpg,6.06
manyfires7650189704.jpg,5.83
34366735@N063363421740.jpg,5.58
fotograzio21525217665.jpg,5.99
ozonda5459530338.jpg,5.83
charlottegeary3460210496.jpg,6.39
70350770@N0815798133315.jpg,6.58
parrot32x18009080515.jpg,5.17
kjessen27259522846.jpg,6.28
thom_astro34626207101.jpg,5.24
129423280@N0616411797012.jpg,7.52
114824943@N0521579261736.jpg,6.41
jasonfutter32567169122.jpg,5.71
happy_snappy16060111797.jpg,6.33
fergusonphotography2165738007.jpg,6.6
agirygula49930008757.jpg,6.43
pedrojcmira30128782103.jpg,7.13
mintypullip18309279218.jpg,5.86
pkata2785702249.jpg,6.19
aeccles9914104243317.jpg,6.06
photocutout16210630560.jpg,6.02
artekuyay21895794054.jpg,6.08
114922647@N0328149486420.jpg,5.98
gop3200019358083602.jpg,5.97
148086066@N0732737164698.jpg,4.98
128331297@N0416103234904.jpg,6.62
soniaadammurray49085691738.jpg,6.13
blende1829684475774.jpg,6.15
hugo_poon14739760187.jpg,5.52
deborahkelland26747661110.jpg,6.27
184126505@N0350513257492.jpg,6.03
scott502450075844562.jpg,5.97
darrenputtock24079383341.jpg,6.72
bigbrowneyez27873194453.jpg,5.49
78853988@N0720575789035.jpg,6.6
40660515@N0544011530350.jpg,5.92
andrejtrnkoczy41062346004.jpg,6.39
vol254075809987.jpg,5.77
186019371@N0251304717016.jpg,6.28
yunogosai28795627543.jpg,5.54
athlos8249768541.jpg,5.97
knulpgallery18398433994.jpg,6.25
gop3200024149629122.jpg,6.16
130819462@N0429351260616.jpg,6.04
140376026@N0636714877312.jpg,5.54
khaniv133811392530.jpg,6.13
thaitxu4888008708.jpg,5.66
simonemalatesta12856849163.jpg,6.91
cjkeddie29118281678.jpg,6.02
beegee4945300669535.jpg,6.19
yerffej9511182506.jpg,5.79
plot1920992462861.jpg,6.47
catklein31588492322.jpg,6.36
bullit1000_014696900095.jpg,5.21
zeeyolqpictures48630837758.jpg,6.17
106123975@N0525020914021.jpg,6.6
jakig2723493041.jpg,7.06
gop3200020799432914.jpg,5.86
gop3200027637068863.jpg,5.71
bruceywan8649121093.jpg,6.25
76105289@N0325851977560.jpg,5.84
ashanti_leshelle3245106454.jpg,6.84
46254591@N00534740810.jpg,7.43
25956017@N0749744180041.jpg,6.89
soniaadammurray36237402916.jpg,5.04
kyliehancock431895837.jpg,6.69
tsu5549978819658.jpg,5.88
miangusapa26472956933.jpg,6.54
olin_gilbert51373091160.jpg,5.61
72334647@N0339657719062.jpg,4.97
kantamate55525583874784.jpg,5.92
standrew_warhola46968810754.jpg,6.83
groundzero0236979674333.jpg,6.38
13skies49261656382.jpg,5.54
137586698@N0751095746061.jpg,5.75
78853988@N0719953205964.jpg,6.49
ozonda5459529580.jpg,4.97
nayeem_kalam10882642684.jpg,4.82
rivercrouchwalker26450854680.jpg,5.72
carhove13198172635.jpg,6.27
130902425@N0532372084636.jpg,5.54
drbillydude19907069011.jpg,6.04
117679407@N0839370523031.jpg,6.08
poocher750071944356.jpg,5.51
bigbrowneyez29089552017.jpg,5.44
thelmagatuzzo49805390566.jpg,6.4
t_hien_p22176188559.jpg,6.26
99548464@N0826318815582.jpg,5.99
courtneyjade2987248662.jpg,6.39
stelling19619221.jpg,7.56
ilovedoodle6810575851.jpg,5.05
9306531@N0723818461300.jpg,6.37
183906532@N0548673235637.jpg,6.0
elenaleong21433377533.jpg,6.36
101362934@N0524938363856.jpg,6.97
danielnebreda27985776393.jpg,6.29
lynket534937872882.jpg,6.33
studiodxavier24220248066.jpg,5.75
worthingwanderer43956245860.jpg,5.7
78853988@N0725352677385.jpg,6.19
gop3200016904719240.jpg,6.09
deanclasen25005675859.jpg,6.01
vujade76215250990951.jpg,5.94
anyamariaphotography7231281176.jpg,6.84
158920813@N0241993754751.jpg,6.47
148093908@N0848087279133.jpg,6.25
136221401@N0427140031140.jpg,5.31
getoutdair28523116864.jpg,5.31
76105289@N0325519917784.jpg,6.23
22936584@N0526056940250.jpg,7.38
toguko25038880946.jpg,6.14
derodeolifant28732914990.jpg,6.77
78853988@N0725471283001.jpg,6.38
agirygula50336912586.jpg,6.17
birdlives925850104554.jpg,6.66
carpeicthus5181623579.jpg,7.37
cupcakez1051382557.jpg,6.0
pagedooley18436316772.jpg,5.12
the_derek6486040919.jpg,6.36
14028823@N023437885932.jpg,5.48
gop3200021068794296.jpg,6.71
porthmeor29930475797.jpg,6.72
22936584@N0523957602793.jpg,6.08
robinraj16415664224.jpg,6.75
che-burashka5896719032.jpg,5.59
23273688@N0749413366913.jpg,6.5
eastwestern28186505135.jpg,6.54
slb-images29091056714.jpg,5.81
pedrojcmira36676686416.jpg,6.63
h_duncan51222827261.jpg,6.19
stealaway50932521882.jpg,6.29
pooldodo26252107125.jpg,5.64
soniaadammurray20623558284.jpg,5.21
97626871@N0639394935232.jpg,7.29
wwwmah_navacom8829050880.jpg,7.42
hayyzphotographyedits40913959334.jpg,5.73
novamoon50691191621.jpg,6.0
144439585@N0649018700973.jpg,6.38
jorisdewe36547766621.jpg,6.14
josmecklenfeld4093038713.jpg,6.85
lexi_fizzle48593268421.jpg,6.44
zawaski49660724662.jpg,6.42
derodeolifant21536911664.jpg,6.53
leonegraph49881958466.jpg,6.68
gerstat16743145078.jpg,7.21
115438345@N0428392863142.jpg,6.83
ranchdoll48135649856.jpg,6.81
131634789@N0529026504511.jpg,6.44
101623101@N0746801428195.jpg,6.28
soniaadammurray41954008921.jpg,5.35
119710783@N0219161371135.jpg,6.48
184297001@N0348982165286.jpg,5.79
33134647@N0723122684573.jpg,6.04
37842934@N0649020783436.jpg,6.52
karine-eye18174516184.jpg,6.63
hernanpc16172836713.jpg,6.63
gop3200038199968261.jpg,6.35
183893221@N0550635668612.jpg,7.58
yousufkurniawan22576882909.jpg,6.48
vincentdevincennes15204902096.jpg,7.54
epavcreativearts46533777724.jpg,6.58
poocher749923673191.jpg,6.55
tambako50803677782.jpg,7.06
13385494@N0214896203203.jpg,7.16
capmarcel49075305578.jpg,6.72
118106855@N0527647794965.jpg,5.98
davidpinkerton6890405560.jpg,7.98
gop3200046373835381.jpg,5.68
morran4268493583.jpg,5.78
jardeniere28832658211.jpg,7.59
broadee16883625100.jpg,6.42
aaronrhawkins46275529732.jpg,6.09
39985442@N0627343561370.jpg,7.55
138450832@N0743815160482.jpg,6.12
gop3200029960801467.jpg,6.94
ulinea20154945990.jpg,5.83
129282843@N0849968520653.jpg,6.0
129234688@N0525074258291.jpg,6.22
vlecolley50969381616.jpg,6.88
bmasdeu37253007975.jpg,6.77
127189983@N0449768246991.jpg,6.69
54277007@N0515624028434.jpg,7.09
101623101@N0749544843423.jpg,6.78
151397551@N0451012402436.jpg,6.65
jamesfox48065530073.jpg,6.86
littletinperson43818361530.jpg,6.16
resinacacia2084804368.jpg,6.67
derodeolifant40819108651.jpg,6.79
cgre-photos26132555259.jpg,7.12
ozonda5459530172.jpg,5.83
willievs27011838045.jpg,6.83
nancyandwayne27105757902.jpg,7.04
ewitsoe27036888839.jpg,5.45
kame350812240213.jpg,7.32
kelly_mccarthy23958097787.jpg,6.87
annarain29855840221.jpg,5.98
145461980@N0328531900804.jpg,6.79
kavas50114099166.jpg,6.78
145322807@N0851368465274.jpg,6.29
ulinea18562537183.jpg,5.98
rajnishjaiswal50246462091.jpg,6.7
jamesfox48065531373.jpg,6.54
78851561@N0226092892524.jpg,5.89
ap001341674790542.jpg,6.37
milliepa49863309206.jpg,6.38
125857418@N0218301098650.jpg,6.67
ulinea26303868490.jpg,5.94
lbpuppy4581545668.jpg,6.97
mrxclusiive50707894881.jpg,7.29
60250038@N0250945615748.jpg,7.0
stephen_pollard31358381782.jpg,5.95
146881050@N0650710157378.jpg,6.81
davidschweitzer51290224409.jpg,7.35
124575223@N0228461865557.jpg,6.47
rvdwaal_foto49409379262.jpg,6.28
128331297@N0423046143779.jpg,7.02
jamesfox48065585847.jpg,6.28
imageclear51211239512.jpg,6.3
30107812@N0525823407407.jpg,6.64
agirygula50005199363.jpg,7.08
amyhudechek23661171782.jpg,7.04
bpchua51249862849.jpg,6.38
78853988@N0720715889326.jpg,6.63
derodeolifant40226759124.jpg,7.2
piscesromance3434084349.jpg,6.29
lefion1409155651.jpg,7.55
58903384@N0425844173348.jpg,5.69
chknowblogs16485218803.jpg,5.69
138450832@N0729274846228.jpg,6.16
frajh48899647372.jpg,7.54
gop3200037482599591.jpg,6.79
gop3200041197806774.jpg,6.25
sjsgirl3676476332.jpg,5.89
taylorgathercole20330679138.jpg,6.11
141496113@N0350221253101.jpg,5.75
78853988@N0725537870136.jpg,7.59
christerkarlstad4327884558.jpg,6.35
78853988@N0719926581363.jpg,7.13
43039595@N0225988202484.jpg,6.51
101623101@N0749484975293.jpg,6.27
angiegott2185772887.jpg,6.02
heidihope4206556975.jpg,7.7
stefanocalio51134388808.jpg,7.12
jamesfox48065530958.jpg,6.67
adettara3254831829.jpg,6.63
stehouwerrecio28767288213.jpg,5.99
poul_werner33490974310.jpg,7.3
101623101@N0749545572157.jpg,6.96
pagedooley28842125058.jpg,6.1
tonyinaus36618046984.jpg,6.19
runqing50224933918.jpg,5.66
142185692@N0433624502863.jpg,6.52
57236302@N0215991189526.jpg,7.09
gop3200034652999371.jpg,6.11
jainbow51378508984.jpg,6.34
theopendoor19479728529.jpg,6.53
129467233@N0742980039972.jpg,6.06
hugo_poon14008550595.jpg,6.43
ranchdoll30466823383.jpg,6.93
184439451@N0450106304503.jpg,6.94
one_love_photo3095831973.jpg,7.73
ashwati19197608296.jpg,6.85
marc5023156778552.jpg,5.35
87127914@N0650106110026.jpg,6.8
187650145@N0450332536208.jpg,6.27
116926212@N0421109373499.jpg,6.48
the-father49879502281.jpg,5.7
74510353@N0751242496344.jpg,6.55
frajh40255002140.jpg,6.87
adamyzhang21995599635.jpg,6.72
eddymixx15424775094.jpg,7.67
elreyfoto8207466624.jpg,7.55
gop3200051136203811.jpg,7.59
giuliaph_33453731848.jpg,7.73
derodeolifant37848328066.jpg,7.54
milliepa50619091622.jpg,7.19
78853988@N0751286681025.jpg,7.09
ralphdog49694548528.jpg,6.37
zakir134649036501141.jpg,8.27
97843487@N0720313625923.jpg,6.69
142342892@N0849598581002.jpg,7.7
jimweaver35520147680.jpg,6.87
graham_paton46127701955.jpg,6.83
photonscatteringandabsorption50972912158.jpg,7.17
jeanniespix29141798951.jpg,7.83
158348682@N0251023324437.jpg,6.98
burrard-lucas4525107441.jpg,7.57
142113812@N0351232362915.jpg,7.5
omrisuissa4503134117.jpg,6.55
jasminestardust50699822212.jpg,7.58
84820139@N0828754955018.jpg,6.98
69335514@N0426468098040.jpg,7.23
glamrusgirl51235645915.jpg,6.83
79841311@N0618399812423.jpg,7.19
138450832@N0740139552380.jpg,7.92
redart_photo11497746986.jpg,7.71
theopendoor39428438242.jpg,7.22
prozac744792482827.jpg,6.75
danhogman17359359440.jpg,7.33
gop3200050815569612.jpg,7.17
len_firecrest27495680224.jpg,7.29
alessandro_giorgi33164267350.jpg,7.66
smilin23209070799.jpg,7.0
gazcreativediver48670056628.jpg,7.69
zgrial49770996807.jpg,6.17
129560388@N0731561240290.jpg,7.09
derodeolifant49004516098.jpg,7.71
189208611@N0851182941099.jpg,7.4
78853988@N0720554134408.jpg,7.97
jamesfox48065481511.jpg,7.31
stellagrimsdale50973274082.jpg,7.95
44049404@N0828034249623.jpg,7.03
hoannguyentrong50227466761.jpg,6.67
10433743@N0648070843468.jpg,6.83
stellagrimsdale51125438037.jpg,7.81
jesspictures27411372900.jpg,7.16
uli_and_ty51134081902.jpg,6.98
patricialewismorgan3491084097.jpg,8.27
davidpinkerton4930400861.jpg,7.38
ozonda5459491782.jpg,6.17
155516039@N0249560152917.jpg,7.08
serenaelia49955793871.jpg,8.04
mikicabgd22656988463.jpg,7.71
gop3200050650551042.jpg,6.44
soundmanstan24891856493.jpg,7.8
jordicorbillaphotography16243513048.jpg,6.63
rh_photographic_art26256216342.jpg,7.77
156677696@N0650030277822.jpg,7.28
salvow51077375378.jpg,7.05
samuelyonnet18686071623.jpg,8.16
bastiank22200721256.jpg,6.33
132396938@N0230315499675.jpg,7.51
torstenholst50296304797.jpg,7.14
milimiklos50602542683.jpg,6.29
jonsiegel9652185532.jpg,6.53
andraspasztor50672274312.jpg,8.2
spartinparxgallery51146968356.jpg,7.47
114778874@N0540122011473.jpg,7.25
omygodtom27685244673.jpg,6.7
benoitpaille6077094473.jpg,6.8
arvind_radha15791968384.jpg,7.36
adriansyah_putera13979367616.jpg,7.71
jamesfox48065480561.jpg,6.98
clabudak33844393125.jpg,6.68
28726735@N0825428417648.jpg,6.67
agirygula49929711421.jpg,8.12
marinforcella30800398946.jpg,7.33
186023041@N0851126169535.jpg,8.08
angelroxley49820462478.jpg,7.06
155690696@N0351191725119.jpg,6.06
137533076@N0450508403433.jpg,6.97
gop3200051317982451.jpg,6.49
idoazul23689758073.jpg,7.62
ekidreki18247985714.jpg,6.86
sadystikasabretooth35292580691.jpg,7.43
gop3200051057040671.jpg,6.89
traceyfoster26623526522.jpg,7.03
121339627@N0634835574340.jpg,7.05
michaelshawkins50550869303.jpg,6.73
130203857@N0244067302325.jpg,7.18
barrykpierce49797248558.jpg,6.68
nrg_crisis51390368132.jpg,6.94
louloulerot15247007095.jpg,6.91
alfredlockwood51317898470.jpg,6.97
prozac744782751630.jpg,7.15
gop3200051269591564.jpg,6.48
derodeolifant50289249151.jpg,7.12
pabbellcruz24098799401.jpg,6.21
vgphotoz47960791596.jpg,7.21
143966226@N0635364808450.jpg,5.97
elise_enzo50428974712.jpg,7.17
badneoaldo24511830140.jpg,7.73
derodeolifant31622878686.jpg,7.71
nick_hang50967280283.jpg,6.98
jamesfox48065480206.jpg,7.18
rabican39452380591.jpg,7.3
hikaru_enimo33474767691.jpg,7.6
aronradfordphotography50633049862.jpg,8.21
140788899@N0726516443418.jpg,7.77
123167375@N0632813497841.jpg,7.04
kasia_derwinska49050027112.jpg,7.55
derodeolifant31296646396.jpg,8.06
158478582@N0551362002982.jpg,7.12
v4vodka49718539956.jpg,6.8
fotograzio25497052750.jpg,7.94
chrisbilodeau22345113652.jpg,8.18
184416533@N0751137057624.jpg,6.28
tahirs_photography43347344114.jpg,8.58
130415070@N0226045990035.jpg,7.98
luisvaladares15188587042.jpg,7.89
j-f-no50335740832.jpg,7.23
124093236@N0419299939906.jpg,7.38
134385668@N0351379476343.jpg,6.76
109474194@N0729988115923.jpg,7.9
nicholevan323138505.jpg,8.3
130284270@N0427451380430.jpg,7.42
margaret_s_sweeny26119978200.jpg,7.5
daveland201143129155512.jpg,8.53
92308738@N0329056773772.jpg,8.92
107849639@N0328889181048.jpg,7.27
bryantrend51328199448.jpg,8.63
98395686@N0724947472192.jpg,7.25
159710896@N0649219832148.jpg,6.88
ania_nyc49085080523.jpg,8.46
jesspictures26543444324.jpg,7.96
useidler18265111258.jpg,7.2
grundyfoot50783711307.jpg,7.72
nemi196823157857385.jpg,7.88
137830686@N0350831327266.jpg,8.6
naenevermora51363778290.jpg,7.47
stevetaylors25109088237.jpg,6.49
97684143@N0424250847684.jpg,7.46
nemi196828245910142.jpg,7.81
hickatee50972016381.jpg,7.27
blog_lookvirtual51347020598.jpg,8.02
