image,score
supern125487665930.jpg,1.92
lfl3696485923.jpg,2.3
imageneation2567104353.jpg,2.23
14814726@N052253160034.jpg,2.24
monkeyone2319816164.jpg,2.58
storyteller7392226896.jpg,3.69
chiarataz2799956514.jpg,2.05
tspauld343630213.jpg,1.83
rovingi1250728747.jpg,1.99
openarms4010636425.jpg,2.33
wonderella5299771954.jpg,3.07
evilcupcake5352671000.jpg,2.23
alpha_auer5934633957.jpg,2.85
33525685@N001453709568.jpg,1.86
krwcra6020876763.jpg,2.68
kailarrific5281516045.jpg,2.24
gpeters3010155104.jpg,2.44
glenhsparky5563725090.jpg,2.73
11176964@N061857012048.jpg,1.99
malingering1549252128.jpg,2.0
tehkici3174653735.jpg,2.53
benmillett291202194.jpg,2.32
pirkipetola3219275993.jpg,2.52
sophiazz133320509.jpg,2.27
omgjewels6201843614.jpg,3.12
dwightsghost5461127604.jpg,1.83
burity_618047090.jpg,2.59
imageneation2583526919.jpg,2.04
glenhsparky5570815474.jpg,2.81
aiaijewell7066645419.jpg,2.29
amants_reguliers5990188793.jpg,3.05
27952033@N073384668496.jpg,3.14
wonderella5230863752.jpg,2.79
kimishowota4461418453.jpg,2.2
lfl4773903106.jpg,2.26
22225882@N065413137735.jpg,1.71
amyashcraft4682975856.jpg,1.82
monkeyone2758407080.jpg,2.2
lilcrabbygal141892292.jpg,2.03
23133090@N055693723639.jpg,2.86
lfl5561752675.jpg,2.21
gomi4067738859.jpg,2.77
pepperknit4210545283.jpg,1.88
ricepot4313148789.jpg,2.92
shesarii4249650993.jpg,2.21
ohallmann6287268074.jpg,2.41
gammelmark7510265584.jpg,2.73
nora-meszoly6406671357.jpg,2.12
liberoliber159516348.jpg,2.58
brendita21508167327.jpg,2.9
soozs3733394384.jpg,2.16
elbeso5010958037.jpg,2.25
lfl3431805197.jpg,2.29
23133090@N055869070836.jpg,2.1
30403889@N065985096981.jpg,2.79
93052519@N002746825923.jpg,2.29
diemk4348300771.jpg,2.42
ohallmann6287281006.jpg,2.58
shabnamashish6589899327.jpg,3.42
kimishowota3468355452.jpg,2.12
graveyarddirt5140778810.jpg,2.09
28531743@N00123750101.jpg,2.96
33587804@N045389358101.jpg,1.99
jademonkee1070602603.jpg,1.74
gherlanezu3350857801.jpg,1.91
sunflowers85588439058.jpg,2.5
udono2401296099.jpg,2.94
librascale5012750544.jpg,2.6
lao-ocean193372419.jpg,1.9
-mina-2561328325.jpg,2.08
su-lin279330432.jpg,2.29
powerpee2194228938.jpg,2.83
72337543@N001221957693.jpg,2.54
glenhsparky6868835925.jpg,2.23
underpuppy3173254108.jpg,3.53
greatpictures2425486514.jpg,2.91
batram296254771.jpg,2.08
azzurra10283384.jpg,2.1
goosmurf1190927544.jpg,2.06
kildall377284112.jpg,2.55
sangroncito3734122318.jpg,3.54
gpeters3249410531.jpg,2.4
nchoz3334067328.jpg,3.97
imageneation2583526565.jpg,2.25
pcfannet3146368177.jpg,2.21
asia_z2647008543.jpg,2.12
findtheapex6849683146.jpg,2.46
ricko1933930474.jpg,2.04
ffg3285048362.jpg,1.94
psbphoto5330653769.jpg,2.94
lunge_org133024373.jpg,2.0
belochkavita167444458.jpg,2.35
katknits3931940356.jpg,2.24
davidleong135367533.jpg,2.81
strph1363565337.jpg,2.32
50832486@N002513874989.jpg,2.01
hamapenguin56873958.jpg,2.18
lfl4507338626.jpg,2.21
29066126@N026052137640.jpg,2.63
sophiadphotography5800514749.jpg,2.88
hypnotic_aubergine113286639.jpg,3.45
toysoldierthor5998504133.jpg,2.16
su-lin124394219.jpg,2.2
yanasawa2566195593.jpg,2.12
al-noof591453310.jpg,2.63
monkeyone2220027757.jpg,2.04
belochkavita516393736.jpg,2.75
abrideu-sets2625659449.jpg,2.75
hariel776549982597.jpg,3.31
stormka5369394136.jpg,2.13
baolongmicrostar5505055513.jpg,3.02
trekkyandy1977501588.jpg,2.63
liyafendi4265682680.jpg,2.17
59158790@N025582969856.jpg,2.77
leeco26851630464.jpg,3.75
clarice62937962035561.jpg,2.88
amyeloise5433609645.jpg,3.46
tepe7774212567751.jpg,2.72
redsnapper94964498955.jpg,3.62
bubblesparadise3349428764.jpg,3.6
foodishfetish6990812767.jpg,3.19
69668444@N037844280852.jpg,3.52
wang_qian_0213862788100471.jpg,3.04
hotair21122782855235.jpg,3.44
tehkici2963464247.jpg,2.64
flute-19645100044366.jpg,4.31
smemon21749710009.jpg,2.96
ontheraks6668314543.jpg,3.58
unitedphotography6133483235.jpg,3.12
junkonatsumi580877826.jpg,3.35
nessachan2465407522.jpg,3.04
bhaktiamsterdam2201562925.jpg,3.46
seannyk2363453276.jpg,3.08
marvin-r7024828887.jpg,3.35
39647689@N044024616665.jpg,4.38
39880089@N054726054804.jpg,3.27
39418634@N077085789685.jpg,3.3
mspt475527911054.jpg,2.54
bhaktiamsterdam2202346506.jpg,3.92
nic_temby2965333802.jpg,3.06
candytangerine1970608291.jpg,3.62
tehkici3069290835.jpg,2.67
aubrey_rose2771572328.jpg,3.01
tehkici2378378341.jpg,2.67
ruthalice433146613327.jpg,2.89
139323395@N0824807858195.jpg,3.02
cd-nikon5448706044.jpg,3.9
myeyesmylight4867853335.jpg,3.92
yhzeng5447411764.jpg,3.79
imageneation2567925988.jpg,2.98
tnahed4583366111.jpg,3.51
openarms4545153000.jpg,3.12
34552993@N024426080901.jpg,3.05
89574346@N0042468412021.jpg,2.78
15819569@N002089709299.jpg,2.83
cheroberta3419652362.jpg,2.21
h4ck3165197534.jpg,3.06
tehkici2615177136.jpg,3.27
16054928@N0726875491033.jpg,3.45
aquariawintersoul41822672742.jpg,3.27
139556185@N0524209187444.jpg,4.25
chinesedwin4305308780963.jpg,3.71
67331061@N0025786898156.jpg,3.37
rene-germany150745097.jpg,3.21
gracinhamarco6215486065.jpg,3.65
fotoaldo464653757398.jpg,3.6
91393324@N0026205349135.jpg,4.25
25611495@N082588900862.jpg,3.44
tsengmengyang40677417415.jpg,3.69
131183654@N0427627626868.jpg,4.03
cuoredimarmo36347158853.jpg,3.05
mastermaq6143213852.jpg,3.71
pimenthe43337114871.jpg,4.1
98884544@N0232189957650.jpg,4.7
alsalam2401348030.jpg,4.65
pr0f27518199622.jpg,3.42
bebetoby3402619483.jpg,4.01
138050847@N0226726006933.jpg,3.45
kenliu90671326.jpg,4.52
edgarandron42298659105.jpg,3.36
dimaruss3423250115823.jpg,3.58
56356215@N0543110869902.jpg,4.73
budor16477937865.jpg,4.53
chanmelmel29497197203.jpg,4.77
edgarandron26727095512.jpg,4.27
snapsforgeisha32585871617.jpg,4.63
148295138@N0325796636778.jpg,4.14
edgarandron43934929181.jpg,3.87
mmm-yoso42981963242.jpg,3.76
fay260322760159275.jpg,3.81
rhadonda17680298670.jpg,3.48
carlos_me14586683343.jpg,3.77
77375175@N0414364075205.jpg,4.83
edgarandron20601031841.jpg,4.52
136204844@N0440455185401.jpg,3.67
158350095@N0343267290670.jpg,3.68
robinsmink18652253520.jpg,3.77
losy4746358370.jpg,4.33
kool_skatkat42759046831.jpg,4.0
128998174@N0229635556730.jpg,3.95
chanmelmel29832337130.jpg,3.84
29721072@N0634167407394.jpg,3.56
britta_58530723059748.jpg,4.24
luz-oculta36903579003.jpg,4.4
wyldlil45634190671.jpg,3.38
michaelmoeller24682143746.jpg,4.43
54303302@N0223790214450.jpg,4.55
sandrapedreira46793540904.jpg,4.66
benagexyz19175389355.jpg,4.1
timthetrumpetguy30619482198.jpg,4.62
roni582030915276645.jpg,3.61
zeeyolqpictures41954219835.jpg,4.71
lulamy200028550878777.jpg,4.86
136204844@N0436619247703.jpg,4.36
28330648@N0330623458303.jpg,4.6
lulamy200041797953912.jpg,3.95
ricko1925891685353.jpg,3.42
69771295@N0818548243459.jpg,3.92
retalesbotijero21855144931.jpg,4.54
benagexyz24749020425.jpg,5.45
139556185@N0524719514202.jpg,4.35
markopoulou28336898291.jpg,3.83
torontosmurf44060484921.jpg,5.4
jadepbloomfield28421116650.jpg,4.28
parismadrid32637118916.jpg,3.62
meeetmehdi27529546074.jpg,4.28
eph281027481961551.jpg,5.0
hayashina36885267880.jpg,4.03
chrisr-photography16898016806.jpg,4.04
131259164@N0826114201131.jpg,4.08
britta_58543133148860.jpg,4.8
arsalrulez27668509116.jpg,3.36
derodeolifant18080669361.jpg,5.65
jjrastero26741903368.jpg,4.41
nickies259537792.jpg,3.4
yizhouwang3358065565.jpg,3.67
edgarandron42479603060.jpg,4.21
suzanne-gibson18988457303.jpg,4.42
gamer72eve26388027796.jpg,3.56
34552993@N024421934762.jpg,4.69
iweatherman9426022367.jpg,4.11
britta_58518177253823.jpg,4.83
christaki24295960252.jpg,4.06
7158589@N0638573012206.jpg,3.99
roni582020947308908.jpg,4.13
edgarandron44239384342.jpg,4.1
scousesmurf27513053439.jpg,3.95
127144972@N0742904208632.jpg,4.11
43537433@N0246653000691.jpg,4.03
benagexyz22498489057.jpg,4.05
referenceace30882919445.jpg,4.12
139780260@N0625612659077.jpg,5.0
106225936@N0627210936229.jpg,4.38
zenacozinhasp26723042600.jpg,3.4
ostseemadel23877001404.jpg,4.42
lulamy200044791545551.jpg,3.7
66884949@N026108760806.jpg,4.36
120807392@N0222081995702.jpg,4.2
aquariawintersoul26961527948.jpg,4.14
clemensgruen23504789485.jpg,4.67
mmm-yoso42123073784.jpg,4.83
shgarden25966830530.jpg,5.31
152592777@N0345340995011.jpg,4.52
britta_58516759477056.jpg,4.39
svenpetersen196542578932930.jpg,4.52
iweatherman5570907915.jpg,4.13
quangle_photographer3082098941.jpg,5.46
64821865@N0821268621944.jpg,4.77
neco_onsen17083729546.jpg,5.2
mmm-yoso28993665868.jpg,4.01
63567936@N0027407600650.jpg,5.29
jjrastero26741884538.jpg,5.3
charlottepden42320899792.jpg,5.08
mars-mann45129818322.jpg,4.6
iweatherman8417172316.jpg,4.75
115576925@N0416311567443.jpg,4.77
113475641@N0214529396979.jpg,4.5
51075366@N0716303882759.jpg,4.54
chealse_888135211271848.jpg,4.86
michaelmoeller23848829979.jpg,5.1
mamihenny3106000835.jpg,4.69
wimvanbezouw24047489912.jpg,4.73
luckandintuition916424704201.jpg,4.47
danielbradley22065574711.jpg,4.93
pierrot_4915362138678.jpg,5.29
supern12543088398118.jpg,5.22
timelessriver24893186646.jpg,4.25
neco_onsen17052589142.jpg,4.24
benagexyz16810711838.jpg,4.92
mrhophoto24158704662.jpg,4.15
roni582028467506243.jpg,4.7
isabellapirastu16718164739.jpg,4.15
dreamdeliver16286743010.jpg,4.17
78345083@N0041032173134.jpg,4.35
139300756@N0228562858188.jpg,5.08
timelessriver51391046039.jpg,4.51
neco_onsen25055975181.jpg,4.06
jjrastero25742923037.jpg,5.31
47957283@N0341542831422.jpg,4.95
stuartlilley66640051679323.jpg,4.42
31791237@N0223401570064.jpg,4.5
113055227@N0642788544451.jpg,4.3
cserfaty16401759332.jpg,4.79
dreamdeliver42409059074.jpg,4.19
67331061@N0023931140024.jpg,4.55
dreamdeliver41316576570.jpg,3.97
32558983@N005704965231.jpg,4.93
35857429@N0339212450290.jpg,4.21
chaidi8825083788292.jpg,4.41
rudymareelphotography27608635709.jpg,4.9
138515866@N0724380685075.jpg,4.7
68256917@N046276660882.jpg,4.48
133769706@N0224677499637.jpg,4.34
brendita213183777426.jpg,4.65
s127ha8841630414551.jpg,4.62
roni582026304789955.jpg,4.73
shgarden18845851240.jpg,5.42
41002268@N0322661833699.jpg,4.3
linadelika4707859999.jpg,4.53
41984888@N077379213272.jpg,5.14
zeeyolqpictures30587247734.jpg,4.8
28330648@N0327053339158.jpg,4.67
gertrudk25885109591.jpg,5.35
roni582026212412932.jpg,4.33
steve_waddingham34474496023.jpg,4.19
iweatherman7752865928.jpg,5.08
edgarandron29141235745.jpg,3.93
iweatherman6992398185.jpg,3.88
msyulin44235633062.jpg,4.42
smiller99925869069096.jpg,4.21
peterpe30414679557.jpg,5.74
106225936@N0632477882592.jpg,4.52
136200781@N0625079177182.jpg,4.88
skippys122926461445195.jpg,5.96
mmm-yoso43156751692.jpg,4.01
48474427@N056945695150.jpg,5.73
ricko1925855475544.jpg,4.28
amethystrainn40457676733.jpg,4.23
136204844@N0437650449556.jpg,5.17
foreverkoreagirl21002436606.jpg,5.01
142255001@N0526745887649.jpg,4.57
142580322@N0531450302065.jpg,4.14
43537433@N0236671607125.jpg,4.71
mthana6928379699497.jpg,4.58
neco_onsen17132652324.jpg,4.49
iweatherman5672238650.jpg,4.77
anamnesiss14612585406.jpg,4.32
jenn_myra20985641843.jpg,4.96
147159715@N0747614436031.jpg,4.62
117182686@N0616041766115.jpg,5.55
80712288@N0218853144612.jpg,4.41
iweatherman5800089759.jpg,4.62
28330648@N0330991195581.jpg,4.34
sabinche7327073584.jpg,4.65
annfrau18298211935.jpg,5.06
lacuocaeclettica27385866071.jpg,5.05
lulamy200034905343846.jpg,5.77
mmm-yoso28752936388.jpg,4.12
bdmccray36986271574.jpg,5.11
144616019@N0337723911934.jpg,5.3
iweatherman8467080293.jpg,4.23
newexpressionsbytheoldchristine44517035691.jpg,4.38
150219212@N0738190881632.jpg,5.44
iweatherman9325044539.jpg,4.06
riotphoto124709424970.jpg,4.04
iweatherman7159319129.jpg,3.94
schwanhals40763351962.jpg,4.39
98474349@N0027606421542.jpg,4.19
134558016@N0626190345105.jpg,4.43
iweatherman5570908019.jpg,4.21
quangle_photographer3082936536.jpg,5.13
43537433@N0225448994974.jpg,4.06
159962026@N0626578874227.jpg,5.35
mmm-yoso42722880391.jpg,4.81
plgcorea26377774678.jpg,4.52
hengbok-nikita46580083125.jpg,3.97
43537433@N0232061359474.jpg,4.05
renate-europe44903470232.jpg,5.04
anadeharo23969797261.jpg,4.73
wolfgang-kynast40075096394.jpg,5.27
68769579@N0714928842642.jpg,4.94
gertrudk30819625518.jpg,3.96
41961904@N0344423380631.jpg,4.24
zeeyolqpictures31814900090.jpg,5.03
christaki25935446142.jpg,5.11
136094365@N0727924160334.jpg,4.1
78345083@N0044300297505.jpg,5.15
lenamadhatter30799947884.jpg,5.42
anamnesiss12013593875.jpg,4.54
glow__nouf5312418174.jpg,4.5
michaelmoeller23519654494.jpg,5.64
gomjabbar7647132744392.jpg,5.9
kcweissman26305321411.jpg,4.42
mthana6945192492554.jpg,4.79
72060281@N0247589733512.jpg,5.6
mmm-yoso41102655490.jpg,4.12
edgarandron44956137875.jpg,4.36
renate-europe16501785782.jpg,4.54
28330648@N0345759828364.jpg,4.46
neco_onsen26586894224.jpg,5.31
smiller99930606141360.jpg,4.09
nora-meszoly17036180638.jpg,4.66
benagexyz20924209925.jpg,4.83
lacuocaeclettica26982482592.jpg,4.54
iweatherman8086444458.jpg,4.18
iamtester016866411088.jpg,4.76
101264282@N0832180583377.jpg,4.19
127925341@N0433370723891.jpg,4.71
79297659@N0639204962595.jpg,4.6
irinachobotova38240981954.jpg,5.21
55665434@N0438960206952.jpg,3.92
mmm-yoso28913289818.jpg,4.14
britta_58520302947511.jpg,5.08
96972102@N0025524638976.jpg,5.08
hichako5727041379.jpg,4.87
juj_winn2607945617.jpg,5.72
roni582025936483581.jpg,5.46
roni582027554071753.jpg,4.87
rebfoto39271029335.jpg,5.27
43137831@N0636968050154.jpg,4.09
ladyann1489876887.jpg,4.75
annie0425a23015375259.jpg,5.44
65508419@N0722408789323.jpg,4.52
41961904@N0320607880421.jpg,4.55
144905254@N0829969530261.jpg,3.76
lo8isimages37273033886.jpg,5.04
edgarandron30065922038.jpg,4.29
154568691@N0541565628725.jpg,4.94
hengbok-nikita47783391111.jpg,4.68
shgarden16178381719.jpg,5.8
melename33488531576.jpg,5.01
13070711@N0327328463738.jpg,4.71
underexp0sed31945247264.jpg,5.34
mmm-yoso29355138268.jpg,4.71
62619762@N0746731515071.jpg,5.4
pur3m00n33702767341.jpg,4.74
shgarden8096299478.jpg,5.22
130548939@N0524741776082.jpg,6.05
113055227@N0644866393672.jpg,4.8
neco_onsen26020398726.jpg,5.57
thunderedcat7723336150.jpg,4.58
neco_onsen18596622762.jpg,5.16
yousufkurniawan32115746784.jpg,5.48
smiller99923842985580.jpg,4.65
roni582033800145353.jpg,5.83
shgarden5170969455.jpg,4.51
lotharheller31437470440.jpg,5.92
syedmeraj28546287715.jpg,4.94
138988758@N0543140907420.jpg,4.91
89527740@N0425110971133.jpg,6.47
roni582024977438790.jpg,6.18
ghidosh8073824929.jpg,4.83
77582121@N076854972950.jpg,4.55
iweatherman5945743689.jpg,5.23
mmm-yoso42382975565.jpg,4.63
chanmelmel29549101410.jpg,5.64
lee-glasby18230635605.jpg,4.91
zeeyolqpictures28628601904.jpg,5.14
txmx-241789086985.jpg,5.42
40000451@N045473556573.jpg,5.31
28726735@N0818165943229.jpg,4.67
mabelinsantos25152837784.jpg,6.12
72060281@N0226829772564.jpg,5.8
113055227@N0643144604235.jpg,5.54
iweatherman5661473686.jpg,4.79
jensoeltjendiers18835683388.jpg,5.99
smiller99935160733463.jpg,4.82
72060281@N0231239061808.jpg,5.9
iweatherman7752854358.jpg,5.5
78345083@N0030014781951.jpg,5.43
charlie5944465648551.jpg,5.1
120083669@N0333950153448.jpg,4.67
shahrokh_hassannia30521021226.jpg,4.97
72060281@N0242472327004.jpg,5.44
smiller99942149148474.jpg,4.41
snuffy35606537123.jpg,4.83
aupetitgout21985626788.jpg,6.06
robert_greatrix_photography28601945921.jpg,5.53
smiller99925728640801.jpg,5.01
m_a_r_s_o15661311927.jpg,5.13
pumpkinland6760010983.jpg,5.36
26796178@N0728298976647.jpg,5.08
28330648@N0331763964467.jpg,4.96
93289395@N0326328315320.jpg,5.76
46484616@N046255464761.jpg,4.63
zeeyolqpictures31531273146.jpg,4.94
96899919@N0443475579170.jpg,4.66
mmm-yoso43237308802.jpg,5.12
54868484@N0630613538938.jpg,5.5
daniel7630843950168494.jpg,5.26
claudia_gaiotto15521920117.jpg,5.21
zoemanu36769498680.jpg,5.9
anitalemair16151587426.jpg,5.3
elizabeth_at_landanna15320009519.jpg,5.52
roni582027838351906.jpg,5.44
komotini493229430024.jpg,4.81
velvetkiss7016443301.jpg,5.64
zeeyolqpictures38787403974.jpg,6.19
135923438@N0527082488702.jpg,5.92
lacuocaeclettica26910819452.jpg,5.37
michaelmoeller22248166066.jpg,5.37
alainbkk27877624066.jpg,4.38
126330948@N0543477544360.jpg,4.93
smiller99931588174815.jpg,4.42
waynofromplan046821526725.jpg,4.96
151756223@N0729790407098.jpg,4.76
gagarose7045357713142.jpg,5.55
72060281@N0238696694415.jpg,5.38
neco_onsen19845163775.jpg,5.0
mmm-yoso46748482155.jpg,4.62
juavenita20957051835.jpg,6.05
25802865@N0842614023784.jpg,5.91
sukaretto198581650189.jpg,4.86
20127329@N0633854891781.jpg,5.88
shamoonaltaf5389943226.jpg,4.74
72060281@N0233598138966.jpg,5.62
scousesmurf47607912712.jpg,4.79
80712288@N0219074752816.jpg,4.5
benagexyz19426958373.jpg,5.15
djodjack46662875404.jpg,4.55
zeeyolqpictures30389008005.jpg,5.77
365bydontworry32028756463.jpg,5.0
eric060818900288893.jpg,4.76
raffacama4717938480.jpg,5.58
1800mlph18229627376.jpg,4.48
maghettastreghetta6951787525.jpg,5.68
99414714@N0226222943212.jpg,5.23
neco_onsen24681284186.jpg,5.25
shgarden8492682867.jpg,4.88
62143158@N0815991117965.jpg,5.62
133289234@N0425252502039.jpg,4.51
bigfai25232185998.jpg,5.52
michaelkerick45837205544.jpg,4.61
linadelika6869436467.jpg,4.84
neco_onsen23069155964.jpg,4.8
mirjam_bosselaar32179545471.jpg,5.08
sketchaway16272490158.jpg,6.11
insher27392562633.jpg,4.62
joergstappen37525991236.jpg,5.73
96899919@N0430351253927.jpg,5.17
roni582028625176005.jpg,5.58
linadelika6740486997.jpg,5.47
lynxdaemon37704238334.jpg,5.38
michaelmoeller22028634252.jpg,5.61
adbax4785073819.jpg,6.43
fucking_emazing6145476220.jpg,4.64
meerasch42264864440.jpg,5.75
56356215@N0538415243885.jpg,5.94
106225936@N0632374232315.jpg,5.28
125485807@N0217123458399.jpg,5.8
mthana6947574706802.jpg,4.74
wyldlil6911911143.jpg,5.77
worldlovesaclown13976154819.jpg,4.64
nguyenlinda5218975573.jpg,5.39
zeeyolqpictures15058413405.jpg,5.85
larryjay46421097061.jpg,4.79
ivan131138247910575.jpg,5.54
rferrer732738470717.jpg,5.42
138320753@N0829124353290.jpg,5.11
neco_onsen25957437505.jpg,4.92
yarns10139485315040.jpg,5.25
magister11137744740924.jpg,5.83
neco_onsen16921945770.jpg,5.21
abbyrow45117738935.jpg,4.67
shahrokh_hassannia20625746205.jpg,5.32
raffacama10711785893.jpg,4.85
neco_onsen27578196390.jpg,4.84
smiller99916734136016.jpg,4.77
125567240@N0230016431896.jpg,5.08
davidjp6431258333968.jpg,5.26
129669875@N0516606668752.jpg,5.17
78806004@N0038844366075.jpg,5.08
kathykochevar17214154212.jpg,5.42
pranta7539595806312.jpg,4.54
iweatherman9426024695.jpg,5.26
mamafoufou9432286352.jpg,4.5
shgarden7566871262.jpg,5.58
light_and_shade_by_monika39905926733.jpg,5.54
noneil704538930289.jpg,5.04
nzsofika24046890415.jpg,4.59
143701610@N0730600482662.jpg,5.45
52450054@N0444606850294.jpg,4.78
51447088@N087037861073.jpg,5.56
113055227@N0629979775767.jpg,4.88
neco_onsen15880510223.jpg,4.64
zeeyolqpictures18167514431.jpg,5.86
carbumba26695336816.jpg,4.89
smiller99925754466174.jpg,4.8
roni582028980344932.jpg,5.25
34552993@N024862511475.jpg,5.89
109551672@N0214794245344.jpg,4.62
dircinha4691897363.jpg,5.0
amynysee5918795997.jpg,5.03
135923438@N0534119002080.jpg,4.55
162774889@N0341559927695.jpg,5.86
cubagallery4782041111.jpg,6.13
zeeyolqpictures32463437635.jpg,5.39
bigbrowneyez43224379024.jpg,4.81
roni582026168550030.jpg,5.21
34552993@N026022172053.jpg,5.54
araswami20237950142.jpg,5.63
59024718@N0427052747473.jpg,5.25
drewfield35696993640.jpg,4.36
ivanjercic18614569962.jpg,5.27
michaelmoeller19344876724.jpg,5.23
lacuocaeclettica27327071203.jpg,5.04
roni582026278881376.jpg,5.02
veganbutterfly27806978029.jpg,5.52
slaveofthepassions6286076249.jpg,5.39
lynndy28001440035.jpg,5.08
carbumba28247520032.jpg,4.54
134489520@N0532679207473.jpg,5.19
smiller99941565170820.jpg,4.47
840410121027974439.jpg,4.46
olimpiadavies17171421088.jpg,5.85
pierrot_4916338309098.jpg,5.74
72060281@N0234014909542.jpg,5.54
smiller99933120246192.jpg,4.42
roni582025180703901.jpg,5.14
135901530@N0421730365073.jpg,5.61
iweatherman9325044437.jpg,4.9
team_kweeper23725592478.jpg,5.7
90171279@N0023524789534.jpg,5.13
zeeyolqpictures34616986616.jpg,5.31
danielhopkins18243147284.jpg,6.35
tracy-vo5909970097.jpg,5.25
109930077@N0833797222615.jpg,5.67
stephanielevy3997978482.jpg,5.0
sophie_sherova20054892031.jpg,6.63
-sealegs6191064622.jpg,5.53
mike_wu35216105675.jpg,5.89
webmonk14868532603.jpg,5.62
54868484@N0627064028065.jpg,5.71
72060281@N0238838732342.jpg,6.48
41396559@N0741571668110.jpg,5.69
lindak925383908498.jpg,5.63
45311060@N0831212297373.jpg,5.69
alessandro_guerani8121494640.jpg,6.93
elewitus28003313089.jpg,4.84
34552993@N028239481123.jpg,6.1
28330648@N0325048961338.jpg,5.9
72060281@N0233587662580.jpg,6.79
shgarden8458818022.jpg,6.16
abbyrow43545884704.jpg,5.65
raffacama13507456993.jpg,7.04
bollero47975515177.jpg,5.5
mcswan5235004322116.jpg,5.14
80712288@N0223449574072.jpg,5.54
ichabodhides3252921925.jpg,5.58
burntsienna3414960752.jpg,6.03
kingabw6379439265.jpg,6.46
iweatherman5571495408.jpg,5.38
cajsa_lilliehook25987947081.jpg,5.2
kashis4193125934.jpg,6.65
34552993@N026142768287.jpg,6.92
thomasreissnecker16155905150.jpg,5.5
26276067@N0516812127549.jpg,6.05
96608070@N0213855337193.jpg,5.56
cindyprins9853939233.jpg,5.92
75102792@N0421344239026.jpg,4.93
lodeengelen32641612867.jpg,6.14
roni582030772121725.jpg,5.54
48921967@N0314604229386.jpg,6.02
junkonatsumi580820650.jpg,6.17
28330648@N0333032110580.jpg,5.78
91921090@N0516150135523.jpg,5.45
canondream6995762795.jpg,6.12
sergeysmirnov41101577302.jpg,7.21
albyn39736216883.jpg,5.46
46484616@N046569212289.jpg,4.85
roni582035665364264.jpg,5.52
msyulin37817051946.jpg,6.22
jdstrobist34841550626.jpg,6.12
137746646@N0324742117834.jpg,5.75
96654411@N0217055708752.jpg,4.83
curiouskiwi124935893.jpg,6.57
roni582026352635742.jpg,5.53
alanchen3428313313819.jpg,7.0
raffacama9192252862.jpg,6.29
141250500@N0845834968114.jpg,5.64
167420098@N0845468400821.jpg,5.54
124587351@N0616251864152.jpg,5.59
neco_onsen16211279824.jpg,5.58
valeconte30783584186.jpg,5.21
wildtwinkies5292411646.jpg,5.72
lilit6757581053.jpg,6.08
144281643@N0228811571953.jpg,6.1
133769706@N0222696787556.jpg,6.17
raghad-aloliwi7023485959.jpg,6.48
gazman_au28587395042.jpg,5.29
spilucchino5160662887.jpg,6.05
iweatherman8070604301.jpg,6.08
slaveofthepassions6997759787.jpg,5.65
my_flickr_17722657165.jpg,5.57
23431014@N052394093152.jpg,6.22
46484616@N0436246692414.jpg,5.17
louietran8361090253.jpg,5.28
therainsfamily6882674047.jpg,5.3
96085884@N0818501118312.jpg,5.85
thomasturtlechung5058608624.jpg,5.58
72060281@N0226951346114.jpg,6.25
andreas_stamm27385285368.jpg,6.22
dierktopp29504370972.jpg,6.14
rebfoto39651796680.jpg,7.3
roni582029052705196.jpg,5.9
smiller99940675619622.jpg,5.22
bigfai35578670523.jpg,5.3
iweatherman5571495514.jpg,5.18
106795773@N0737740462236.jpg,6.34
neco_onsen28103485015.jpg,5.8
72060281@N0236879367061.jpg,5.29
bokis-foto_man27923237894.jpg,6.43
parismadrid17797614263.jpg,6.21
143109747@N0641078074760.jpg,5.46
1800mlph17006140231.jpg,5.33
130772116@N0323106295671.jpg,5.69
shgarden6061676010.jpg,5.9
34552993@N027034760065.jpg,6.21
richardamlewis6168395285.jpg,6.83
eric060832024947990.jpg,5.61
edgarandron34578003906.jpg,5.38
zeeyolqpictures32898316346.jpg,6.03
sonia_sanre25194887807.jpg,5.56
labalainevolante5355936554.jpg,6.11
zeeyolqpictures15136969192.jpg,6.14
93173368@N0219317028149.jpg,6.02
aloalosabine366912087.jpg,5.42
201cigarettes2650368282.jpg,5.96
davidjp6429971909438.jpg,5.83
63467576@N038398728139.jpg,6.21
43081971@N065191658370.jpg,5.02
58054038@N085383456483.jpg,5.9
dineanddish4618014855.jpg,5.32
anapenelope28122368492.jpg,6.29
spilucchino4472998900.jpg,6.33
smiller99928760335821.jpg,5.03
helloyarn4308825089.jpg,6.0
123687679@N0520505588418.jpg,5.55
eric060832038673600.jpg,5.72
juavenita8618683999.jpg,5.6
slaveofthepassions6708999725.jpg,5.87
leaoute474248401510.jpg,5.94
sophiahsin12185052945.jpg,5.63
56218409@N0345073982765.jpg,5.4
iweatherman5570907695.jpg,6.44
cjmgphotography16726818809.jpg,5.89
112672627@N0326443629691.jpg,6.11
coolsweet16107071067.jpg,6.1
39018967@N0727250827286.jpg,4.96
koocs13219896955.jpg,5.62
roni582034448208132.jpg,5.6
115262004@N0244598850824.jpg,5.28
allisonmccarthy4573522957.jpg,5.8
emanuelemaria26310465058.jpg,6.29
46484616@N0436923674482.jpg,4.99
roni582036511439621.jpg,5.62
varlamov9537564087.jpg,5.79
judit_t40051901572.jpg,5.92
roni582029008827751.jpg,5.82
118566991@N0217014712067.jpg,5.17
chick_pea3667823254.jpg,5.46
lana37rus25903940117.jpg,5.26
olivern19043332660.jpg,5.68
thunderedcat8085906707.jpg,4.92
roni582036480651152.jpg,5.35
72060281@N0233198915543.jpg,6.68
dircinha13045437975.jpg,5.73
vickievilla23432401341.jpg,6.38
46484616@N0429802038477.jpg,5.38
7158589@N0641939530112.jpg,5.35
72060281@N0247625367512.jpg,7.02
72060281@N0227522675495.jpg,6.73
eric060837096782190.jpg,5.71
michaelmoeller34088057184.jpg,5.98
el-catalejo8682349684.jpg,5.5
mtchi5865995995.jpg,4.82
dibakardipu30528446162.jpg,5.86
bigfai43422206871.jpg,5.92
79915086@N0819452659476.jpg,5.02
bigfai40027360652.jpg,5.31
terecasey5917049596.jpg,6.54
irarodrigues26374409109.jpg,6.03
smiller99935581696970.jpg,5.25
72060281@N0233772777682.jpg,6.56
22168828@N0633459392605.jpg,5.49
zelda_zlikovski38897924325.jpg,5.58
58777739@N0523513930910.jpg,6.46
77582121@N076916368294.jpg,5.64
46543713@N065323266686.jpg,6.78
bear__8187511467.jpg,6.1
46591029@N0234485038486.jpg,6.17
yousufkurniawan29419459698.jpg,6.0
zigui22506638251.jpg,5.68
discotheque3860871040.jpg,5.88
aviewto3510208790.jpg,5.77
edgarandron44908199992.jpg,4.73
roni582026212421332.jpg,5.17
111104212@N0423910361161.jpg,5.77
zeeyolqpictures23448903936.jpg,5.85
108161225@N0420797543899.jpg,5.77
ilyoungko4385732951.jpg,6.23
neco_onsen21271397036.jpg,5.58
34552993@N026256803935.jpg,5.71
schorlemaedchen13506853764.jpg,6.14
sophieidsinga17175331251.jpg,5.94
72060281@N0234969719612.jpg,7.21
42579022@N0026001867851.jpg,5.69
jillannsiegel6772335639.jpg,7.25
129337299@N0428069403083.jpg,6.54
133769706@N0220670919520.jpg,6.27
isapavia6931386160.jpg,5.94
15002180@N088681703594.jpg,6.1
133648008@N0219852033836.jpg,5.78
slaveofthepassions5828411737.jpg,6.83
shundaddy23494552305.jpg,6.05
137087941@N0330815232901.jpg,6.76
bta3eltswir23667152550.jpg,5.34
koocs13034281624.jpg,6.13
46484616@N0443977056115.jpg,5.64
briarcraft36904516271.jpg,6.02
124706007@N0528602408681.jpg,6.88
bdmccray33923692974.jpg,6.3
jbernstein89922991250859.jpg,6.19
55396473@N0741573837465.jpg,6.94
cheeks6945326840291.jpg,6.09
cajsa_lilliehook18373090865.jpg,5.56
90171279@N0025646882802.jpg,6.21
roni582018300577392.jpg,6.65
bananagranola14106661433.jpg,7.0
58736886@N0516212550987.jpg,6.96
manyfires8497224774.jpg,6.47
-seedflickr-5508608521.jpg,6.03
147484545@N0632026401283.jpg,6.61
42868587@N0036031488706.jpg,5.89
iweatherman6833066442.jpg,6.61
francescarussell12819161445.jpg,6.04
gurvan1295479905.jpg,5.62
oliviabellphotography6945511712.jpg,6.67
webmonk15157711800.jpg,5.8
124706007@N0529735546863.jpg,6.22
jbernstein89923994811730.jpg,6.05
60137166@N0326898135182.jpg,6.4
bornschein30413477123.jpg,6.68
72060281@N0227467260250.jpg,6.69
keithj500013760109474.jpg,7.08
anapenelope16630294600.jpg,6.96
schorlemaedchen13506500975.jpg,6.13
mike_wu35086150971.jpg,7.03
roni582036395615870.jpg,6.04
isabelle_puaut24129397344.jpg,6.42
133769706@N0220451323870.jpg,6.86
sidewalkshoes15247537346.jpg,7.39
roni582033970525501.jpg,5.3
94112395@N0616852079529.jpg,5.94
119509436@N0630200685683.jpg,5.77
133903613@N0824031575659.jpg,6.89
36141325@N0325469353233.jpg,6.64
cubagallery4391203732.jpg,7.54
woweiyan29897950747.jpg,5.84
mabuli28410373770.jpg,6.44
shima-biyori12162129943.jpg,6.56
jamesrose16441887486.jpg,6.03
5thluna20485659570.jpg,5.82
108161225@N0417470243283.jpg,5.79
80712288@N0217442174109.jpg,5.81
124706007@N0528574459662.jpg,6.22
joyjordan14295698029.jpg,6.77
41396559@N0743171652851.jpg,5.79
iweatherman6979191913.jpg,6.47
cloudberryterrier6167027398.jpg,5.85
sonieta36187438203.jpg,6.51
carenpolarbears44610375904.jpg,5.5
petrapetruta39865282610.jpg,5.62
insher33961074380.jpg,5.71
rickpoon26277774.jpg,7.06
96117376@N0326003105801.jpg,6.4
callumtroy6136066666.jpg,7.42
kaitlynallover5913726362.jpg,5.87
komotini492965830321.jpg,5.67
darrenmuir24910968041.jpg,5.97
34552993@N026172084785.jpg,7.08
127508165@N0644869722295.jpg,5.89
abbytrysagain4863146907.jpg,6.42
136702319@N0444747435670.jpg,6.0
zeeyolqpictures18362470876.jpg,6.6
roni582034187548071.jpg,6.2
roni582035151606626.jpg,6.74
aquariawintersoul34685466021.jpg,7.2
digifred45283393872.jpg,6.12
petiabalabanova14359691953.jpg,6.6
shgarden7099201687.jpg,6.55
chick_pea2474536986.jpg,6.05
150790264@N0433427065756.jpg,6.47
rickpoon107828543.jpg,5.88
complicatedprettythings6087970186.jpg,6.46
chick_pea8765984113.jpg,6.14
roni582028467527363.jpg,6.71
chick_pea5093402252.jpg,6.4
soniaadammurray10491784873.jpg,5.59
132014049@N0416700875004.jpg,6.45
clarice62915080200142.jpg,6.1
72060281@N0230077871952.jpg,6.61
roni582030736670926.jpg,6.33
125567240@N0234641971183.jpg,6.27
shgarden3195392084.jpg,6.55
tom_p9365436501.jpg,5.97
rickpoon224690197.jpg,6.8
irarodrigues21436830335.jpg,6.84
mooshoepork16497263222.jpg,6.1
kelehen6161619303.jpg,7.04
9852245@N065558054191.jpg,6.44
michaelmoeller20181608438.jpg,5.85
rickpoon211580831.jpg,6.83
lorissa313267842.jpg,6.39
150119811@N0745330778181.jpg,6.5
130817038@N0723696788148.jpg,6.83
spencerp40126505635.jpg,5.4
78345083@N0037106165340.jpg,7.05
isantaclaus26682572004.jpg,5.72
86838237@N049468783054.jpg,6.21
rickpoon6948296156.jpg,6.9
robintaylor-photography23161427124.jpg,6.04
87509683@N0249970462601.jpg,6.59
cjcory17177476049.jpg,5.72
hokipoki3051901611.jpg,6.25
slaveofthepassions5428928686.jpg,7.14
shgarden6265796520.jpg,6.75
cortez_cro15735268313.jpg,5.65
zeeyolqpictures20392084538.jpg,6.86
jose_jefersson25048870643.jpg,6.06
gert5531089163296.jpg,6.0
41961904@N0344937432224.jpg,5.8
97183403@N0828324342935.jpg,5.97
a-lessandra23953754460.jpg,6.29
milliepa24479585447.jpg,6.4
anelh5790222819.jpg,6.06
elsherten43993597215.jpg,6.06
patpardon44161017544.jpg,5.83
roni582034568593356.jpg,6.79
essale28925204702.jpg,5.91
smiller99925984999542.jpg,6.02
somehowlou6137505128.jpg,6.05
roni582028546215371.jpg,6.44
ajaykerala26009640003.jpg,5.42
marielou92570425.jpg,6.26
rickpoon26019529.jpg,6.21
m00k5268526527.jpg,6.46
124706007@N0528515685046.jpg,6.77
138515866@N0729719623567.jpg,6.57
anttsichlas27648495147.jpg,6.95
marvinok51176671622.jpg,6.96
bigfai39797031251.jpg,7.56
9679892@N0539980074611.jpg,6.31
paco4140825782471.jpg,7.0
146966953@N0229470634316.jpg,7.65
138515866@N0736659602136.jpg,6.38
126330948@N0521594480210.jpg,6.76
-seedflickr-5523016322.jpg,6.91
133769706@N0221849142476.jpg,6.96
34552993@N026184935866.jpg,7.67
maryhardrock23108722212.jpg,6.91
132738243@N0624211240380.jpg,6.45
roni582036947436480.jpg,6.09
mmm-yoso3178448637.jpg,6.38
108382282@N0414669979122.jpg,7.45
italianoadoravel33218352580.jpg,6.71
bigfai39110935281.jpg,6.64
129521875@N0219545467556.jpg,7.1
roni582036745174236.jpg,7.09
126330948@N0519610425728.jpg,6.22
shgarden6283757874.jpg,6.28
valeconte28100026404.jpg,6.97
italianoadoravel33218323640.jpg,6.58
72060281@N0230431664630.jpg,7.68
21045446@N0021515990930.jpg,6.92
petrijuhana40112119044.jpg,6.5
departingyyz17500562945.jpg,6.64
netaloid24354878781.jpg,6.27
59403336@N047699206484.jpg,6.29
septembersbliss3974234322.jpg,6.98
146966953@N0229470624136.jpg,6.96
robert_greatrix_photography23902369853.jpg,6.48
giovanni_contarelli36707652544.jpg,7.63
aiaijewell30695274660.jpg,6.87
jbernstein89932421231514.jpg,6.21
roni582034853659961.jpg,7.72
theseyoungarchies5687373336.jpg,6.32
90171279@N0026373037224.jpg,6.0
roni582033624168736.jpg,6.54
147560263@N0244388187124.jpg,6.46
paco4140416515602.jpg,7.38
shgarden6564663329.jpg,6.44
rickpoon204341437.jpg,6.93
142056102@N0730391388327.jpg,6.39
22308653@N0715275095601.jpg,6.72
sculptorli38427564530.jpg,6.22
pufferphotography16650541154.jpg,6.5
123191292@N0433404756986.jpg,6.98
63653473@N0718994781978.jpg,7.36
138515866@N0735582437954.jpg,5.94
alemjusic14943674930.jpg,6.6
129502071@N0437785546264.jpg,5.83
96497405@N0617029443711.jpg,7.32
153847305@N0732753398527.jpg,7.56
themorningtrain4525401867.jpg,6.3
roni582034590663632.jpg,7.15
shakethesky5647773222.jpg,6.05
leo_margareto19535227112.jpg,6.88
roni582034479623261.jpg,6.7
nikkiritmeijer5440661811.jpg,7.08
127178553@N0427435382225.jpg,7.62
patrickcampbell3101614647.jpg,6.33
alice-aulait5761654096.jpg,5.94
gertrudk16423043710.jpg,7.02
mikeyphillips16633733559.jpg,6.42
m_fotography8387619550.jpg,7.23
maedchen4611273812.jpg,6.03
roni582037068152772.jpg,7.22
3xis29276232025.jpg,6.33
p47koji28254123496.jpg,6.37
roni582035151624266.jpg,7.14
anankao5449946476.jpg,7.2
ginadewit5961175754.jpg,7.21
smoothdude24006619414.jpg,6.5
abbytrysagain5020413382.jpg,6.36
marielou140901615.jpg,6.45
72191066@N0028692209255.jpg,7.05
ninasclicks8208212973.jpg,6.36
80080858@N0629692399990.jpg,6.76
roni582031506072213.jpg,7.53
voldy928041569481.jpg,6.67
abbytrysagain4932132469.jpg,5.93
roni582034322135995.jpg,6.3
127213241@N0515050443991.jpg,6.74
rickpoon42641658.jpg,7.25
chick_pea5025762197.jpg,6.83
rickpoon211151922.jpg,7.31
tomfenskephotography49975458643.jpg,7.23
123191292@N0433387468671.jpg,7.53
46484616@N0431584342078.jpg,6.11
beezy24596602.jpg,7.89
46484616@N0429802039047.jpg,6.87
roni582034752711345.jpg,7.45
roni582034333854101.jpg,6.83
1400wild12183268366.jpg,6.75
biagioferro36800361625.jpg,6.44
glc3152761161678.jpg,5.69
slaveofthepassions5726991682.jpg,7.13
aiaijewell30024132803.jpg,6.87
slaveofthepassions7015708057.jpg,6.67
129502071@N0437718009822.jpg,6.04
paco4140892138164.jpg,7.41
129502071@N0438410721116.jpg,6.72
cuoredimarmo26597666962.jpg,6.87
madzooka4461649334.jpg,6.93
134420837@N0235134897154.jpg,7.67
146966953@N0228880018094.jpg,8.29
breewalk4402807442.jpg,6.92
pcamma18685240841.jpg,8.74
146966953@N0229424695541.jpg,8.47
106225936@N0631197163603.jpg,7.53
kuabt16768271499.jpg,6.39
abbytrysagain4581480162.jpg,7.4
jkiesecker41318826520.jpg,7.96
beezy25487572.jpg,8.52
rebeccadaleadler9156095774.jpg,7.6
hokipoki3152023650.jpg,7.01
mitayuu297684072.jpg,7.39
100270941@N0312952657143.jpg,6.77
trovatten44839786145.jpg,7.83
jbernstein89932887972860.jpg,7.0
hokipoki2997162885.jpg,7.23
146575663@N0839357055052.jpg,7.11
128016608@N0626371580865.jpg,8.14
133552775@N0333889653048.jpg,7.44
fotograzio39000255942.jpg,7.79
