image,score
seigner2553540333.jpg,3.6
dryicons3021985896.jpg,1.76
kikitofeito862433602.jpg,2.15
jaxnum12334628322.jpg,2.5
drurydrama1446074015.jpg,2.73
barbarazemann23087373810.jpg,2.96
mi_re_la2803708339.jpg,2.82
catheadsix2673821830.jpg,3.35
rlonas3274769335.jpg,2.06
fubuki13062099.jpg,3.0
smikica5728218003.jpg,2.67
bluejustin1826241804.jpg,2.54
jyryk4272776325.jpg,2.75
hedsonen2937809515.jpg,2.9
belochkavita285025237.jpg,3.48
sandrobiamonti25792119843.jpg,2.61
danad_cluj542447630.jpg,2.14
mikedocherty5951879564.jpg,2.9
123456789gemini5433013415.jpg,2.19
stejahen1096707103.jpg,2.83
clairedori368260278.jpg,2.73
ethnoscape213030778.jpg,3.61
minouzers413629042.jpg,3.87
mmoraru3183924989.jpg,3.19
chalkbass1195161542.jpg,2.56
perro_rojo2855463557.jpg,1.57
dm3tshog3856924623.jpg,3.44
case_t3124158846.jpg,2.94
yashie_lp2310982720.jpg,3.1
muha218967919.jpg,3.31
timelessriver3762476105.jpg,2.41
elianadepaolis2919164256.jpg,2.92
peteredin3333079635.jpg,2.25
ajreamsphotography372871196.jpg,3.27
perlinavichinga1139916444.jpg,2.61
gayle_t2569608064.jpg,2.38
johnk855147822369.jpg,2.91
pyall5098510631.jpg,2.7
cestrasegall2835503598.jpg,1.95
46092724@N034763617082.jpg,2.0
equilibrium31133885298529.jpg,2.21
dryicons3366518601.jpg,3.39
18percentsgray2524062524.jpg,2.9
51766506@N057040072611.jpg,1.92
24651741@N022507042339.jpg,2.73
miradudel2508926517.jpg,2.08
immyashby662947915.jpg,3.21
simns1304729609.jpg,1.75
-pee-4868234503.jpg,2.63
fabioroque4261837557.jpg,2.21
sirmart3532358741.jpg,3.23
anne_nomrowski2191586585.jpg,2.09
17328521@N003878884682.jpg,1.7
cameraphotographic1106417644.jpg,3.35
29702611@N083145658704.jpg,3.33
petitechose192534587.jpg,3.62
kaylamea4668053935.jpg,3.4
padro823842010764.jpg,2.4
nicolasgoettel511428670.jpg,3.37
birabratadas4437551425.jpg,2.94
rgruen6052544428.jpg,2.68
malekat-dubai844398653.jpg,2.36
jobad4274016324.jpg,2.48
megaphill2388137886.jpg,3.33
dhammza201234164.jpg,1.69
49823434@N003866258987.jpg,3.35
77456965@N001189800804.jpg,2.92
audiotribe3331161907.jpg,4.18
revelutionary24272268778143.jpg,4.0
photodude_de4842889099.jpg,1.55
michaelbarrow2497764977.jpg,3.43
12x829571815.jpg,3.06
kittybuzz4288282106.jpg,2.8
mariaelise3213269704.jpg,2.52
marchnwe69695877.jpg,3.38
alanwrights4014235093.jpg,2.56
angel-e1390457695.jpg,1.89
riko-moca915421677.jpg,1.91
bildministeriet2036550118.jpg,1.96
modernfossil2074763716.jpg,2.0
kadacat3273556009.jpg,3.88
chrismorgan3561524069.jpg,4.51
nimrodcooper2202106861.jpg,3.6
rubyturquoise27628182440.jpg,2.67
135024252@N0628626553770.jpg,2.74
dutchnature4398059969.jpg,2.99
ericapro3794596677.jpg,4.14
79925372@N0027035580932.jpg,2.62
maval-espacio_aparte25959887043.jpg,3.42
catperson23113343817630744.jpg,3.23
merana3101165632.jpg,3.33
marta133772086289.jpg,3.29
sheilarogers1323369332181.jpg,3.48
blackdotphotos27745168220.jpg,3.61
ariel_f2673380588.jpg,3.2
monceau31062034153.jpg,3.25
the__edge4605591509.jpg,3.87
mykg3477377602.jpg,3.67
rrenomeron26356118704.jpg,4.21
sue90ca3894526369.jpg,4.58
nura_azli6659014851.jpg,3.76
4yas1464567142.jpg,3.27
30990153@N034554389085.jpg,4.03
saksak2964142122.jpg,3.83
jo9224747343241.jpg,4.75
_brilho-de-conta3077573723.jpg,2.52
alemershad5767612820.jpg,2.52
bymc8654730567.jpg,3.27
137060541@N0331143945474.jpg,2.99
chillijack4732390755.jpg,3.13
scorpocat4545262316.jpg,2.74
redzena264351000.jpg,3.38
geneward234010034680.jpg,4.03
friedel3862011252.jpg,3.17
52093310@N0628001466683.jpg,3.41
mythoto24889900769.jpg,3.5
magdalengreen495450824.jpg,3.71
164405324@N0445913105971.jpg,3.44
dhammza135324285.jpg,4.89
carolsgardenofphotos35116916822.jpg,3.67
georgyh2743891775.jpg,4.2
dt278_photography26921392038.jpg,3.4
seija18327484836374.jpg,3.58
149216926@N0530665155024.jpg,4.33
96905942@N0223438543519.jpg,4.21
124060405@N0414530408169.jpg,3.63
142072111@N0344639700241.jpg,3.44
murali-art3548961058.jpg,3.44
119222408@N0827023499125.jpg,3.93
geolobo21204211355.jpg,4.01
ctberney11419820823.jpg,4.41
travelchick673336615080.jpg,4.23
alphazeta3201899105.jpg,3.77
srdcreativeimages22560568229.jpg,5.03
marahm21829519934.jpg,4.11
127202050@N0316458879568.jpg,4.92
daydreamcry17551229608.jpg,4.22
125784328@N0234583970750.jpg,4.0
exclusivity-1845073749.jpg,4.75
yjv23402893086.jpg,3.85
98192834@N0726795042601.jpg,3.4
blu3wings5268567403.jpg,2.88
imageclear14558071316.jpg,3.5
woodwalker16063252132.jpg,4.21
urs_i30079054966.jpg,3.08
yuskin_kot26393600712.jpg,3.51
k70vision12270028646.jpg,3.83
frafroe17845163598.jpg,4.67
andrewsavinophotography30814110960.jpg,3.99
brahamdhillon47700086361.jpg,3.46
doctor_holmes32749580471.jpg,3.65
128184029@N0316385469996.jpg,3.79
jurek_durczak41958786235.jpg,4.17
54919275@N0831079673380.jpg,3.6
spiritwalk1055487594.jpg,4.12
greenka20003774751680.jpg,4.29
sweetnoone3333021992.jpg,2.92
145308667@N0334007415833.jpg,4.23
madeleineselen28125953120.jpg,3.34
forf3497777794.jpg,4.88
dadafilm25490817194.jpg,4.38
lynchburgvirginia501898576.jpg,3.24
iordanis_ker1353982967.jpg,4.75
mcbenobi28807384100.jpg,3.19
24848163@N0813205781554.jpg,4.68
53723231@N0725865402605.jpg,4.54
namhdyk28178909038.jpg,3.56
awfullybest3444115607.jpg,4.44
anple461240129.jpg,3.98
britta_58545280334.jpg,5.03
speedin6376733449.jpg,4.48
gailp2rt4587711488.jpg,4.47
66602729@N0631343319070.jpg,2.79
8525214@N061161193125.jpg,3.27
little_frank6143942288.jpg,4.08
60113104@N0417268009360.jpg,3.8
101515589@N0642978906182.jpg,4.21
jurek_durczak22849317790.jpg,3.14
absolute_rookie6476257777.jpg,3.23
7528322@N05706066007.jpg,4.58
mabelinsantos37442521320.jpg,4.33
32658783@N0311227738215.jpg,3.25
dikkebiggie5737354061.jpg,3.56
rybka_504965888404.jpg,4.17
138034741@N0625215802523.jpg,3.69
innpictime26210980094.jpg,3.25
43695976@N065876087239.jpg,3.04
131489415@N0227991849490.jpg,4.46
gunslinger5740577020081.jpg,4.12
135117041@N0629456891116.jpg,4.33
94515068@N0428558167221.jpg,3.38
alansurfin42313005244.jpg,3.91
rv197030205545945.jpg,3.12
old_parka2485551392.jpg,5.17
sue_1051221838104535.jpg,3.62
chrisf_201131451360974.jpg,4.36
kornrawiee5168796126.jpg,3.59
24704861@N0219029267544.jpg,4.2
bluejean_images27676006832.jpg,4.24
monsalways5893496578.jpg,4.08
timurilenk26241113513.jpg,3.67
sova58594750240.jpg,3.86
41404654@N0628223557263.jpg,4.71
14059218@N083969772570.jpg,4.61
arbind_lochan4181605538.jpg,3.64
124246199@N0421749538389.jpg,3.63
29421855@N0723490111801.jpg,3.46
57736374@N0614877605234.jpg,3.94
bitters-pictures15541368798.jpg,5.28
139893744@N0726459345540.jpg,5.41
13287652@N064001320757.jpg,4.46
monceau42329527600.jpg,2.84
mosredna107116993.jpg,4.47
mpottermedia32039995932.jpg,3.47
dicksnaterse5820174399.jpg,4.07
brendaddiction4200172101.jpg,4.67
10944542@N0618920087689.jpg,3.81
24785336@N032358874954.jpg,5.34
libra424609535084.jpg,5.78
132833165@N0734356414511.jpg,4.38
kirby86414670696554.jpg,3.68
132604482@N0221953012362.jpg,3.99
clywton6181841630.jpg,4.33
13016380@N075921494730.jpg,5.53
karapaletteprints41196659010.jpg,3.91
111990893@N0442107118522.jpg,3.76
115087493@N0724006743918.jpg,4.01
mcorreia5222946073.jpg,4.56
54590372@N0526178307860.jpg,4.86
150303845@N0731661367672.jpg,4.52
73806732@N0441243402140.jpg,3.88
gazman_au27094542403.jpg,3.97
hamapenguin9314882572.jpg,3.75
wmauricep39846972672.jpg,4.7
_sxf4652309843.jpg,4.68
robynhooz37521860366.jpg,4.12
cjkeddie23373678860.jpg,4.69
naadodi17139091770.jpg,3.74
frotcott35878675692.jpg,4.83
jillsfotoluv17045134162.jpg,3.62
heisajo5540137892.jpg,4.88
another_scotsman46921489284.jpg,4.97
glassy-eye1815808974.jpg,3.7
34655572@N0623448807079.jpg,5.09
rishanshareef5118889135.jpg,4.94
free3yourmind30574676514.jpg,4.59
22293873@N0838969564261.jpg,3.83
158328373@N0445107314754.jpg,4.1
94958489@N0622820784178.jpg,4.5
13499964@N036185917613.jpg,4.69
154020187@N0337320688225.jpg,4.78
pannygh125558960730.jpg,4.04
some_stuff18162938053.jpg,3.38
maya_newman417961616.jpg,3.45
alby199020504073500.jpg,4.86
reinley30287370515.jpg,4.75
vincent_ribbers5683607322.jpg,5.81
valeconte31943016710.jpg,4.63
157414501@N0541955442154.jpg,3.2
133860919@N0329688238976.jpg,4.2
145754656@N0631247575548.jpg,4.95
soud_q82658037655.jpg,4.43
141492153@N0233577308115.jpg,4.15
141739179@N0226890484781.jpg,4.79
nganguyen1577936721.jpg,4.28
ninfaj27447727346.jpg,4.53
dmh6410407508793.jpg,4.12
kcline506552594.jpg,4.71
16842918@N0414413390546.jpg,4.85
blueshift1228980657837.jpg,3.71
serchswitch3773862905.jpg,4.49
45797794@N0318042825184.jpg,4.58
155515424@N0438473361726.jpg,3.91
vyshak23885256739.jpg,4.81
wenjo132858966866.jpg,4.2
binoy_sivadas411041072.jpg,4.5
130251511@N0232445187670.jpg,4.69
gr3g0_665047383940.jpg,4.78
2121studio1197993725.jpg,5.14
28188015@N057074462095.jpg,3.79
russky9724349931094.jpg,3.66
robintaylor-photography26553134824.jpg,4.62
greengelo5468111026.jpg,6.21
30576530@N0426499594828.jpg,4.36
blofeld0918332184692.jpg,4.7
bbarekas35538022430.jpg,5.44
110110428@N0312901256144.jpg,4.36
applelike3569635405.jpg,4.55
szucsdenes27208589691.jpg,4.38
vahiinee26260918963.jpg,3.88
abe-froman39434264371.jpg,4.5
naadodi22164845212.jpg,4.84
si_newman29063091827.jpg,5.62
karennfld34415666754.jpg,4.88
52756285@N003583467381.jpg,4.52
chikage_a33550445371.jpg,3.78
128801180@N0522397132151.jpg,4.13
fotohobbit4902178358.jpg,5.14
redeye004972115894.jpg,5.67
madcheeper403713555.jpg,4.83
ramonaionescu17946241749.jpg,5.62
90139264@N0740037579565.jpg,4.55
hopes_augenblicke3358635327.jpg,5.29
cbjohnson28604969848.jpg,4.63
thegoodbrat27442370185.jpg,3.72
shastajak13225392155.jpg,5.28
allhart21448132835.jpg,4.65
44506883@N0426533355286.jpg,4.19
tootdood7447372296.jpg,4.06
65159787@N0629845457252.jpg,4.72
heidelknips4346874902.jpg,3.81
99405820@N0528532554181.jpg,4.46
doctorahmedbadr31386137954.jpg,4.15
magaroonie14650758674.jpg,4.1
petrapetruta21522969145.jpg,4.29
uncle_el3176585917.jpg,4.42
whiskaffair23887876610.jpg,5.12
125784328@N0231359150676.jpg,4.86
ffgoatee1359276146.jpg,4.05
evellynnunes8511397518.jpg,4.64
favmark140470371343.jpg,4.47
mmicse44843077622.jpg,3.69
theomulder7786862222.jpg,5.8
cheapo_tographer3596651509.jpg,4.07
rybka_505127160952.jpg,4.55
shaireproductions15950439401.jpg,4.28
hamapenguin26697608583.jpg,3.54
catmacbride20730283624.jpg,5.11
jj-shgfun3906321759.jpg,5.37
mindfuel14242740635.jpg,4.25
siyanakasabova13473119455.jpg,3.8
jrphotos21476724.jpg,3.94
24848163@N087389681402.jpg,4.32
126961601@N0617099880194.jpg,3.59
fourzeronine14971554669.jpg,4.74
arifmahamood23421454686.jpg,4.98
megipupu8577580763.jpg,3.94
yorktownroad2899855350.jpg,3.93
jurek_durczak6878194228.jpg,4.72
hakoar24354622655.jpg,5.17
toniphotos3777958399.jpg,4.54
frcornelissen7664123984.jpg,5.19
puckpics34725987592.jpg,4.63
tporter226571384722.jpg,4.29
34655572@N0624176587811.jpg,5.59
sunsward76876117732.jpg,5.52
stanzim25595004160.jpg,4.21
zeroql15356781010.jpg,4.19
kc528093706365.jpg,4.58
milannykodym20188913400.jpg,5.58
reddirtpics24390307806.jpg,5.46
seasiderosegarden2567554541.jpg,4.11
113197626@N0516385091764.jpg,4.88
subinkg4199131555.jpg,6.1
zeeyolqpictures25448073272.jpg,3.96
60212761@N003491457715.jpg,4.75
103815283@N0713219764343.jpg,4.36
mel-pin2338243927.jpg,4.6
technodean200037934559501.jpg,4.92
daniel_menzies27589779980.jpg,5.02
suhailpk421975738.jpg,4.19
kylecrisp10986456166.jpg,4.9
star_krek_photography12727853953.jpg,6.21
szintia4576524924.jpg,6.12
120181449@N0327160905034.jpg,5.01
29487672@N0714564946461.jpg,5.79
byjeroen6452978939.jpg,4.86
spiritwalk522317563.jpg,5.47
129719080@N0846876567514.jpg,5.13
stanzim21492965275.jpg,4.53
114972365@N0531179392684.jpg,5.08
kemoauc5546751491.jpg,6.28
mythoto9589922134.jpg,4.9
matteomelchior29322050942.jpg,4.89
jacekbia27984511106.jpg,4.38
121170644@N0515768159452.jpg,5.11
36055587@N063716685356.jpg,4.73
18910367@N083476111212.jpg,5.71
amury19210188883.jpg,4.41
140992108@N0226431049172.jpg,5.73
miguelcachapa3002759498.jpg,6.83
143408826@N0839742025435.jpg,4.11
khiaaok14929182243.jpg,4.18
sophienarses6249628852.jpg,5.39
nana03136971029657.jpg,4.12
97577184@N0422137768324.jpg,4.93
ffgoatee3881397386.jpg,4.83
9466722@N023466477467.jpg,5.5
njj00128036767531.jpg,5.6
rr_msw3918013025.jpg,4.95
132738243@N0622734815692.jpg,5.64
137743397@N0841923003084.jpg,4.95
22309813@N024443196062.jpg,4.96
robotjam141335068.jpg,4.19
91648775@N0016569455148.jpg,4.54
14593057@N076498218917.jpg,5.72
centavo10179116806.jpg,5.13
8999293@N0314673579021.jpg,4.94
bryantap7864801318.jpg,5.0
syxanka19229701665.jpg,5.06
bonnie_grzesiak13904869678.jpg,5.8
100087202@N0642346541275.jpg,4.53
cosimomatteini5323229756.jpg,5.8
bagdadcafe4422254648.jpg,5.55
kvaidya4675144485.jpg,5.59
peetastn17545657222.jpg,4.24
64599070@N0526148643624.jpg,5.35
karennfld30165991072.jpg,5.86
lettieofelpaso28894478226.jpg,5.04
xifphotos32911408203.jpg,4.41
hollykl8593348062.jpg,4.83
moderan620504958.jpg,5.21
bildministeriet5009642097.jpg,5.71
43039595@N029419940468.jpg,5.52
rhivu_ray6543878311.jpg,4.64
sammikins19766243545678.jpg,4.58
rodrigobaliza25915633024.jpg,4.56
artcrowther24318597484.jpg,4.78
annieta_photography_nl12698078093.jpg,5.25
bettyvlasiu8228240901.jpg,5.61
48997407@N0717365634085.jpg,4.47
valent6819182724606.jpg,4.55
ricphotography32310740555.jpg,5.17
27241019@N0416799052941.jpg,5.23
brendaddiction4467975019.jpg,5.15
69864550@N002114600605.jpg,5.56
lartdeco224675469.jpg,4.53
kumaravel6032146077.jpg,4.13
42272247@N0726252617962.jpg,4.73
ogud14450109466.jpg,5.83
naadodi26461437802.jpg,5.0
61669773@N0436300358162.jpg,5.08
32658783@N0312824147025.jpg,6.12
sevgi_durmaz3386528829.jpg,5.58
40605869@N047798355686.jpg,4.11
mike_savchenkov29805340787.jpg,4.31
22634816@N073517769055.jpg,6.12
bettyvlasiu9402988567.jpg,5.62
darwinbell409342449.jpg,5.07
rschoonebeek409482615.jpg,4.48
georgina_h2718812277.jpg,5.26
oldt1mer3600804323.jpg,4.83
gerardoroca24024593061.jpg,5.64
betocavazos16620441753.jpg,4.21
matroni498744238.jpg,7.04
114017326@N0512795337093.jpg,4.49
sowhat6319432108061.jpg,4.77
jaccowilbrink6334554588.jpg,4.5
kazwitkos12490414674.jpg,4.35
silent_art_photography21647091988.jpg,5.94
129181847@N0716147788342.jpg,5.04
14376024@N00530959301.jpg,5.25
25179368@N066227544262.jpg,4.85
157878680@N0445687089401.jpg,4.64
borealnz23095886699.jpg,5.6
136355680@N0436617646526.jpg,5.06
feldore24683640861.jpg,5.3
peaceful-jp-scenery7293973506.jpg,4.08
lejapondefanou8252069401.jpg,4.08
jo_0010545161894.jpg,5.23
stanzim29025353200.jpg,5.38
keltia117021526185.jpg,5.09
third_stone14629482014.jpg,5.44
yume_love143521216.jpg,5.5
trena5726336846943.jpg,5.33
nts_hk17269484964.jpg,4.09
khiaaok10469221045.jpg,5.33
klasherman9649343888.jpg,5.89
njord_pt14164277634.jpg,5.06
kellimays4892542091.jpg,5.19
bhaskardutta28484785254.jpg,4.48
polarstar14365114664.jpg,4.56
sbong8551830782.jpg,4.37
puurkaat33986838.jpg,5.45
wild_kindness4566354363.jpg,4.22
840410110135573044.jpg,4.63
115950442@N0427514994805.jpg,4.81
121559242@N0218964481553.jpg,4.63
lo8isimages27567064993.jpg,4.38
39706619@N0815771470816.jpg,4.8
stellawind14157127799.jpg,6.49
taraobannai28772664146.jpg,5.51
jasperroz5634834734.jpg,5.3
manouchphotoprojekt4735655330.jpg,6.5
ontikshimul11983983853.jpg,4.6
e_liddell16097066780.jpg,4.16
suq1036570625963.jpg,6.15
larandy14230580079.jpg,5.32
noemiechapron9743312378215.jpg,4.16
lamboshane7074116105.jpg,4.52
mattwillshawphotography1032071378.jpg,6.48
840410136472030594.jpg,4.37
91144142@N0833515717405.jpg,4.3
the-father358534969.jpg,5.42
zakster2389931852.jpg,6.48
151168419@N0832247448782.jpg,4.73
nikjanssen40228965300.jpg,4.63
federicus5439681782.jpg,5.82
32893449@N00521234041.jpg,5.18
kornrawiee6219443026.jpg,4.7
magdalengreen1797865285.jpg,5.44
ccossior5821338305.jpg,5.79
lincsbirder17047571377.jpg,6.24
muzuto1531625887.jpg,6.44
21318367@N0317143522429.jpg,5.38
namhdyk28995371345.jpg,5.72
dr_farhan19011138096.jpg,5.71
panga_ua9490117912.jpg,6.28
giovannilangarica6822447164.jpg,6.56
leo_roos30641210320.jpg,6.36
birdrman3805545454.jpg,5.8
vlc14202744022582690.jpg,4.56
stanzim44723311510.jpg,4.98
16706350@N0017622794232.jpg,4.51
magstag4852833004.jpg,5.73
carla-kurt19094175331.jpg,6.1
tirza_4342510676491.jpg,5.03
135722637@N0328738173805.jpg,6.75
132074780@N0521606322729.jpg,4.63
fabiogis502298308475.jpg,6.2
davehpics23401049021.jpg,4.81
datnhong1350970121.jpg,6.71
lalalands4342805775.jpg,6.04
mafaldas_worldview28608279038.jpg,5.51
tanjica5534374450.jpg,5.89
20973016@N058486829798.jpg,6.35
annieta_photography_nl22138043189.jpg,5.27
weejohnmurray17281589480.jpg,6.2
erinshappylittleworld2476513889.jpg,5.56
153416193@N0437159141512.jpg,5.71
49133515@N0621994213283.jpg,5.77
hypergurl5165887311.jpg,6.02
maxdicapua5659078754.jpg,5.75
142605906@N0628624889036.jpg,5.3
victormk114211812774.jpg,6.25
jansgate16800580258.jpg,4.79
131316467@N0626513131574.jpg,4.75
brancolina4421485055.jpg,4.55
111521455@N0620623684181.jpg,7.18
pickle12467581065.jpg,6.18
63929583@N0722394274078.jpg,5.83
infomastern17442991794.jpg,5.24
jimrohan3977347028.jpg,6.02
xenonbpics423927234.jpg,5.81
agrzegorz15423375902.jpg,5.45
tjetjep3039455456.jpg,5.18
suzan-a542701528.jpg,6.88
michaelsflickr13175599575.jpg,5.75
93519387@N007233882314.jpg,5.72
sigfus37220806180.jpg,4.97
generalstussner15683282112.jpg,4.42
marcus_14664520545.jpg,5.3
49304401@N0028567068090.jpg,5.04
yoshiko3143641398310.jpg,4.17
111371133@N0421803949066.jpg,6.62
tz1t14586626432.jpg,5.11
baygon-photography29918957661.jpg,5.12
gazman_au25476459643.jpg,5.07
bagdadcafe8592095118.jpg,5.49
mikedee-photos5931741688.jpg,6.0
64320477@N0520161549190.jpg,5.33
21147276@N0329568369450.jpg,5.96
marc_71412349795064.jpg,6.15
drew-photography36633428115.jpg,6.0
152747617@N0634346312151.jpg,4.69
-sealegs6301075660.jpg,4.87
33569737@N0726999469081.jpg,5.46
daniela_naturephotography33518034013.jpg,5.35
veeste24860150720.jpg,4.48
estevomachado8136966644.jpg,6.49
nesphotos375339502.jpg,4.77
bagdadcafe7170409744.jpg,5.24
perfectoarts3293034936.jpg,5.34
meeganz14511993475.jpg,4.7
edcnyc16612206886.jpg,6.74
m_theory32125811693.jpg,5.85
notorioustwm8188161287.jpg,5.29
monster-yarn2473561680.jpg,4.67
zillig85433977.jpg,6.9
miwa3749773430.jpg,5.87
teresakorzec24394612461.jpg,5.92
moriarti480010198.jpg,6.27
62425933@N048444188828.jpg,5.17
larandy13287481164.jpg,6.5
16193266@N0445732766652.jpg,6.5
ulrichneitzel19273764265.jpg,5.28
yelaixiang7176279079.jpg,4.63
13499964@N0337654488041.jpg,5.27
wagnerm2515892876589.jpg,6.58
janlupus17099772688.jpg,5.29
patrickbakkum9461170770.jpg,6.42
cole_ewert13161412624.jpg,4.53
cabodevassoura30212870895.jpg,4.97
eisbaerchen14203649044.jpg,5.29
sgwphotography9169882650.jpg,5.76
bluelunarrose35824491053.jpg,5.83
93861495@N0816668227138.jpg,5.23
saccoyell2959566180.jpg,4.88
artlyshot27432885146.jpg,4.53
sean_dragonball3422868081.jpg,4.44
99821753@N0517299691291.jpg,5.44
theenmoy16386262380.jpg,4.8
gtsimis33040865413.jpg,5.42
cocodix24246477536.jpg,5.31
95246301@N003541914583.jpg,5.72
craftcreativity2283082331.jpg,4.99
tez_guitar34799675696.jpg,5.49
infomastern15678717804.jpg,5.75
andertho877527597.jpg,5.36
wildgoosechase315832160.jpg,5.73
hnt658124129874651.jpg,4.33
nightjar2720200372.jpg,5.42
viaxeiros5621677543.jpg,5.5
32426709@N001032019765.jpg,5.87
sunsward719108089114.jpg,5.17
felipe_guerra495690435.jpg,5.06
27241019@N0414995234351.jpg,5.63
louisraphael33094759588.jpg,6.4
omygodtom26804105659.jpg,5.48
fatty_blue29157890578.jpg,4.78
aashhiff13228348084.jpg,5.27
silvia311633551238814.jpg,5.59
29487672@N0714828072086.jpg,6.38
46230766@N0214014811220.jpg,5.53
parksjd28377753255.jpg,6.5
tjetjep3484636166.jpg,5.72
bubblestar4744670300.jpg,5.79
29506464@N0847626813392.jpg,5.95
norbertschluess2981570361.jpg,6.43
78007030@N057159357451.jpg,5.14
europeanasian5054077312.jpg,4.78
stefelix21401104692.jpg,5.54
lagodigarda192938186.jpg,5.75
jangelo6824664808957.jpg,5.1
csl211230273481237.jpg,6.42
ecstaticist26315518431.jpg,5.65
andulmomin23653276249.jpg,5.6
ana_carrington19678101353.jpg,5.65
miichan24570937205.jpg,6.46
paul280727109336841.jpg,5.67
107131447@N0618195003265.jpg,5.65
57805236@N0429158993355.jpg,4.55
freya_mv14285284217.jpg,4.66
dawnporter109211827128.jpg,5.14
116841289@N0319208739413.jpg,5.03
108457505@N0431440558552.jpg,6.67
gburke62803146918.jpg,6.11
hamim-chowdhury16298714886.jpg,5.02
_thekeeper_14077405687.jpg,5.17
cruadin468814194.jpg,5.39
namhdyk29339518912.jpg,5.44
georgiesharp438448035.jpg,6.28
yoshiko3143662013587.jpg,4.65
doctorahmedbadr34530998436.jpg,4.61
55678598@N00351374690.jpg,5.5
gburke62121632126.jpg,5.25
28432918@N0416756561202.jpg,4.97
amye1234567376856.jpg,6.5
kairosimages16206049784.jpg,5.78
stanzim28944433126.jpg,6.05
bettyvlasiu10514459815.jpg,6.67
69214385@N0416953245210.jpg,5.64
pu_pics8837444714.jpg,7.14
mick-glasson29254869362.jpg,6.28
billsphotos29063970755.jpg,6.17
saraduffsonntag14777216919.jpg,6.33
dinniko17158310491.jpg,5.75
83608707@N001509926618.jpg,5.75
51951058@N0628705349842.jpg,6.08
bagdadcafe35136110876.jpg,5.55
35311483@N068739027307.jpg,7.15
bagdadcafe34857683146.jpg,6.45
mattscott3323824687665.jpg,6.04
bagdadcafe7226835370.jpg,5.62
sup3rtux7097942265.jpg,7.17
bagdadcafe7248123176.jpg,5.89
nancysmith13320382402890.jpg,6.59
gismaster3009318901.jpg,6.19
hedera_baltica22910419309.jpg,5.79
100184150@N0212821327013.jpg,5.24
66074839@N0728704946371.jpg,6.27
m_theory26231744013.jpg,6.19
149896193@N0245798462262.jpg,5.31
theenmoy27896940332.jpg,5.13
141384667@N0628398496681.jpg,5.88
39655471@N034579531569.jpg,6.67
stevebalcombe17032210934.jpg,6.4
128179293@N0245825385071.jpg,6.09
a350wg21001551293.jpg,5.83
raggedjack25918193671.jpg,6.25
lalalands16588594401.jpg,5.47
113496162@N0216443526654.jpg,6.77
62055945@N0716349473189.jpg,5.6
atila_y17319493666.jpg,5.94
xenonbpics228098920.jpg,6.54
23219228@N0228090238532.jpg,6.38
rowrlm27159569775.jpg,6.19
peterkok7521915770.jpg,7.1
121974754@N0526836449986.jpg,5.92
naadodi2903538576.jpg,6.39
dutchnature16837596064.jpg,5.17
54015549@N0316594051996.jpg,5.86
123983602@N0838639135571.jpg,6.96
joakimkalmar26841782646.jpg,6.38
vijayphulwadhawa6699082257.jpg,7.05
bright386041138.jpg,5.12
73806732@N0430924453338.jpg,6.0
34473275@N0527213907409.jpg,5.96
beezy72245864.jpg,5.08
lecabri6325826592.jpg,6.37
17845726@N0640830430153.jpg,6.37
guitarmargy14367416338.jpg,6.86
rizsamflickercom9494683652.jpg,6.69
irene27277683355330.jpg,6.09
152038175@N0726043214247.jpg,6.14
justbelightful11919666493.jpg,6.21
stanzim26911897631.jpg,5.79
mjohnso40370933431.jpg,5.37
120181449@N0334257898253.jpg,6.24
shantanu_dutta32224988407.jpg,6.78
noflickr2548089457.jpg,5.03
nickwood-photos27293883887.jpg,6.35
celeste5188381283.jpg,7.01
joyunexpectedcom30742894.jpg,5.38
hedera_baltica23152851260.jpg,6.1
domedeo27018332036.jpg,5.06
lclower1926991755085.jpg,5.88
piave50it30905653977.jpg,5.47
dmh6428676469895.jpg,4.79
98395686@N0716879243414.jpg,5.0
chunyang7524925524.jpg,6.46
93782309@N0226959079176.jpg,6.03
63653473@N0714320792677.jpg,7.38
32875577@N074443351342.jpg,6.45
hannes_steyn4920504067.jpg,6.63
norbertschluess2981573921.jpg,6.81
f_o20533820294.jpg,6.54
ashikmahmud184723917746836.jpg,5.25
doug888889343475542.jpg,6.08
christiansanchez28194621266.jpg,6.56
shamus_photography16442107615.jpg,5.45
27241019@N0416799062932.jpg,6.02
louisraphael46245864124.jpg,6.92
59571606@N0433375542978.jpg,6.72
hedera_baltica21606948531.jpg,6.35
tamas682563937392.jpg,7.48
hbpeggy4033456430.jpg,6.5
booboo1604255825198.jpg,6.83
timbuktu196721762499264.jpg,6.56
rolfdietrichbrecher17977729911.jpg,6.67
crosslens1999904623.jpg,6.38
31287805@N0427261809906.jpg,6.38
144394103@N0832005860171.jpg,6.66
phillymanpete20936728553.jpg,6.32
stanzim31084365675.jpg,6.35
robwiddowson12270017806.jpg,4.88
119319885@N0636956804036.jpg,5.72
120181449@N0318600709162.jpg,6.61
sappho_et_amicae13991527655.jpg,5.82
robert-ang27321284366.jpg,6.35
118419657@N0812691955124.jpg,6.1
mikeyphillips27404064373.jpg,5.5
mzahra123870417485.jpg,6.83
sean683115501762458.jpg,5.96
60094724@N0028771077338.jpg,5.71
andrebelg32021045448.jpg,7.27
ravindrakaushik31623907380.jpg,6.84
snapsforgeisha2612410361.jpg,5.55
bettyvlasiu14017654643.jpg,6.74
daltonman14287238163.jpg,6.13
regina_austria1180638287.jpg,6.15
12252827@N065533731405.jpg,6.54
134278129@N0232381190112.jpg,5.85
12639210@N082864901044.jpg,6.78
jimchoate27065315492.jpg,6.17
miadefleur3385658829.jpg,5.33
127140859@N0417603996211.jpg,5.22
114781512@N0215477570782.jpg,5.79
peaceful-jp-scenery18572205996.jpg,5.36
43039595@N0227082261490.jpg,7.11
bagdadcafe34655581862.jpg,6.77
96614226@N002529936549.jpg,6.26
bagdadcafe5965687522.jpg,5.88
98637931@N0221396867381.jpg,6.05
rhonda_marie2350214948.jpg,6.4
101623101@N0731541849878.jpg,5.89
jahlgraphy28272365213.jpg,5.76
16972398@N028561903429.jpg,6.38
131701912@N0423974153289.jpg,5.82
chanmelmel20110810996.jpg,6.58
dr_stan29204589006.jpg,6.61
janinerussell2568566213.jpg,7.22
93782309@N0226387417184.jpg,5.87
hariniprakash6902812759.jpg,6.03
mattscott3323541241852.jpg,5.94
limbo21036620109671431.jpg,6.3
26224488@N065037128817.jpg,5.33
32229667@N0511906047816.jpg,6.21
120181449@N0329672414794.jpg,7.24
carolyneaton15750945153.jpg,6.92
christianhunold29155101785.jpg,6.9
99964445@N0625460433403.jpg,6.81
52749884@N0226523754592.jpg,5.87
ulfbodin9295735192.jpg,5.9
rhivu_ray6441361509.jpg,7.19
maen_abdeljawwad15193654003.jpg,6.88
theenmoy23781001706.jpg,5.29
omygodtom32346056537.jpg,6.47
solanosnapper47483332851.jpg,5.67
mrlomo2555843194.jpg,6.72
peetastn20999085684.jpg,6.78
120181449@N0318992191665.jpg,6.22
hedera_baltica23624949133.jpg,5.77
125783202@N0827948266273.jpg,6.75
mtbl2270664456.jpg,5.58
macfudge12243351584.jpg,6.33
7275613@N0644935836585.jpg,6.04
powerfocus7364604284.jpg,5.48
smile_time_photography30337744411.jpg,6.42
akirafoto27846315340.jpg,7.22
peopleofplatt19876767699.jpg,7.28
119901987@N0619781237191.jpg,6.67
moubert15870219939.jpg,7.96
odahl15369674618.jpg,5.69
stellawind41958713115.jpg,6.25
hkvam276675004.jpg,7.6
sibillahorst23552821758.jpg,6.39
133786071@N0642820294972.jpg,6.62
somebachs23274214290.jpg,6.64
63653473@N0733880300386.jpg,6.12
encinoman505264375.jpg,7.69
anitajeck2345251846.jpg,7.55
allandrewitt23864156271.jpg,7.28
24842334@N0713176624325.jpg,6.92
davidpinzer12027196736.jpg,7.96
santini197231418815184.jpg,6.65
64474280@N068521122132.jpg,6.52
cjkeddie27623754621.jpg,6.19
marumeganechan15682690354.jpg,6.12
csseager26170310193.jpg,6.88
bagdadcafe41139462170.jpg,5.7
mbpphotography13906509738.jpg,7.18
97644499@N0520623009233.jpg,7.2
108332015@N0628125029257.jpg,6.64
42547628@N0410975999253.jpg,6.17
bagdadcafe35117345242.jpg,6.12
plusbeautumeurs22437949708.jpg,6.09
michi_loheit30447549581.jpg,5.64
bagdadcafe35036959740.jpg,5.53
monceau25434374400.jpg,5.93
hc133950874790.jpg,6.83
23242298@N053786784234.jpg,7.9
doctony798411016.jpg,7.46
carenpolarbears45792486572.jpg,6.78
100087202@N0619433998469.jpg,6.27
125969625@N0836350323382.jpg,6.29
stehouwerrecio29452716355.jpg,7.04
dmtnyc14327744168.jpg,7.64
tomblandford25140115651.jpg,7.08
141892854@N0827203621121.jpg,5.78
47290259@N067337995450.jpg,7.48
rubyg1457214256.jpg,6.47
andybrownphotography26449866003.jpg,7.45
stanzim4715631393.jpg,7.04
120181449@N0327244442005.jpg,7.0
130044222@N0424547305869.jpg,6.58
maerten9629355657.jpg,7.08
franciscoantunes2655308434.jpg,6.2
omygodtom24377744573.jpg,6.45
14376024@N001262239292.jpg,6.03
meri_velho25566530026.jpg,6.62
96429656@N0213969073670.jpg,6.78
154646553@N0235019822341.jpg,6.71
143985216@N0540329696910.jpg,6.68
jamiegoodspeed25915080942.jpg,6.92
iceland-ho14488323921.jpg,6.74
mtbl2303583182.jpg,5.63
stehouwerrecio34263362844.jpg,7.05
phillymanpete28992468625.jpg,7.2
peterscherub21623507036.jpg,7.94
sahar_ferwaneh24291090636.jpg,6.32
margarita-k_photography17137334702.jpg,6.08
95840880@N0343004767875.jpg,6.5
125567240@N0231971970108.jpg,6.54
112292182@N0231575559605.jpg,7.06
timmelling26850482550.jpg,7.04
prajuvikas1076765733.jpg,7.48
toniphotos17712657668.jpg,6.19
127905331@N0222710698691.jpg,6.26
dipsphotography20943613000.jpg,5.83
aftoews23700367259.jpg,6.51
ekaterinaalexander125280610737.jpg,6.35
zeeyolqpictures28251513166.jpg,7.18
112292182@N0230625938904.jpg,7.41
31791237@N0248863512553.jpg,5.88
sudhabin24632407561.jpg,6.17
hedera_baltica23417704964.jpg,6.75
26235634@N0627709335371.jpg,7.86
stellawind32162583491.jpg,6.44
85287163@N002240963654.jpg,6.94
derodeolifant26651106464.jpg,6.25
65396804@N0716277779043.jpg,5.33
deaconsenter26358450101.jpg,6.88
gazman_au37233519216.jpg,6.97
fotograzio24484157006.jpg,6.92
simonashmore12545585225.jpg,7.88
davidpinzer14812442213.jpg,8.17
133786071@N0639574635735.jpg,7.22
lurick27939528648.jpg,6.92
130494919@N0518364468213.jpg,6.85
kunstschieter30899851107.jpg,7.63
kwerfeldein3478921015.jpg,6.6
dr_farhan13965163862.jpg,6.96
140165941@N0232431978811.jpg,6.5
lisaholdernc33188254434.jpg,6.35
mandywillard7187433577.jpg,5.83
elkaypics40865320654.jpg,7.05
grahamrobb27353147953.jpg,7.49
kamal5026688445782.jpg,7.04
allhart26206651372.jpg,6.38
mkb311388478465.jpg,7.84
124587351@N0626733274760.jpg,6.28
dr_farhan30463091032.jpg,7.35
klaushuppertz27688390723.jpg,7.37
87127914@N0624725707701.jpg,6.92
bk_bob45786220402.jpg,6.0
wildgoosechase468416651.jpg,6.65
dirkvanderveen29232966993.jpg,5.48
scooter_727343412670.jpg,6.87
119679149@N0320605647820.jpg,7.6
dr_farhan14827166702.jpg,7.05
alanhopps14384131706.jpg,7.02
77974574@N0315743629429.jpg,6.72
129831970@N0728000677456.jpg,7.17
jackal114438674864.jpg,7.01
bagdadcafe35103398941.jpg,5.76
bagdadcafe8682362547.jpg,5.94
uajith_set12121556059.jpg,7.44
96dpi3848172618.jpg,7.79
weiphotography16093936139.jpg,7.64
78747203@N0825850139025.jpg,7.2
ktp534245356.jpg,5.95
reonhart29948467086.jpg,7.63
theenmoy24441446846.jpg,6.13
lirons-nature-photography20645138606.jpg,6.78
96982450@N069618208219.jpg,6.53
93868712@N0514187473224.jpg,5.42
daeli3715382590.jpg,5.34
108810136@N0640966063480.jpg,5.79
manumatas40304986724.jpg,7.52
22320080@N075426492104.jpg,5.57
hedera_baltica27581342702.jpg,6.88
95838618@N0615951198645.jpg,6.78
bagdadcafe34750193330.jpg,5.63
jakelley24647411616.jpg,6.69
jake_paredes31296810501.jpg,7.14
darek_drapala30554497461.jpg,6.54
smile_time_photography29797841274.jpg,6.38
nickwood-photos41320153624.jpg,6.32
129440207@N0829166569520.jpg,6.62
jackal128488478623.jpg,5.65
buckinghamster14594754837.jpg,6.25
23219228@N0228549611822.jpg,7.04
145959388@N0846947773474.jpg,6.76
marionrosengarten25739998513.jpg,6.53
wasifyaqeen23303402496.jpg,6.57
bagdadcafe5721733181.jpg,7.28
86957042@N0728185491644.jpg,7.16
ceca6711014995934.jpg,7.29
24689012@N0720208832984.jpg,8.17
42547628@N0410975776105.jpg,6.98
12355559@N0327985563580.jpg,7.69
66094586@N0633453243626.jpg,7.35
serbosca44929995615.jpg,6.72
eyesplash2579801818.jpg,7.44
manganite390135239.jpg,7.02
98609459@N0845117271764.jpg,6.26
108033162@N0414223500418.jpg,7.11
147560263@N0233945055166.jpg,6.61
jmawnster30790140580.jpg,7.58
26907150@N0816931089806.jpg,7.4
125611214@N0727311988451.jpg,6.28
leocarida25656727428.jpg,6.77
david_lucas29603595215.jpg,7.1
nature_photonutt_szq27627280825.jpg,6.29
gregsbirds23057776564.jpg,7.5
133972384@N0427021021523.jpg,7.21
23219228@N0228624068836.jpg,7.95
redmani4927952365854.jpg,7.29
zahidur-rahman22665200332.jpg,7.81
rickdunlap230444188936.jpg,7.0
io74725845259453.jpg,6.62
piotrkrol14524948093.jpg,8.65
100087202@N0616488841405.jpg,6.53
34557852@N0612460431044.jpg,6.85
anasilva31516944642.jpg,7.63
57583315@N0313510862964.jpg,7.4
hartwellphotography29901006731.jpg,7.29
164291077@N0631976578298.jpg,6.58
19083292@N0015996144176.jpg,8.23
97018853@N0814624469084.jpg,6.6
agrusoft24928712831.jpg,7.64
rpffm5827239725270.jpg,7.13
asenathwaite29239328926.jpg,7.22
stanlupophotography28145101812.jpg,7.03
chizuka27814193645.jpg,7.43
r_topor16350112944.jpg,7.8
luxverum47842381971.jpg,7.62
101680078@N0329611521973.jpg,6.57
pgordon27266724472.jpg,6.91
104839863@N0222142097314.jpg,6.98
115720055@N0617053638943.jpg,6.25
anasilva31970898960.jpg,7.62
149497613@N0728064105569.jpg,7.42
98474349@N0045800200942.jpg,7.29
nitya80025041241246.jpg,7.08
samroutledge5171571298.jpg,7.36
margaret_a37596068266.jpg,6.69
primosavage27525544017.jpg,6.25
44991205@N0327080446780.jpg,6.73
132125541@N0327006691560.jpg,7.56
128460291@N0523541863632.jpg,7.22
peaceful-jp-scenery7301141242.jpg,6.79
migueldelcanto26972374180.jpg,7.96
bettyvlasiu17657075782.jpg,7.96
plusbeautumeurs22746808606.jpg,7.48
enki228598305610.jpg,6.57
119901987@N0624373074475.jpg,6.93
119901987@N0626846067523.jpg,7.25
eggii34422888103.jpg,7.91
valeconte44029660260.jpg,6.21
133972384@N0424712989220.jpg,7.42
puthoor_photo6021356614.jpg,7.45
12355559@N0327133543416.jpg,7.6
kaimingwong28617269422.jpg,6.79
enjbe17119123115.jpg,7.59
35110249@N0527642886242.jpg,7.27
konatu4119223862700.jpg,6.24
ztf8393046168.jpg,7.36
walrustexas25782459854.jpg,7.21
yasmine-hens28404335142.jpg,6.93
naturea29956366340.jpg,6.31
133972384@N0426961253354.jpg,6.74
bagdadcafe40922742820.jpg,7.1
131357157@N0520192505981.jpg,5.92
lecabri9897229186.jpg,7.35
119901987@N0616058650099.jpg,7.41
135486222@N0222252546798.jpg,7.22
omygodtom26012407797.jpg,6.75
martjusha2741003681.jpg,7.98
chrisgettys29726996507.jpg,6.88
hugo_provoste522495023.jpg,7.81
zulbaning36019179295.jpg,7.57
yasmine-hens34588786082.jpg,7.47
155590631@N0443534246984.jpg,6.49
littlekiss335121863141.jpg,6.82
droehrli11037491244.jpg,7.96
bagdadcafe34493278803.jpg,7.42
stellar197223421451512.jpg,7.23
124130353@N0819008789043.jpg,6.76
sicalufakiss9666387895.jpg,7.67
photovibes16791748549.jpg,7.47
dodopod17010378326.jpg,6.35
ccbcpa26401930764.jpg,7.92
133972384@N0428113838076.jpg,6.66
rajivlather5539026779.jpg,8.09
dribder24165156980.jpg,8.49
27955898@N0729636571113.jpg,7.4
godo7027422241285.jpg,7.72
67717458@N0219288572035.jpg,7.54
nitya80020539137038.jpg,7.79
maggggie25234492934.jpg,6.87
shcolsson22804639153.jpg,7.05
160192718@N0623950910357.jpg,6.82
ogud14260928997.jpg,7.75
capmarcel44409065451.jpg,6.92
odonataman17221697360.jpg,7.88
73806732@N0445110687724.jpg,7.04
133972384@N0428774568246.jpg,7.47
gregsbirds22646722883.jpg,7.7
jerrydnicholls20724412530.jpg,7.66
119901987@N0620744925702.jpg,7.05
121340447@N0326148282353.jpg,6.35
kanaristm14067056287.jpg,8.49
dfromonteil36301559181.jpg,6.7
112292182@N0231429162702.jpg,7.41
133972384@N0432441198685.jpg,7.52
137083763@N0433272507960.jpg,6.74
gregsbirds30105672193.jpg,7.71
127035794@N0222938729250.jpg,7.19
guilhermegmp40419790861.jpg,7.37
piotrkrol14704929774.jpg,8.36
guilhermegmp13281235734.jpg,6.69
78747203@N0816963240702.jpg,8.29
93744349@N0524225965863.jpg,7.41
jup3nep27125528571.jpg,8.73
130548939@N0523611857465.jpg,8.5
107395095@N0726530171987.jpg,8.41
belabodo39684760285.jpg,6.91
132033298@N0422894144749.jpg,7.51
abbasshah20567362192.jpg,7.72
zohaibusman45517260265.jpg,6.62
darren_frodsham13667882134.jpg,7.86
yasmine-hens27338767276.jpg,7.81
80828600@N0728578297733.jpg,7.79
cclontz8883558716.jpg,9.28
heiko_boehme25977764903.jpg,8.31
124773805@N0630389166530.jpg,7.97
hemidj31911389960.jpg,7.87
wasifyaqeen17678135895.jpg,8.28
janlupus23314448504.jpg,8.43
78230469@N0227211138780.jpg,8.51
beritsundman28234545647.jpg,7.52
nitya80023643443014.jpg,8.34
64534310@N0731458520436.jpg,7.48
126845365@N0825503272104.jpg,8.26
64534310@N0741618479315.jpg,7.79
snapbyhimu23633883011.jpg,8.48
yasmine-hens26714231025.jpg,7.85
2416135753162212.jpg,7.62
