image,score
micheladr2996235066.jpg,2.81
gulgulass4757758180.jpg,3.32
iku2979774851.jpg,3.46
annp3954161042.jpg,2.9
40904679@N084868478092.jpg,3.62
djmike-foh5033094782.jpg,3.65
algalb_al7ano0on3310180998.jpg,2.79
adrian_t2622978486.jpg,2.2
lilihiga3824671346.jpg,3.77
32610377@N024555055803.jpg,2.4
dhodho24803288849.jpg,3.85
eleonora_4814534899.jpg,3.77
musesyndrome_5579850916.jpg,3.31
photodepoche6553725583.jpg,2.85
jazzman256965274895140.jpg,2.7
barraban25735184361.jpg,3.02
macnas24700218980.jpg,2.79
red_spirit7038169179.jpg,2.94
lucy702265630816.jpg,3.08
annp3460629107.jpg,3.21
muted-pain55938096.jpg,3.71
raldenimassimo5218460072.jpg,2.86
26777573@N033261449064.jpg,3.57
alonza3354378976.jpg,2.42
mikec7731977775402.jpg,3.39
lux-lucis-pictor2293708445.jpg,2.78
barraban24383563959.jpg,3.19
molinarius24814543375.jpg,2.48
ms_srooy4370298338.jpg,2.98
aaditya_net2741304196.jpg,3.86
christaki24189148281.jpg,2.81
jotarh3405486736.jpg,4.47
anvilcoud24601146720.jpg,3.08
annp4085147569.jpg,2.99
cicciuzzo_gausman4309890688.jpg,3.64
26741430@N035200259127.jpg,3.65
_m_a_r_c_o_5860576304.jpg,2.81
22858532@N088253361160.jpg,2.09
xpjt064675197631.jpg,3.61
aasalih27163303136.jpg,2.96
ratso034385675478.jpg,3.19
deizi4749403757.jpg,2.68
eorus31172400295.jpg,3.5
redart_photo132839136.jpg,3.75
mm-loveyou4869842689.jpg,2.47
a_kules4915916205.jpg,3.46
photodepoche6604916847.jpg,2.3
valantk24595804012.jpg,3.02
jacobdanny3252712450.jpg,2.08
annp3503694355.jpg,2.69
rickmillerfoto25758492820.jpg,3.58
136271038@N0322729787973.jpg,2.94
annca3291092999.jpg,2.0
photodepoche6537128133.jpg,2.56
71spyros3060750771.jpg,3.79
annp4170489413.jpg,3.26
evanh6211069064.jpg,2.27
ratso034964700471.jpg,3.33
photodepoche6465793405.jpg,1.88
sputo4289735491.jpg,4.03
padoca5357485895.jpg,3.43
eveflickr4054645361.jpg,3.11
ratso033952898749.jpg,3.93
photodepoche6832533040.jpg,2.98
30990153@N035553377601.jpg,3.13
sputo4230118623.jpg,3.84
ratso034557696185.jpg,2.7
photodepoche6978635585.jpg,1.97
rippo161600461.jpg,3.42
victor-benitez26635069611.jpg,2.53
pp8730023041933914.jpg,3.26
barraban23522507676.jpg,3.66
musesyndrome_5579664703.jpg,2.94
39103429@N026080622338.jpg,2.13
106877753@N0527534194650.jpg,3.21
27854484@N053315682791.jpg,3.56
138351588@N0424022802714.jpg,4.5
macrto28364253405.jpg,3.54
iboh22884136639.jpg,3.31
luis-gabriel17033335486.jpg,4.36
francescopierantoni26338018131.jpg,4.05
yomako4284064035.jpg,3.94
barraban24063573841.jpg,3.75
leslievictor24361881043.jpg,4.25
christaki27391302696.jpg,2.9
acordey28109584165.jpg,2.76
redart_photo2058217467.jpg,3.03
leley13419667253.jpg,3.51
barraban23175270849.jpg,2.79
139065780@N0427113874684.jpg,3.76
oloarge22024226412.jpg,3.48
jonsanjose21769022145.jpg,3.62
algalb_al7ano0on3354003257.jpg,4.0
tonos_world23631832479.jpg,3.5
ratso034473090319.jpg,4.55
46119970@N0326723264235.jpg,4.17
meleagante6080409374.jpg,4.05
60976529@N069323055876.jpg,3.12
24152407@N043158581513.jpg,4.6
jonsanjose22334201686.jpg,3.83
ratso032774998537.jpg,3.63
epemsl31632711082.jpg,2.58
sputo2417572823.jpg,3.63
yomako3550866448.jpg,4.22
webbsammy24580991135.jpg,3.35
digpik24054581576.jpg,3.71
tonos_world24118943292.jpg,4.75
photodepoche6553740349.jpg,3.21
131023870@N0420143339616.jpg,3.41
mikec7728083255786.jpg,4.04
52012875@N045059629355.jpg,3.89
101114n052399033501000752.jpg,3.02
andrew_wertheimer26162578710.jpg,3.7
rscholle27185533252.jpg,3.66
princessapea30300816326.jpg,3.21
sistereden4137131385.jpg,3.73
nanalutea4164566021.jpg,2.79
ratso034390325784.jpg,3.75
dhodho24253231502.jpg,3.75
wwwmah_navacom6174457341.jpg,3.75
123561935@N0625485901855.jpg,3.6
68449261@N0822002504768.jpg,3.48
christaki24703815444.jpg,3.62
mhirano5888210311.jpg,3.42
redart_photo3935702831.jpg,2.31
142789254@N0826486380333.jpg,3.37
138073310@N0425985267012.jpg,4.0
knipser3140517026800852.jpg,4.92
anacarvalhais32105433832.jpg,3.12
smulgubbe26073686800.jpg,4.35
129234688@N0526240050366.jpg,3.6
perniolavalentino26847774164.jpg,3.59
knipser3140525981026802.jpg,4.5
dhodho25043339696.jpg,3.85
dreamylee6817885593.jpg,3.63
meemoz_princess4664520924.jpg,3.4
ropmann3200141306.jpg,3.48
129884683@N0426594900304.jpg,3.25
liacostacarvalho1796538168.jpg,3.57
barraban25584004412.jpg,4.34
texturonline6226848993.jpg,3.84
77974574@N0319927418140.jpg,3.34
89589941@N0810427964863.jpg,3.47
coonycieel5079842162.jpg,4.11
darkrider_cambo22400348852.jpg,3.79
galopoulos2437669782.jpg,4.02
barraban24373637025.jpg,2.86
richard_lev5603934361.jpg,4.31
ukreal13237492441.jpg,4.46
138583609@N0824085581144.jpg,4.51
boris_bb3086622353.jpg,4.65
carlosjarnes20141724094.jpg,4.34
70201547@N0225327133896.jpg,4.91
55009613@N0422898362476.jpg,3.48
128598423@N0228614788191.jpg,4.2
californiadreamin3940153321.jpg,4.6
orbed7746113428.jpg,4.73
40117956@N024892265720.jpg,3.54
nyl6424232179734.jpg,5.03
cyclops-optic25907966634.jpg,4.48
barraban23032805194.jpg,4.63
79679302@N078287626089.jpg,3.0
lolipey30985611195.jpg,4.53
mcteacher30651857082.jpg,3.69
maktub776028395766.jpg,4.41
ngomesferreira16652919264.jpg,4.77
104332802@N0422084200878.jpg,3.78
barraban23853809644.jpg,4.98
evanh12968684565.jpg,3.74
goodbyebyesunday4222987174.jpg,4.75
ratso038751068326.jpg,4.62
38120108@N084834139644.jpg,4.73
tkayaman26313392662.jpg,4.04
henk-sijgers12270491946.jpg,4.53
maktub777050838585.jpg,3.85
100949664@N0623956856391.jpg,4.46
fatophoto4434079146.jpg,4.39
momo832166076622.jpg,4.12
pascallambert32510279766.jpg,3.28
dylanedwards2816357017.jpg,4.31
turzakchristopher23637784526.jpg,4.95
ratso034143748909.jpg,4.17
carlosjarnes21589227984.jpg,4.71
cglladpictures32450188916.jpg,4.0
cinziofarinelli29774946166.jpg,3.92
94902477@N0529105595640.jpg,4.12
137203797@N0331491689682.jpg,4.58
acordey27710935513.jpg,5.14
sempat26826019050.jpg,4.12
136404292@N0327077913605.jpg,4.63
teresa_coelho30301033821.jpg,3.21
wayneholland3166503068.jpg,2.55
128598423@N0232363045051.jpg,4.48
adriacamats22762656520.jpg,4.53
13235562@N044119377568.jpg,3.69
pabloclavo26148774091.jpg,4.21
zeh_hah_es9679238173.jpg,4.45
barraban22527948764.jpg,5.11
45257406@N0813854358414.jpg,4.75
marcobet31444533724.jpg,3.0
pibus24312683564.jpg,4.02
joselu869728475650.jpg,3.67
93228338@N0324780350646.jpg,4.32
catherinegrieco3975767746.jpg,4.69
mirko-borgmann23578228291.jpg,4.54
127786158@N0328135988270.jpg,4.82
barraban24419845084.jpg,3.9
mabelvargas3672109552.jpg,3.89
mittagskind27450377426.jpg,4.17
heimatiater2858085875.jpg,5.14
nc773401632618.jpg,3.75
131238258@N0321492830015.jpg,4.38
moni_bergauf19775837169.jpg,3.1
kei_fakeshutter4324326183.jpg,3.3
acordey27038965663.jpg,5.0
jaz_q6r2979824203.jpg,3.51
tachameladoble3631605729.jpg,4.73
132918212@N0421858153731.jpg,4.31
dm3t-ytem2891855975.jpg,4.55
eorus29520267912.jpg,5.04
142771795@N0630176112666.jpg,4.77
synaptic-click15146802848.jpg,3.75
janeybranigan_electra15728315191.jpg,3.4
111470303@N0516443766991.jpg,4.37
redart_photo191288374.jpg,4.55
cyclops-optic25315085603.jpg,4.54
anacarvalhais29895608544.jpg,3.94
mirrored-oasis2591914379.jpg,5.16
fotomie200927521026415.jpg,3.69
jesuscc198019261466278.jpg,3.41
123561935@N0626076105920.jpg,5.3
111470303@N0516078765858.jpg,3.87
sclements6411176645.jpg,4.41
30799937@N044400935125.jpg,3.08
94222108@N0630966054246.jpg,3.94
yakimofoto24488629381.jpg,4.08
59020843@N0228880005444.jpg,4.88
knipser3140525920353780.jpg,4.45
138515866@N0726856713260.jpg,3.23
goncalosilvestre4470736841.jpg,3.91
129136230@N0225117258500.jpg,4.63
34407499@N084047732574.jpg,4.05
zen3d9585375786.jpg,4.58
h74k16325066304.jpg,3.99
130407090@N0323245912322.jpg,4.65
sappho_et_amicae14458858365.jpg,4.88
yives2435543639.jpg,5.39
velaeda23045415533.jpg,4.09
barraban23380811204.jpg,4.58
sappho_et_amicae14247154739.jpg,3.42
colpo_docchio16665334011.jpg,4.95
135299661@N0431313412466.jpg,4.69
pattoise13185724383.jpg,4.94
embyphoto20035747036.jpg,5.07
132485286@N0324317391700.jpg,4.46
caminandoporelabismo23940897265.jpg,4.33
128473042@N0324613061664.jpg,5.21
towfiqchowdhury25353786831.jpg,4.82
andreaschuh16745824482.jpg,5.22
marcinkrawczyk30972435892.jpg,5.12
carlosjarnes19170468324.jpg,5.38
cheapo_tographer3574632313.jpg,4.78
valantk24043479505.jpg,4.98
franco_rattazzi3330598302.jpg,5.22
carolharper55914581827058.jpg,4.73
100701994@N0514031621006.jpg,5.5
mkc60915080082938.jpg,4.81
99561984@N0518627832332.jpg,4.88
ruchi61320701081611.jpg,4.0
wenniyin22372134629.jpg,5.12
synaptic-click8153839005.jpg,4.77
rospex15347325503.jpg,5.1
colpo_docchio20314028943.jpg,5.39
128525045@N0430122288783.jpg,5.12
ian-con29923759781.jpg,5.06
94222108@N0631032577782.jpg,3.74
velaeda16265112464.jpg,4.78
wansa1234526461592186.jpg,4.44
gordonrussellott20936526356.jpg,4.79
dclelos25970943176.jpg,4.79
sea2sky3277995290.jpg,3.88
manuel_aragon26422110386.jpg,4.08
pantena3640713235.jpg,4.78
vladimir_zharov3613325204.jpg,4.39
120324507@N0314398527717.jpg,4.79
oloarge31070313516.jpg,5.17
jennilou10124517028391.jpg,3.72
kot_bonifacy3310299552.jpg,5.97
101532154@N0619698494541.jpg,3.34
sappho_et_amicae15558586831.jpg,3.25
26774111@N0023629955319.jpg,5.62
ngomesferreira17426265610.jpg,4.99
that_damn_duck30510526626.jpg,4.67
sappho_et_amicae14863773820.jpg,4.53
jooferr29948642734.jpg,5.26
pp8730025667616166.jpg,4.28
71915047@N0315734783882.jpg,5.08
tom2121722845123742.jpg,5.35
teresa_coelho29850327163.jpg,4.76
132763028@N0817252987276.jpg,4.71
94222108@N0628879596086.jpg,4.57
adam6am20298265505.jpg,4.75
christaki14510348126.jpg,4.68
redart_photo206898902.jpg,4.44
100958932@N0414737826903.jpg,3.83
50860520@N0621677430148.jpg,4.23
ohcaptain455484499.jpg,5.28
synaptic-click12015063996.jpg,4.52
peterkok17349530643.jpg,4.98
76721037@N0414684917029.jpg,4.59
anatyagi6415724397117.jpg,3.93
heavenuphere231199257.jpg,5.09
studiodxavier23534213594.jpg,5.34
dreamylee8222169292.jpg,4.33
144494361@N0531181249776.jpg,4.19
101532154@N0616004393405.jpg,5.29
sappho_et_amicae14390213160.jpg,3.29
27057512@N035747435219.jpg,4.11
michaelabirchall21446202714.jpg,5.64
132918199@N0523399318633.jpg,4.76
47543979@N087232832244.jpg,4.86
agnelou14599590436.jpg,5.16
peterzimmer17489991825.jpg,4.67
dastodd5640095563.jpg,5.58
velaeda20112013013.jpg,5.06
joseluisbriz20077422529.jpg,5.18
teresa_coelho30471025500.jpg,3.54
sappho_et_amicae14355713839.jpg,3.45
evanh1605799472.jpg,4.79
36236696@N002880250316.jpg,5.46
ettigirbs201219640510726.jpg,5.04
yannickgagnonphotographie21119425594.jpg,5.55
velaeda22024378080.jpg,5.42
chemin-neuf31072890703.jpg,4.75
jamopo5591358821.jpg,4.82
128525045@N0425883392261.jpg,5.54
xaprilian2707735218.jpg,5.63
94222108@N0629793525450.jpg,4.55
lichtschacht-kiel26924937132.jpg,4.92
71750604@N048737014243.jpg,4.52
139148139@N0325401411663.jpg,5.29
doods-euphoria23714015781.jpg,4.61
94222108@N0628759021784.jpg,4.33
noinchi21826530748.jpg,4.52
148552548@N0632214285105.jpg,4.7
synaptic-click14432596190.jpg,4.45
lindsaywhimsy8610142080.jpg,3.52
brodenphoto25736932913.jpg,4.0
acordey27072931464.jpg,4.54
creativ-pool29612860852.jpg,4.54
79606932@N077296891560.jpg,4.69
33929971@N0726278786962.jpg,5.55
ruchi61322326627102.jpg,4.45
margoul128040415302.jpg,4.88
lfphotos20039519736.jpg,4.9
77974574@N0322688152716.jpg,5.02
pedrolakes17182852797.jpg,4.58
damndan27847623171.jpg,4.42
cieckoc24019625682.jpg,5.4
94222108@N0630928638180.jpg,3.65
107225546@N0826652967162.jpg,4.93
107942666@N0713921709294.jpg,4.88
98558609@N0627112226406.jpg,4.68
29258794@N0222357543908.jpg,4.54
pimeae15761901575.jpg,4.22
tapstyle6337426184.jpg,4.79
isolano1727785598.jpg,5.28
justphotons31161767590.jpg,4.46
ohcaptain521181296.jpg,4.89
124706007@N0528824221346.jpg,4.47
puluke10781056695.jpg,4.23
70884607@N0625942659234.jpg,4.76
monire2097863037.jpg,3.35
94222108@N0628664478166.jpg,4.82
122139148@N0816865398886.jpg,4.22
ohcaptain1342622326.jpg,5.58
hpontheweb745368326.jpg,5.72
little_linus4295001557.jpg,6.07
ciue3716080385.jpg,5.07
fenamur5490140070.jpg,5.15
137413073@N0627695539786.jpg,5.52
tempesta16252079813.jpg,4.28
94222108@N0632147112791.jpg,4.27
carlosjarnes21206937874.jpg,5.45
mags19543176236.jpg,5.43
noinchi27519457375.jpg,4.58
zesk-mf29744549712.jpg,5.79
24456177@N066985744001.jpg,4.58
pjgrillo19876898012.jpg,5.06
dclelos28822860231.jpg,5.29
prashanthswaminathan27318750285.jpg,5.81
federic734077148431.jpg,4.69
carolharper55914252267178.jpg,4.75
droogl20679115894.jpg,5.75
eric060814812401649.jpg,5.0
54224433@N0727022290930.jpg,5.25
marcodamilano_photograpy10733157146.jpg,5.47
johnschneider46626725903952.jpg,5.3
68245328@N00640852102.jpg,5.79
sappho_et_amicae15170879127.jpg,4.8
synaptic-click12009967394.jpg,4.25
ratso039954395895.jpg,5.41
nawiphotography24548028694.jpg,6.02
71915047@N0314527420769.jpg,5.55
mtaddia29180025645.jpg,3.9
mrcubs26068535672.jpg,4.44
anacarvalhais30929263504.jpg,4.9
101414401@N0621280353046.jpg,6.02
caminandoporelabismo22607514226.jpg,4.86
ratso035543788822.jpg,6.41
114922647@N0325729385126.jpg,4.97
101532154@N0619669906144.jpg,4.41
spiritualblue23219712911.jpg,4.88
127786158@N0324382352295.jpg,5.72
129588807@N0818759185624.jpg,5.25
151031888@N0832270596130.jpg,4.65
a-hamad-althani3468717098.jpg,5.91
giuliograziano15555090287.jpg,5.67
anacarvalhais24894683041.jpg,3.88
pupanna2565986386.jpg,5.96
45814836@N065085588242.jpg,5.95
peterzimmer16923690475.jpg,4.97
sappho_et_amicae16937470396.jpg,5.01
131238258@N0321784765178.jpg,5.54
a_reef25946850203.jpg,5.45
thomasreissnecker24665932221.jpg,4.01
chemin-neuf17230593116.jpg,5.5
mrcubs26281377515.jpg,4.48
nancyandwayne18446122126.jpg,5.77
p1r08593492002.jpg,4.97
11925274@N0224166086930.jpg,5.12
cfriel3873423345.jpg,5.69
cptstrazza32065215001.jpg,5.8
78688084@N0315806261109.jpg,4.49
velaeda26343428201.jpg,4.25
takako_r_kitamura27415325513.jpg,4.62
132763028@N0817265909991.jpg,6.14
132763028@N0817338725738.jpg,5.33
pjgrillo19378663555.jpg,4.9
54224433@N0729995362870.jpg,5.47
135299661@N0428559546902.jpg,5.6
132763028@N0817326203951.jpg,4.81
leles1424714584601.jpg,5.58
velaeda20246600564.jpg,5.22
peters_view5607472274.jpg,4.33
pjgrillo19315601852.jpg,5.31
svborgphoto15643988256.jpg,5.98
caminandoporelabismo29445596171.jpg,5.12
andreaschuh16858125598.jpg,5.65
-miss-dior-2968407827.jpg,4.29
68515066@N0431834304826.jpg,5.42
boris_bb3240124995.jpg,5.72
caminandoporelabismo27401165826.jpg,4.42
photomans5085611601.jpg,5.6
kitchou30924068260.jpg,5.04
53880135@N057329661954.jpg,5.45
peterzimmer21758164791.jpg,5.24
135299661@N0431131641031.jpg,5.33
135299661@N0428148943905.jpg,4.96
135299661@N0432009693202.jpg,5.61
nodoyuna128477373.jpg,6.25
velaeda24929546284.jpg,5.96
hessenkamp27520179235.jpg,4.81
114922647@N0326848563775.jpg,4.0
orca11126816903026.jpg,6.04
teresa_coelho29859516013.jpg,4.44
flachir197315391205091.jpg,6.32
132763028@N0817381705585.jpg,4.63
netranei3960147751.jpg,5.75
ngomesferreira23976742272.jpg,5.3
backslash_29082738741.jpg,4.99
carolharper55914733594450.jpg,4.52
rvrossel31687419813.jpg,4.71
94222108@N0628381817553.jpg,4.38
129588807@N0818985589025.jpg,4.86
backslash_24973692762.jpg,5.49
synaptic-click9577150004.jpg,3.91
noinchi21827421489.jpg,4.16
eggii19954628482.jpg,4.67
beritsundman21577641560.jpg,5.04
chemin-neuf31300351425.jpg,5.79
valantk30989366490.jpg,4.89
94222108@N0630753769325.jpg,5.28
96047042@N0612046813444.jpg,5.13
dastodd5621280455.jpg,5.2
flachir197315201092075.jpg,5.78
114922647@N0318052259824.jpg,4.67
132334520@N0325182185234.jpg,5.53
130567304@N0231625353655.jpg,5.33
velaeda16372635728.jpg,3.86
mikeyphillips25926776383.jpg,4.49
128908791@N0615723001127.jpg,4.71
129588807@N0826863073720.jpg,4.75
pjgrillo27403254160.jpg,5.17
a_reef23582810811.jpg,5.12
domin8photos12820340195.jpg,5.0
velaeda19490154691.jpg,5.79
101532154@N0616346932874.jpg,4.51
evanh8488162137.jpg,4.07
madarchie014043038801.jpg,5.57
hop_spot31449223010.jpg,4.71
claudiomarcon5770129908.jpg,4.2
caminandoporelabismo24129151624.jpg,5.14
szaborita30211083563.jpg,6.19
24456177@N067326799204.jpg,5.67
daniel_5821450659122.jpg,5.01
valantk31500794900.jpg,4.7
peterzimmer18713545218.jpg,4.77
101532154@N0618346748410.jpg,5.14
_oneshot10729853076.jpg,5.34
114922647@N0314376500665.jpg,5.06
akabolla25223698740.jpg,5.59
100958932@N0415062289708.jpg,5.23
barraban25052120555.jpg,4.67
eric060815036378011.jpg,5.11
139435350@N0231150405893.jpg,3.64
takako_r_kitamura26999923594.jpg,5.04
14950906@N072058635071.jpg,5.1
124706007@N0519512458844.jpg,4.38
chemin-neuf31988220541.jpg,4.83
johnschneider46627584035506.jpg,6.01
ratso034635841971.jpg,5.53
sappho_et_amicae14488789846.jpg,5.04
october-9-photography19047715604.jpg,6.44
125214394@N0514976034211.jpg,5.67
137040299@N0529507895214.jpg,6.58
wistine22020871802.jpg,5.96
129588807@N0816488604509.jpg,6.23
sea2sky2953340530.jpg,6.2
synaptic-click14177070904.jpg,4.88
118523768@N0814403966171.jpg,5.61
dear_caffeine6917632581.jpg,4.23
94222108@N0632195412952.jpg,6.2
chemin-neuf23763592471.jpg,6.44
123265837@N0814421518035.jpg,5.57
chemin-neuf21491588724.jpg,5.32
sappho_et_amicae13424411724.jpg,4.21
114922647@N0325855305035.jpg,4.34
132334520@N0325765722621.jpg,5.33
netranei4726701612.jpg,5.67
pupanna3430278482.jpg,6.21
g-starr25201643439.jpg,4.75
chemin-neuf18988673053.jpg,6.55
the-father28101276046.jpg,5.7
132763028@N0817650368904.jpg,5.02
132763028@N0817599372959.jpg,4.61
129003474@N0526960702370.jpg,6.54
129344985@N0531708343566.jpg,6.44
tempesta16829454908.jpg,5.46
der-amaot22389806770.jpg,6.19
115615415@N0616126952372.jpg,5.25
chemin-neuf31644495473.jpg,6.2
katerina_athanasaki19017348662.jpg,5.42
94222108@N0629774349733.jpg,5.53
94222108@N0631545348811.jpg,4.67
eggii25840313941.jpg,4.8
itsallaboutmich4151808838.jpg,5.9
104815519@N0814440732582.jpg,5.53
velaeda16566022660.jpg,6.2
doods-euphoria24896588475.jpg,5.96
130475200@N0227518412085.jpg,5.43
135299661@N0426388538871.jpg,5.71
baskarphotography15731723284.jpg,5.22
128870659@N0822170020936.jpg,5.43
illargidover9451020618.jpg,5.08
126616624@N0316338711698.jpg,6.22
14628416@N0531507924295.jpg,6.11
senoldemir23720498039.jpg,6.04
100851286@N0814015794715.jpg,5.37
liacostacarvalho3398389527.jpg,6.74
jsleighton23734232841.jpg,6.42
rodclash4022918594.jpg,5.61
ohsokoooky4485577520.jpg,6.35
118216744@N0713891438373.jpg,4.1
94222108@N0630238557810.jpg,6.23
boris_bb3048055449.jpg,3.92
little_linus5351292705.jpg,5.69
132763028@N0817500068546.jpg,6.29
chemin-neuf26195973263.jpg,6.36
125756599@N0630375338713.jpg,5.04
etms1932094183071.jpg,6.41
128525045@N0428256457832.jpg,5.96
plusbeautumeurs23239022509.jpg,6.38
ratso033573433374.jpg,5.33
114922647@N0326284535120.jpg,4.24
128607293@N0526345529931.jpg,5.02
114922647@N0314638673718.jpg,4.58
22533453@N0329932738794.jpg,5.46
akabolla26616297401.jpg,6.42
barraban24515473116.jpg,6.63
94222108@N0628431897562.jpg,5.67
velaeda16327973025.jpg,5.1
chemin-neuf21587870888.jpg,6.08
senoldemir23446054896.jpg,6.21
johnschneider46627012354116.jpg,5.4
sappho_et_amicae11982642336.jpg,4.5
trango315084208215.jpg,5.88
velaeda31900419432.jpg,6.39
katerina_athanasaki20302614928.jpg,5.54
h74k17171774357.jpg,5.39
miyabin25837286880.jpg,6.42
biltonphoto26023994202.jpg,5.58
dominiquebeau9854334056.jpg,6.0
flachir197314404729191.jpg,5.74
kornrawiee15383710333.jpg,6.21
lara_101230084441626.jpg,5.37
johnschneider46625215828376.jpg,6.5
chemin-neuf31018397980.jpg,6.16
akabolla27594445023.jpg,6.02
129588807@N0816467461837.jpg,5.53
22251371@N043796707534.jpg,5.47
carlosjarnes26769889280.jpg,6.26
38120108@N085295844111.jpg,5.85
fishmonger4523476878656.jpg,5.15
chemin-neuf24283429806.jpg,5.67
aniwitt24546391880.jpg,6.74
101532154@N0626857111205.jpg,5.87
90175010@N0224251802182.jpg,6.08
68449261@N0817024377859.jpg,4.98
aniarns22779552800.jpg,5.13
sappho_et_amicae11054785563.jpg,5.89
94222108@N0629474556245.jpg,4.8
mkc60921429450614.jpg,6.19
132334520@N0325874103566.jpg,6.06
chemin-neuf21692330409.jpg,6.25
129588807@N0816488603669.jpg,5.53
lorisrizzi31040069820.jpg,6.49
sappho_et_amicae14256202284.jpg,6.8
chemin-neuf16354108931.jpg,5.96
129547436@N0821565339084.jpg,5.98
chemin-neuf26250117843.jpg,5.87
aloma-anderson25948759720.jpg,5.84
a_girl_named_hope3784037015.jpg,5.75
synaptic-click9465370620.jpg,4.16
mrcubs20479405134.jpg,5.96
flachir197317200860302.jpg,5.78
27525543@N0517343860129.jpg,6.45
129588807@N0818166752973.jpg,5.54
94222108@N0631656546772.jpg,4.86
59230164@N0720421149722.jpg,6.21
sdrimagestore27067022596.jpg,4.85
chemin-neuf31490581835.jpg,4.67
flachir197314045834938.jpg,6.25
114922647@N0322485770269.jpg,5.54
velaeda22931900299.jpg,5.92
samikorhonen21613869502.jpg,6.2
sweetgrass3117314005591.jpg,5.73
cilga16064602472.jpg,5.5
cheyzan22251253148.jpg,5.9
34489412@N0326377848991.jpg,6.12
a_reef14669554771.jpg,5.0
135299661@N0430995234705.jpg,5.58
135299661@N0432106611961.jpg,5.9
chemin-neuf18852530233.jpg,5.78
133697151@N0830593303432.jpg,5.38
arnaudv11996903264.jpg,6.29
ratso034616222308.jpg,5.05
55269324@N0317025971502.jpg,6.79
132763028@N0817354957373.jpg,4.65
brunom6729878473071.jpg,5.53
jam_session123146986.jpg,6.37
138583609@N0829332122326.jpg,6.4
boris_bb3024072657.jpg,5.25
101532154@N0618078934301.jpg,5.33
gitelajoux16821667807.jpg,6.5
71915047@N0315367576357.jpg,6.2
johnschneider46625737589344.jpg,5.93
ybo26315123962.jpg,5.65
chemin-neuf24581209840.jpg,6.5
animelikyan24772212050.jpg,5.17
93868712@N0516667209596.jpg,4.58
kuchenbaecker18969849860.jpg,4.64
inenarrar5317837856.jpg,5.04
ratso033632459312.jpg,6.46
plusbeautumeurs16608304736.jpg,4.48
11925274@N026809573711.jpg,5.78
mags23878453273.jpg,6.04
chemin-neuf23670747701.jpg,5.58
galbyshmo5y3491764844.jpg,5.81
eggii16294110506.jpg,5.67
rschnaible11845876506.jpg,6.15
johnschneider46625849974392.jpg,6.16
suzanne-gibson16791184838.jpg,5.98
132334803@N0822355364400.jpg,6.78
sappho_et_amicae8578931288.jpg,5.23
arnekaiser24133597535.jpg,5.67
22266861@N0627150621626.jpg,5.96
josepcayuela20335547539.jpg,5.91
107942666@N0714631225879.jpg,5.38
marcodamilano_photograpy12054852343.jpg,6.42
rippo1265374235.jpg,6.42
heshaaam27467217232.jpg,4.2
chemin-neuf21225135725.jpg,5.67
inenarrar5317838984.jpg,5.22
24456177@N067226085092.jpg,5.8
a_reef24857667143.jpg,6.15
107640822@N0416685260660.jpg,6.1
jaimevillaseca19740012820.jpg,6.21
101968644@N0517378581281.jpg,5.78
uconnbrowns26834563553.jpg,6.6
eric060817162161389.jpg,4.38
ssabphotos16690550125.jpg,6.17
sappho_et_amicae22147091174.jpg,5.52
perilouc32265227075.jpg,5.0
22533453@N0328187917231.jpg,5.95
132334520@N0325707707911.jpg,6.29
66104887@N0623504936049.jpg,5.78
83073592@N0015539015970.jpg,5.72
katsrcool17974293575.jpg,6.58
brunom6727418215204.jpg,6.45
chemin-neuf20904321129.jpg,6.28
70226196@N0022486982450.jpg,6.9
vialard29814458606.jpg,5.33
lauravisigalli19272756896.jpg,6.56
73767885@N0024356977642.jpg,6.64
135299661@N0432195234246.jpg,6.45
132763028@N0817058957917.jpg,6.87
chemin-neuf23953880484.jpg,7.03
leesjewel26373300860.jpg,6.21
velaeda29730666093.jpg,5.06
138583609@N0827046918511.jpg,5.4
flachir197314984730549.jpg,6.94
eugeng_31819928771.jpg,6.67
lucagelpi27129853801.jpg,5.72
rogermathewes25176362441.jpg,6.56
eggii29758520311.jpg,6.91
132763028@N0817733952903.jpg,5.96
chemin-neuf23928549370.jpg,7.12
132334520@N0325903154662.jpg,6.69
plusbeautumeurs32564660736.jpg,5.75
synaptic-click9900296835.jpg,5.46
jaimevillaseca9319412525.jpg,6.37
129588807@N0816673732352.jpg,6.4
94222108@N0628535372553.jpg,5.67
94222108@N0631320142291.jpg,5.67
125690721@N0626833300024.jpg,6.3
135385109@N0225709952753.jpg,5.5
129588807@N0819497588723.jpg,5.18
takako_r_kitamura27643892071.jpg,6.25
eggii20119303690.jpg,5.96
138583609@N0831101728324.jpg,6.83
killerperhaps23140625800.jpg,6.56
fishmonger4523027262873.jpg,5.72
130497974@N0219986840905.jpg,6.05
129588807@N0816487338970.jpg,5.95
chemin-neuf23787662889.jpg,6.81
88762190n0026861888464.jpg,5.69
chemin-neuf24522757560.jpg,4.91
chemin-neuf24065378759.jpg,6.53
24456177@N066857880134.jpg,6.42
129344985@N0522822905518.jpg,6.96
gomezjosem27844048502.jpg,5.96
129588807@N0818484486460.jpg,5.76
eggii16551520526.jpg,5.78
96047042@N0612301674465.jpg,5.24
domingo_lorente14078533278.jpg,6.45
94222108@N0630894898085.jpg,6.23
anatyagi6421490275538.jpg,6.88
chemin-neuf26924248756.jpg,6.95
geraldlj2623611365.jpg,6.54
135299661@N0431224757171.jpg,6.13
123265837@N0814609502836.jpg,6.77
chemin-neuf24404735671.jpg,7.0
miclin11013933489796.jpg,6.06
mrcubs21536131381.jpg,6.42
y_amir22959557180.jpg,6.35
mar_fotografia24499946832.jpg,7.26
138583609@N0826665672111.jpg,6.04
nikola-ostrun10181988164.jpg,7.17
jaimevillaseca17480930873.jpg,6.29
131118153@N0622718859468.jpg,6.64
master_pedda16053648836.jpg,5.95
chemin-neuf19171217866.jpg,6.36
patiblue2774480552.jpg,4.76
velaeda22691199432.jpg,7.31
sarahlcrr25851748091.jpg,6.21
velaeda28480318980.jpg,6.92
takako_r_kitamura30157840893.jpg,5.95
138583609@N0824744809311.jpg,6.76
114922647@N0326700426591.jpg,5.1
135299661@N0431875762733.jpg,6.19
130497974@N0219094576413.jpg,5.94
petrhorak19888737163.jpg,6.33
132752384@N0418844106125.jpg,5.69
chemin-neuf24713251639.jpg,5.46
adrianoguerreiro21019914841.jpg,6.29
tomabenz19670665489.jpg,6.46
129588807@N0816674745195.jpg,6.3
miclin11014468362315.jpg,6.55
chemin-neuf22906101070.jpg,5.42
138583609@N0831894119075.jpg,6.13
h74k19896983909.jpg,6.1
138583609@N0827353935310.jpg,6.21
chemin-neuf24230676039.jpg,6.68
130497974@N0219429679912.jpg,6.3
chemin-neuf18882643193.jpg,5.91
konradlembcke10213101434.jpg,5.98
chemin-neuf26804126191.jpg,6.62
129588807@N0816673734382.jpg,6.27
chemin-neuf22600820400.jpg,6.42
129547436@N0825806994136.jpg,6.08
128625194@N0716922106948.jpg,5.5
chemin-neuf29078659696.jpg,6.83
eggii17373409124.jpg,6.35
patiblue3065750581.jpg,5.55
135722637@N0328484592891.jpg,7.22
takako_r_kitamura30107306033.jpg,6.44
chemin-neuf16898993659.jpg,5.85
chemin-neuf24068246462.jpg,6.38
that_damn_duck29197411206.jpg,6.57
132763028@N0818205317501.jpg,6.48
100701994@N0527200955471.jpg,6.29
hannu_ho14814039918.jpg,4.84
138583609@N0826651640906.jpg,7.12
chemin-neuf22985756260.jpg,5.46
uconnbrowns31568248586.jpg,6.36
135299661@N0430609113574.jpg,6.39
chemin-neuf30635592795.jpg,6.72
lohyewkheong15701914702.jpg,6.44
mrcubs25567070724.jpg,6.35
juergbalsiger20830803472.jpg,5.81
66104887@N0617839299504.jpg,5.83
138583609@N0831925908726.jpg,5.87
38168438@N054525228017.jpg,6.73
138583609@N0827032795240.jpg,6.01
velaeda17979817184.jpg,6.23
a_reef24112647134.jpg,6.61
136328698@N0230917673464.jpg,6.62
backslash_32364123191.jpg,6.46
johnschneider46626130931371.jpg,6.3
ybo25980402310.jpg,5.46
senoldemir24084030683.jpg,6.28
liacostacarvalho276893605.jpg,6.42
148552548@N0630455702084.jpg,6.31
135299661@N0431428829466.jpg,5.33
131817824@N0820175041405.jpg,6.55
94222108@N0631102711663.jpg,6.47
tapstyle2167864180.jpg,6.58
chemin-neuf21128527724.jpg,6.13
138583609@N0828791358856.jpg,5.69
124773805@N0618771194952.jpg,6.08
colpo_docchio17649689162.jpg,6.12
chemin-neuf23214267515.jpg,6.31
a_reef12125410703.jpg,6.04
111470303@N0522533173720.jpg,5.44
clintongrobler1490244908.jpg,5.01
krpentax29077898211.jpg,6.44
chemin-neuf25038580360.jpg,6.46
94222108@N0630116430536.jpg,5.98
114922647@N0317205625544.jpg,5.56
lotharheller31887897885.jpg,6.69
faisal_hamadah3104498908.jpg,6.67
132763028@N0816841338223.jpg,6.75
marcodamilano_photograpy27804355400.jpg,7.23
droogl29312294926.jpg,6.54
nikola-ostrun27017109372.jpg,5.93
101532154@N0618610646672.jpg,6.56
flachir197315867458836.jpg,5.93
klonowa23584395675.jpg,6.0
ric_capucho32463236841.jpg,5.59
chemin-neuf30707161195.jpg,6.33
chemin-neuf23838264224.jpg,6.73
107942666@N0715583224582.jpg,5.84
velaeda20231878178.jpg,5.75
111249249@N0326509994793.jpg,6.43
fotosorrento14544607564.jpg,5.71
marcodamilano_photograpy14510353769.jpg,6.15
jooferr27010114443.jpg,6.13
dclelos28317831126.jpg,5.36
chemin-neuf25971406854.jpg,6.6
plusbeautumeurs21067888169.jpg,6.11
132763028@N0817389064794.jpg,6.25
24456177@N066962739921.jpg,5.76
38181284@N0624882833191.jpg,6.67
132763028@N0817976441991.jpg,6.66
129136230@N0229357432665.jpg,6.65
33715175@N054529112816.jpg,6.4
takako_r_kitamura32140084741.jpg,6.12
leoecao8128048702.jpg,5.8
vincenzo_morello25232017982.jpg,6.14
takako_r_kitamura31739013280.jpg,6.3
orlando_martins27880169052.jpg,6.88
bricksthroughmyeyes31577094976.jpg,6.97
130497974@N0221278154941.jpg,5.79
130942691@N0419004543363.jpg,6.21
jam_session123158681.jpg,7.26
marcodamilano_photograpy18259946005.jpg,7.36
chemin-neuf24315817240.jpg,5.98
edenphotography1054752486.jpg,6.94
backslash_26936033333.jpg,6.68
luzdelsur2868502290.jpg,7.82
orlando_martins30784441602.jpg,6.35
95860232@N0722869767195.jpg,7.75
alanpope26367132486.jpg,6.19
85314460@N0225526302053.jpg,6.95
130497974@N0220118562022.jpg,6.33
101525192@N0425235290794.jpg,6.64
malagash21622092561.jpg,6.21
malagash21986971029.jpg,6.17
mr_samson21010331699.jpg,7.6
rw-v15452500643.jpg,6.2
151031888@N0832496778582.jpg,6.65
128525045@N0422052505488.jpg,7.11
takako_r_kitamura32218446495.jpg,6.9
94222108@N0629818009176.jpg,6.96
chemin-neuf30151396906.jpg,6.33
114922647@N0326263658456.jpg,5.28
73767885@N0020192716919.jpg,7.26
takako_r_kitamura27397553834.jpg,7.47
malagash27218242802.jpg,6.31
higdem26072183030.jpg,6.94
plusbeautumeurs21301084671.jpg,6.11
pekvaha17123025114.jpg,7.38
chemin-neuf32320523315.jpg,6.77
alexomars3514349266.jpg,7.0
-solveig-13522251044.jpg,5.46
22533453@N0323089767431.jpg,6.97
ptanja7111912656246.jpg,6.48
beritsundman18368648219.jpg,7.14
124873707@N0814374607022.jpg,6.43
73767885@N0021672748292.jpg,6.89
lightshousehpc20225422869.jpg,6.37
_sweeta_5844732077.jpg,6.83
digitalink2224547784.jpg,7.34
cfriel23168310313.jpg,5.52
rc_lilipory19382815083.jpg,6.42
mrcubs15200209769.jpg,7.28
malagash31726286710.jpg,6.63
119580457@N0614198456135.jpg,6.48
brandontaselian30931099984.jpg,6.17
eggii21281791891.jpg,6.54
33069471@N0313332183693.jpg,5.83
130497974@N0221683167195.jpg,6.96
mister_marken19667178929.jpg,6.31
55269324@N0328428730666.jpg,6.85
maria_tritaki11373602885.jpg,5.92
plusbeautumeurs32431635792.jpg,6.51
raditech9276034674.jpg,5.61
c_delas17945097504.jpg,7.7
121789109@N0322411292132.jpg,7.05
kkarll16435892984.jpg,7.14
151031888@N0832515216412.jpg,7.1
orlando_martins30092019490.jpg,6.45
dillemma8979005079.jpg,7.17
flachir197314922263739.jpg,7.02
132334520@N0324926106326.jpg,7.19
chemin-neuf25805319981.jpg,6.4
ioankal28297012933.jpg,6.35
132763028@N0818050953461.jpg,6.98
takako_r_kitamura30910779046.jpg,6.25
138583609@N0828208217353.jpg,6.38
107233212@N0213895838990.jpg,6.77
chemin-neuf23654685386.jpg,7.31
135299661@N0431305953573.jpg,7.05
takako_r_kitamura31082221232.jpg,6.82
l_chalmers21449032360.jpg,7.09
flachir197315783493798.jpg,6.61
lauravisigalli16688717969.jpg,5.75
mauscame6843975358.jpg,7.36
45311060@N0814988301211.jpg,7.07
chemin-neuf24357406060.jpg,7.33
plusbeautumeurs20525347298.jpg,7.11
chemin-neuf25451294053.jpg,7.14
68792473@N0423944106109.jpg,6.94
136328698@N0223296282946.jpg,6.99
katerina_athanasaki18810975973.jpg,7.27
130497974@N0224501495365.jpg,7.04
135299661@N0430977666303.jpg,6.19
andra_panduru29341619651.jpg,6.5
chemin-neuf31895378655.jpg,6.95
takako_r_kitamura31380436954.jpg,5.63
132763028@N0817652240243.jpg,6.89
130497974@N0219809829306.jpg,6.78
132763028@N0817368298272.jpg,7.33
velaeda18959865540.jpg,7.33
hybe24038975704.jpg,6.37
90175010@N0219614812090.jpg,7.54
rschnaible27234567140.jpg,6.39
sappho_et_amicae15465633342.jpg,7.0
sappho_et_amicae29552573281.jpg,7.22
johnschneider46623101547600.jpg,6.35
130497974@N0220419017050.jpg,7.31
rschnaible13340478163.jpg,6.12
142476746@N0629059130416.jpg,7.35
94222108@N0630143205162.jpg,7.42
38181284@N0624978299551.jpg,6.78
lotharheller29727176356.jpg,7.28
malagash22071557463.jpg,5.19
cgre-photos28195789050.jpg,6.73
johnschneider46623675830123.jpg,6.61
wesleyrodriguesfoto19173053140.jpg,5.38
132763028@N0817157023318.jpg,6.78
johnschneider46624928696799.jpg,6.54
magdalenaroeseler21079992422.jpg,7.47
135299661@N0431798666154.jpg,6.97
flachir197315971555934.jpg,6.97
droogl26823020456.jpg,7.06
136724500@N0427330138840.jpg,6.12
altugkarakoc14490250295.jpg,6.89
mar_fotografia26550290654.jpg,5.72
120117087@N0822618176256.jpg,6.61
136724500@N0431260721366.jpg,6.12
thewhiteelephant4774190155.jpg,6.62
138583609@N0828379160854.jpg,6.59
craig2127329127256.jpg,7.72
138583609@N0831794084932.jpg,6.03
theopendoor28506496552.jpg,7.21
118216744@N0713058046835.jpg,6.98
vildrik4701224005.jpg,7.13
romaintonelli19599998295.jpg,6.88
marcodamilano_photograpy17516709105.jpg,7.44
krpentax16269059839.jpg,6.88
beritsundman16969847004.jpg,6.31
chemin-neuf23909120100.jpg,6.83
chemin-neuf24687476486.jpg,7.17
enricodot18908236688.jpg,6.9
velaeda22021928356.jpg,6.95
gomezjosem27724374712.jpg,7.2
leesh25547417196.jpg,7.29
rschnaible11988191414.jpg,6.54
flaviospezia16926460358.jpg,7.09
dclelos28209597462.jpg,6.36
130497974@N0219441648768.jpg,6.23
chemin-neuf20154147372.jpg,7.28
135299661@N0430857567255.jpg,7.1
stefanorugolo9150805997.jpg,5.33
111387595@N0516733048688.jpg,6.98
134080527@N0223479893835.jpg,6.36
49713524@N0728447369845.jpg,7.81
orlando_martins28961179164.jpg,6.38
88017636@N0616909202765.jpg,7.05
129588807@N0816487160978.jpg,7.03
132334520@N0323039644625.jpg,6.6
argiroudaki18385574282.jpg,6.72
lorisrizzi25456132210.jpg,7.27
lotharheller29581952503.jpg,7.66
ferminelfiero20408992306.jpg,7.1
126687494@N0816645215678.jpg,7.39
rauschverteilung29414409102.jpg,7.48
altugkarakoc11565010866.jpg,7.13
fable111827157678804.jpg,7.79
alexandrosplakidas16340631674.jpg,7.21
38181284@N0624882964041.jpg,7.46
-solveig-13334034973.jpg,6.04
chemin-neuf20214310969.jpg,7.62
rschnaible24034193175.jpg,6.74
droogl14885034691.jpg,7.87
120117087@N0822618202266.jpg,5.7
14143447@N0618704541373.jpg,7.45
132334520@N0326729832490.jpg,7.39
orlando_martins26639920635.jpg,7.52
takako_r_kitamura30644511224.jpg,6.38
132334520@N0325780282403.jpg,6.76
132334520@N0324743003939.jpg,7.42
atomicturquoise4162517549.jpg,6.33
118216744@N0713057910465.jpg,6.51
135299661@N0431719574820.jpg,8.04
136328698@N0224140870963.jpg,8.21
ignacio_maule31273716985.jpg,7.29
fable111826857697130.jpg,7.88
beritsundman25612928332.jpg,7.75
93040738@N0716668241325.jpg,6.85
tommasobuquicchio22038617652.jpg,7.7
orlando_martins26410214085.jpg,7.66
136888758@N0827447419100.jpg,7.34
130497974@N0219679728072.jpg,7.09
130497974@N0221379545504.jpg,6.34
hernanpc25178062395.jpg,7.46
rschnaible16218858493.jpg,6.81
willpower534414014.jpg,7.62
38181284@N0624574177730.jpg,7.75
136724500@N0427553100914.jpg,7.64
orlando_martins22805464068.jpg,6.88
johnschneider46621466581106.jpg,6.19
gazcreativediver20052720906.jpg,7.5
mar_fotografia24327924176.jpg,8.64
132334520@N0331608041921.jpg,6.73
24152407@N044101916331.jpg,7.11
orlando_martins28671691122.jpg,7.66
orlando_martins30155436541.jpg,7.71
132334520@N0325671755573.jpg,6.25
coglaz16892775992.jpg,8.29
brandontaselian31886900690.jpg,6.8
130497974@N0221541296740.jpg,7.32
nuagedenuit2679614300.jpg,7.71
l_chalmers24687185390.jpg,7.93
mar_fotografia25182698820.jpg,7.87
129588807@N0816673733162.jpg,7.25
eve_photography_by_jc30242395021.jpg,7.53
mnuernberger19960495889.jpg,7.9
mrcubs28344566291.jpg,7.83
138583609@N0831084759403.jpg,8.0
fabio_greco13745435383.jpg,6.41
orlando_martins30819362805.jpg,6.95
h74k20306935738.jpg,6.68
sappho_et_amicae16814210938.jpg,7.5
orlando_martins29136852525.jpg,7.73
132334520@N0326731267855.jpg,6.97
scarburgiceras20711556038.jpg,6.62
chemin-neuf26187806486.jpg,7.17
albertociotti27582742715.jpg,8.27
136888758@N0827854134555.jpg,6.8
bear3313845884045.jpg,7.14
nutulescug27001735005.jpg,8.34
38181284@N0624950066756.jpg,7.53
willpower1320649624.jpg,8.37
123484858@N0515214192978.jpg,6.94
krpentax23782606133.jpg,7.54
rschnaible16920230112.jpg,6.74
129588807@N0816467461627.jpg,7.13
orlando_martins32085844236.jpg,6.13
menelaos_x24174972835.jpg,7.84
fragolife23207665353.jpg,8.17
135299661@N0432272853610.jpg,7.75
130497974@N0220010798430.jpg,7.42
49085121@N0326396412331.jpg,7.0
chemin-neuf23274002550.jpg,7.8
chemin-neuf22012167071.jpg,8.16
38181284@N0624454899674.jpg,8.21
49426978@N0225746821893.jpg,8.28
haraldna1921008477483.jpg,7.65
132334520@N0326072710132.jpg,7.58
132763028@N0817664705396.jpg,5.92
ano0omy4637199868.jpg,7.12
120117087@N0824565938412.jpg,7.58
95381792@N0525003994625.jpg,6.46
142943496@N0829072039850.jpg,7.03
altugkarakoc11551973333.jpg,6.98
chemin-neuf20295845976.jpg,7.58
130475200@N0226104326323.jpg,7.21
107942666@N0720638449448.jpg,7.52
118216744@N0713400986954.jpg,7.06
130497974@N0219967436738.jpg,7.03
zesk-mf28398625246.jpg,6.73
liacostacarvalho2217394256.jpg,8.27
orlando_martins31165361871.jpg,7.39
gfs_photo24302708376.jpg,8.21
mini_malist13793465023.jpg,8.29
bear3313383429594.jpg,6.9
ptanja7118091428881.jpg,6.5
129695708@N0219808212380.jpg,6.75
henka6930264885840.jpg,7.56
cgre-photos27164548786.jpg,8.17
michael_lysios31309099436.jpg,7.44
crossiecoco15660756045.jpg,7.23
90852019@N0821889540261.jpg,8.4
altugkarakoc11514737255.jpg,7.72
rschnaible27531039285.jpg,6.45
malagash20049525513.jpg,6.01
98320241@N0823861791702.jpg,7.5
krpentax15734998650.jpg,9.1
102103397@N0314850338543.jpg,7.87
jacobogcast19860810493.jpg,8.36
120117087@N0822294281443.jpg,8.23
andrei_20655589723.jpg,8.16
130497974@N0219514099428.jpg,7.67
coglaz16936143869.jpg,7.96
flaviospezia17010478546.jpg,7.44
thorstenroepke26732776202.jpg,7.59
mini_malist17726749323.jpg,6.64
90852019@N0827690016981.jpg,8.54
scarburgiceras21144979143.jpg,7.37
129695708@N0219407605111.jpg,7.69
runemyreng28811030555.jpg,7.7
ljsilver7132224111020.jpg,7.92
orlando_martins30070981861.jpg,7.12
yasmine-hens31212104665.jpg,7.79
fable111826223820083.jpg,9.0
130497974@N0224384771143.jpg,8.03
130497974@N0221798584351.jpg,6.87
razorbern2560384530.jpg,6.96
128653174@N0219331787479.jpg,7.77
136724500@N0427968798424.jpg,7.57
127399434@N0622234516781.jpg,8.5
sabine_loewenthal22886337327.jpg,7.47
prometeusz500017022860971.jpg,8.25
de_sara4880466622.jpg,7.35
dougsooley14146455927.jpg,8.79
yasmine-hens26128180144.jpg,7.63
ifazzphotography24142128100.jpg,7.99
130497974@N0224310905204.jpg,7.23
altugkarakoc9477461103.jpg,7.22
129695708@N0218862983263.jpg,7.68
sabine_loewenthal22622687994.jpg,8.5
scarburgiceras20281733715.jpg,8.21
andreateo19312829131.jpg,8.54
yasmine-hens27777544512.jpg,8.02
mini_malist24628040082.jpg,8.71
