image,score
mzmo2130950758.jpg,2.26
the-puma4288049520.jpg,1.81
creeperbones04182603436.jpg,3.4
cherishlovespink2082602975.jpg,2.09
grnhswgrdn2259431452.jpg,1.99
beave5316119946.jpg,1.81
joeshlabotnik3147459531.jpg,1.94
62610543@N036568868653.jpg,2.85
andrew_pastoor5217330878.jpg,2.6
wellsway4237354411.jpg,2.83
12203626@N004223888976.jpg,2.35
dormil_ona1635683805.jpg,1.93
10059955@N044157373653.jpg,2.33
photojennic4165881320.jpg,2.42
mikorz2140820645.jpg,2.11
imageneation3078930458.jpg,2.5
stephanienicole3077530745.jpg,2.12
tommroch2443031536.jpg,3.02
lestershih3100436624.jpg,3.31
canfielddave2123119630.jpg,2.04
jaredvs5339290788.jpg,2.21
enkeli325048185.jpg,2.01
it_mom3131280140.jpg,3.63
mukumbura6593620447.jpg,2.5
mirabo2120678850.jpg,2.34
allegra_ricci2084002325.jpg,3.08
ema_gd5281931688.jpg,3.08
riverst6435482863.jpg,2.38
elgkh6568109953.jpg,2.58
rickeyd724191127341.jpg,3.26
12355153@N062163917212.jpg,3.44
petitechose319429952.jpg,2.96
68508091@N002146973524.jpg,1.82
magstag3132861062.jpg,2.48
adamszarmack2107681884.jpg,3.01
disavage3122099697.jpg,3.11
92167283@N003176732456.jpg,2.12
hollyk-images2116045770.jpg,3.08
tld223415213655346.jpg,3.06
14915441@N074152807941.jpg,2.1
dgthornhill320214405.jpg,3.52
giantmike136496018099.jpg,3.08
purpletwinkie2142453197.jpg,2.25
jbalfred4127498143.jpg,2.17
xxxmarine324882991.jpg,2.53
rumpleteaser4136410749.jpg,2.19
shaktiwomyn3127524021.jpg,3.41
caitlinroberta4212630051.jpg,2.94
wenwoo2118156079.jpg,2.0
denaclavier4211966703.jpg,2.3
rawedgestudio3098945418.jpg,1.89
photographybystyles6535329451.jpg,2.63
minouzers312898196.jpg,2.92
8752701@N08780338970.jpg,2.94
squiz12103125479538.jpg,2.15
cgstitchery1216251551.jpg,2.15
kennethkwan3099835026.jpg,3.48
46573514158935909.jpg,2.45
neviana-zhgaba5258416686.jpg,2.62
cajie2129583882.jpg,3.4
22243336@N032321478130.jpg,1.65
rhondamarierose4198448154.jpg,3.1
sami_canada6567158351.jpg,1.98
artbydebora2059860796.jpg,3.07
froggiefroggie6947757853.jpg,2.6
rkramer623079373322.jpg,1.97
theshutterbugeye5288102754.jpg,2.61
-alira-3137611873.jpg,3.73
lizzyhouse6537913065.jpg,2.92
biggreymare325161776.jpg,2.85
johnperlockillustration4172804165.jpg,3.76
emmettdickie335400212.jpg,2.75
clicnpic2127132225.jpg,2.21
ywds348071341.jpg,2.63
christiaan_253133335680.jpg,2.62
10059955@N044208896064.jpg,2.46
tapps2132762540.jpg,3.6
stellastyles4179396760.jpg,2.52
sukenshots4209525270.jpg,2.54
rcvernors3118227541.jpg,2.71
shaktiwomyn3128351802.jpg,2.75
tobi04062137932234.jpg,1.79
75923199@N005253481336.jpg,2.33
scottmoody4107776521.jpg,3.29
46573513136079390.jpg,3.4
1funkymunkey3042932416.jpg,1.98
barneyfinlayson2098572092.jpg,3.61
rpiereck2132841105.jpg,3.62
shaktiwomyn3124295346.jpg,2.87
matt11383061168715.jpg,2.14
27384724@N023087168244.jpg,2.77
87832879@N002076465861.jpg,1.93
drew_sumrell5291747739.jpg,3.85
ndrwfgg72780270.jpg,1.95
rickeyd724191892664.jpg,2.74
50542505@N085233765129.jpg,3.19
jeffcbowen50821905402.jpg,2.95
141810582@N0231501603760.jpg,2.98
esther_silva2090947567.jpg,3.62
jlcummins_photography50728309992.jpg,3.0
steve_byland2121016863.jpg,4.79
heathercullum3153959328.jpg,2.83
ennev6460846671.jpg,3.23
janners55302051252.jpg,2.64
46573514214262299.jpg,3.05
dolcedo330295832.jpg,3.77
19382731@N063083471877.jpg,4.82
lordv30873234004.jpg,4.25
66646423@N046457834777.jpg,3.12
30630323@N034204566934.jpg,3.37
chmurka3128977858.jpg,3.69
alancleaver4085081401.jpg,2.5
pjswanphotography50662385971.jpg,4.13
fiftyeggs4171663510.jpg,2.99
it_mom3112884561.jpg,2.85
josiahslove4138162695.jpg,2.66
picturesbyann2768339880.jpg,2.34
petermit250757471887.jpg,3.33
romorgan4213486590.jpg,2.99
pkeleher3064394452.jpg,3.17
135008730@N0224002378256.jpg,3.12
73850851@N0350759753977.jpg,2.96
penttja6563241013.jpg,4.87
23965366@N064155649820.jpg,3.31
kiuko3130620614.jpg,3.04
128172572@N0849232221767.jpg,3.48
klingon6530791266923.jpg,4.08
j-dolls50674377293.jpg,4.17
74188171@N0050665124487.jpg,3.69
13070711@N0331527905307.jpg,3.42
michael-leland24030133895.jpg,3.9
piscesromance4209902079.jpg,3.84
jeffcbowen50680456936.jpg,4.07
zoi0527081591929.jpg,3.65
1stbase23172848740.jpg,4.63
hedonblog46071580781.jpg,4.95
sandramahlephotography8312360961.jpg,3.45
rumimume30576246673.jpg,3.32
flcherb6467337757.jpg,4.79
maxrelax23858633282.jpg,2.98
ajmstudios38634656804.jpg,3.33
148301800@N0249937699202.jpg,3.33
bakingismyzen49212606012.jpg,3.29
hannhell49159279361.jpg,3.91
pjswanphotography50662503492.jpg,4.69
dogbytes31423261761.jpg,3.73
48479991@N0631518114590.jpg,3.63
121019654@N0723683911719.jpg,3.17
13070711@N0349308140392.jpg,3.7
bcostin50776863482.jpg,4.13
flint12323717549546.jpg,3.6
145516080@N0431318514293.jpg,4.69
rmh55531518299456.jpg,4.3
wfcosogrande50715945548.jpg,4.0
seren-d-pity3134134578.jpg,4.14
theaterwiz23895543985.jpg,5.0
ericdugan23290379824.jpg,2.88
91815260@N0023241321223.jpg,3.1
christinedarnell32069203866.jpg,3.52
alight3088720224.jpg,2.62
135055126@N0223528660159.jpg,3.62
beave23811911082.jpg,2.86
marcovictor6444572475.jpg,3.37
marsmith748123598451.jpg,4.26
rumimume31475225426.jpg,3.52
57713099@N0823866833849.jpg,4.46
winonag31602406645.jpg,2.85
gaylon30994279163.jpg,3.85
podsville23623063239.jpg,3.83
czd7223551426910.jpg,3.93
nigdawphotography44619797170.jpg,4.25
161894595@N0350735100323.jpg,3.93
vpickering50745677647.jpg,3.65
124304610@N0750710251853.jpg,2.84
chris_marina50743761876.jpg,3.47
106407253@N0549270898576.jpg,3.4
48479991@N0650680328292.jpg,3.41
maria_jose_almeida4213596011.jpg,2.98
142700114@N0544723758190.jpg,3.27
piscesromance2103035322.jpg,4.0
147809248@N0549265137446.jpg,4.37
152800371@N0548900415116.jpg,4.38
dmwardphotography25222334898.jpg,3.9
photosbyjlucier22743537024.jpg,4.21
kjerrell49254316823.jpg,3.5
rumimume31442666501.jpg,3.69
zawtowers31730142420.jpg,4.17
jlcummins_photography50690389223.jpg,3.23
bkhagar_gallery45560053574.jpg,3.83
gmwilliams50662025818.jpg,4.19
wulf00749278571643.jpg,3.5
14042476@N0849266010852.jpg,5.46
nikozar23545102479.jpg,3.84
rumimume23760191235.jpg,3.35
123895158@N0549152222677.jpg,4.39
portrain32355115098.jpg,4.93
11541098@N0649983234297.jpg,3.79
127507887@N0323556293819.jpg,4.78
wfcosogrande50715946023.jpg,4.78
80121194@N0850697564136.jpg,5.31
113337824@N0531862262605.jpg,3.96
arekev32631619978.jpg,4.36
22293873@N0831503084747.jpg,3.78
137063595@N0331696014542.jpg,4.29
saizanstravel23844750751.jpg,4.53
186599973@N0650625682837.jpg,4.88
124651729@N0450255632928.jpg,3.67
134706795@N0323962016226.jpg,5.37
60851543@N0539454120571.jpg,4.96
150894785@N0650740481921.jpg,3.77
48198405@N0731764052858.jpg,4.35
kjerrell38553288864.jpg,4.05
143887319@N0831470403690.jpg,4.61
carolyn_gifford50761885992.jpg,4.19
mikofox32400080075.jpg,4.95
peicraigford49284256676.jpg,4.79
43067379@N0049054541587.jpg,4.15
83646071@N0030698317264.jpg,4.96
jlcummins_photography50733283952.jpg,4.83
136804354@N0623848685371.jpg,4.75
joka200023494259519.jpg,4.65
adamopal49732771056.jpg,3.83
greenstonegirlpix49270513152.jpg,4.4
cuppyuppycake31867235965.jpg,4.1
ianderry6423511147660.jpg,4.19
7501678@N0323275300043.jpg,4.53
16199549@N0523544824796.jpg,4.46
cakechester3990285897.jpg,4.07
victorvonsalza23234157164.jpg,5.0
cizauskas49281434017.jpg,4.81
15693951@N0030998800934.jpg,4.01
wohnblog23713758480.jpg,3.7
129685574@N0450763345437.jpg,3.94
phoebecam50702790568.jpg,4.15
barbara_brundage49278291128.jpg,4.79
bocko-m49267863362.jpg,5.08
glodjib31571949281.jpg,3.6
mattwilliamsphotogallery23961030436.jpg,5.03
101240316@N0349249605466.jpg,4.42
gmwilliams23879147951.jpg,4.08
curly4250576198531.jpg,3.75
jfreund111476965316.jpg,4.68
tdk_sivart23019564643.jpg,4.36
arkworld308375500.jpg,3.92
time250752381056.jpg,4.25
adamopal49729509452.jpg,4.36
maorlando23094604874.jpg,3.96
9550033@N0449222160431.jpg,3.96
trishp9723931754986.jpg,4.17
dave_cappleman23879501706.jpg,4.92
59303791@N0031658661345.jpg,3.99
rosenrottblackheart31795606216.jpg,3.88
126657214@N0323949980077.jpg,4.87
silvia3116323830940332.jpg,4.95
keith_bowden_photos23380326329.jpg,4.45
magicattic8831376736370.jpg,4.51
jez2250664850608.jpg,4.01
stranded-alien49264716727.jpg,4.22
66510776@N0427559450659.jpg,5.03
jlcummins_photography50733182241.jpg,4.53
125783202@N0849144749797.jpg,4.99
134163081@N0823420763506.jpg,3.54
1983-cj723096995423.jpg,4.81
glamalice49272593867.jpg,5.25
86659476@N0723802187292.jpg,5.11
bel200031656483176.jpg,5.03
meaimages49269723696.jpg,5.08
stone6530829580404.jpg,3.81
40262251@N0350067168188.jpg,3.93
daclicker50758184978.jpg,4.2
129562228@N0523436298959.jpg,4.78
ctofcsco6586093975.jpg,5.0
186599973@N0650706295646.jpg,4.62
lockechrisj50748593021.jpg,5.46
sammers0523274694370.jpg,3.85
gddigitalart23558338521.jpg,3.92
136403233@N0246205833531.jpg,4.05
135771792@N0723317203124.jpg,5.42
photojourney5723847529612.jpg,3.9
rvp-cw50646611007.jpg,3.42
rivercrouchwalker49272554102.jpg,4.39
jason8703049249871797.jpg,5.01
189790879@N0250761066681.jpg,3.33
13070711@N0349251306236.jpg,4.12
dirkwallace11477833773.jpg,4.24
jpn49278322746.jpg,4.85
124189538@N0831480656516.jpg,4.48
74188171@N0050665048291.jpg,4.0
matthewpaulson44576250740.jpg,4.87
chickpeasrule50766247922.jpg,3.99
katsrcool23553284425.jpg,4.69
randallepp23349451254.jpg,5.22
79979605@N0323481547262.jpg,4.21
steelhead201015909215437.jpg,4.08
devriesd40226349552.jpg,4.0
152477893@N0249231653341.jpg,4.9
dave-cool50797347687.jpg,5.46
rwethereyet31677761986.jpg,4.87
smack5323360904614.jpg,3.99
rmh55531369375411.jpg,4.95
bakingismyzen49223528671.jpg,4.05
64591720@N0746122087632.jpg,4.6
jeanniedee23864106941.jpg,3.91
29302734@N0231446564030.jpg,3.42
i_ali_foto31384546446.jpg,4.61
arimm23457142433.jpg,4.96
velzqzjeca24054776515.jpg,4.4
jainbow49269685968.jpg,3.44
lawdedas23316299894.jpg,4.28
meerkatsmiles23299132783.jpg,3.45
157000044@N0349178784757.jpg,5.05
ajhaysom31790209145.jpg,4.64
smudgie5323335909674.jpg,6.01
harper_ganesvoort38410661555.jpg,4.8
cienne23323141084.jpg,5.62
186599973@N0650702578531.jpg,3.76
autumntyme50626277908.jpg,4.17
cicciofarmaco23727216560.jpg,4.44
beev196931464401371.jpg,5.46
9524771@N0650757340623.jpg,4.57
alexhannam50770681601.jpg,4.85
marielledevalk23808082306.jpg,5.52
smiller99924320868507.jpg,4.28
rsp_pics50707018088.jpg,5.73
132761858@N0523861626241.jpg,3.61
lhempel24074177147.jpg,5.24
e_liddell15935975105.jpg,5.29
58496988@N0223155274243.jpg,3.85
jlcummins_photography50727482413.jpg,4.71
lisazins31481812392.jpg,4.62
138104002@N0723734921120.jpg,5.77
millionen31861855025.jpg,4.25
128026872@N0328271403589.jpg,5.37
nikond3xuser123905521322.jpg,4.43
11314491@N0515533574343.jpg,5.75
chrissie200348247943892.jpg,4.66
geraldbrazell50692672073.jpg,4.07
125914022@N0523179251834.jpg,4.37
tomd201849264147493.jpg,5.07
tomfenskephotography23331008194.jpg,5.47
cicciofarmaco24048761192.jpg,5.24
axeboyokc31682037282.jpg,4.89
148486988@N0249274223621.jpg,5.85
148999511@N0449140809558.jpg,4.51
cizauskas49204572061.jpg,5.04
stefanobiserni23618968649.jpg,5.46
9550033@N0438797960432.jpg,5.83
rivertay6577582767.jpg,4.96
32738695@N0746446374751.jpg,3.84
manuelek49277235423.jpg,4.67
129665755@N0323623041494.jpg,5.13
gbabie10123743229416.jpg,5.09
trackheadstudios23949463595.jpg,4.2
8729526@N0223969769315.jpg,3.95
timnorbury23281913133.jpg,5.65
jason8703023777765162.jpg,5.21
rmh55531278952611.jpg,4.4
159216562@N0246079502011.jpg,5.39
rodahphoto6561138747.jpg,5.52
132476314@N0431414510147.jpg,4.25
tirlikas24479143550.jpg,6.37
7279921@N036574460547.jpg,5.12
raffaellarinaldi23061587559.jpg,4.7
craftcreativity1935855606.jpg,5.14
matthewpaulson49227488661.jpg,5.35
thuyhn6569930979.jpg,6.45
akgypsy3723210465694.jpg,4.56
souzagesiel23926122416.jpg,4.38
robert_pitt23594077125.jpg,5.64
pagedooley23844883291.jpg,4.21
155758613@N0645737594794.jpg,5.21
111484684@N0431019807644.jpg,5.21
jfreund123006774344.jpg,4.53
wfcosogrande50715944948.jpg,5.69
9550033@N0449193890423.jpg,5.69
milliepa24077536587.jpg,4.7
jayhuangphotos50762039712.jpg,4.42
95946527@N0550728612408.jpg,4.85
hc_nielsen50758266436.jpg,5.2
79979605@N0323588720700.jpg,4.03
67355751@N0431196858647.jpg,4.92
130397856@N0323954502556.jpg,5.0
96972102@N0044573843600.jpg,5.15
37978092@N0223936980905.jpg,5.73
185117660@N0349275991712.jpg,5.93
126827374@N0423728846455.jpg,4.61
75885098@N0522982170223.jpg,4.13
30997751@N0732075992826.jpg,4.6
-londonlights50729077796.jpg,4.41
anymotion6573899243.jpg,5.21
wrightarchive31198474060.jpg,4.96
jprdigiart50602797711.jpg,5.17
citrouillesucree23725208001.jpg,5.42
immacola5236091476.jpg,5.62
niggley22723905634.jpg,5.29
boffins31039259113.jpg,6.39
165792405@N0350778372922.jpg,5.88
100076017@N0723563494300.jpg,4.9
joka200032570715438.jpg,3.95
107892639@N0823952735005.jpg,4.25
131326245@N0446619337851.jpg,4.47
michelblanchette11450465554.jpg,5.54
157463013@N0449275043747.jpg,5.62
scottfidd50736847688.jpg,4.58
stone6523566629039.jpg,4.49
jlcummins_photography50732452488.jpg,5.27
63739177@N0623820274492.jpg,4.21
61715028@N0349164702942.jpg,5.25
icpapachristos50790690973.jpg,5.05
ianturk22983293201.jpg,4.77
13070711@N0349253858227.jpg,4.38
95946527@N0550705540271.jpg,5.92
icpapachristos50791446166.jpg,5.28
76714562@N0831767519331.jpg,5.21
dewollewei50745768353.jpg,5.78
9550033@N0424426245927.jpg,5.36
150442566@N0749263195186.jpg,4.17
143119536@N0450741942223.jpg,5.1
teunjanssen49507198608.jpg,5.55
jainbow49264720111.jpg,5.0
133203622@N0623985988115.jpg,5.96
ropri23823019212.jpg,4.84
richwall10050743291292.jpg,5.83
10080687@N0439081917812.jpg,6.0
vivena-vivography46378330892.jpg,5.81
cossie-bossie23329708974.jpg,5.3
148088263@N0749265435183.jpg,5.1
paulcowie50694418537.jpg,4.86
foggyray9022753493913.jpg,5.31
tkpps49710144703.jpg,4.97
camdiary23725502792.jpg,4.95
jlcummins_photography31844596995.jpg,4.75
libra6149166833977.jpg,4.62
nelley200732588776798.jpg,5.31
reddragonflydmc49273175526.jpg,5.22
64571528@N0450751149843.jpg,6.13
126945446@N0323766663635.jpg,4.96
manxmaid200046384275191.jpg,6.06
lettieofelpaso16060853542.jpg,4.58
fortphoto23652161170.jpg,4.14
165131658@N0349216869061.jpg,4.88
tomcomjr49269813583.jpg,4.51
randyherring23992363485.jpg,4.62
jainbow49248702103.jpg,4.73
86013390@N0522981425709.jpg,5.5
60300617@N0223863292291.jpg,4.5
95946527@N0550729439507.jpg,4.96
jlcummins_photography50690388818.jpg,4.75
fotomakr25333206508.jpg,5.58
karl_wolfgang49324630558.jpg,4.28
el_ramon23908565526.jpg,5.47
132343036@N0750753475677.jpg,4.89
agirygula45162114995.jpg,5.38
marionchantal23912393606.jpg,5.14
96654411@N0245615519164.jpg,4.83
mbone197331547285056.jpg,4.12
9852245@N064103775198.jpg,5.22
carlvignola23547398591.jpg,4.32
128561206@N0823933752106.jpg,4.52
skumroffe50747608146.jpg,5.92
nigdawphotography50677253961.jpg,4.42
pj_photos_23755418962.jpg,4.62
vasilgochev38944053054.jpg,4.67
137110431@N0832500459193.jpg,5.0
alexhannam50770682061.jpg,5.17
version-3-point-123946689416.jpg,4.96
jackbyrneshill31937098245.jpg,5.09
155963388@N0646465715221.jpg,4.44
deanomite8523825834986.jpg,4.96
drum_sk8_er31571421301.jpg,5.0
wongrichard37661983895.jpg,5.18
128473042@N0323334713030.jpg,4.81
183639170@N0449201630861.jpg,4.7
helloimwild25320151506.jpg,5.44
79979605@N0331317983961.jpg,4.12
katsrcool23585051825.jpg,5.78
pocket_rocket150680212393.jpg,4.64
134352553@N0446384510631.jpg,5.13
jlcummins_photography50750529868.jpg,5.83
129666100@N0349252758646.jpg,6.19
joka200023260119820.jpg,5.29
spangles4411155209443.jpg,5.63
gbabie10123317945734.jpg,5.37
125672451@N0823917161746.jpg,5.22
mikedanneman23864650931.jpg,6.38
bobkramer50718957633.jpg,5.79
139960010@N0850739186066.jpg,6.5
gaphiker23578672339.jpg,5.78
algo3140945141.jpg,6.42
jwhanley23779417130.jpg,5.62
baldmike201246411390992.jpg,6.28
jtrainphoto39176494972.jpg,5.7
anvilcoud30732387973.jpg,6.56
16714425@N0449259598118.jpg,6.03
mark_rigler_uk31235232815.jpg,5.71
stanzim23844952902.jpg,4.83
84715792@N0238091932005.jpg,5.46
124706007@N0530909857544.jpg,5.29
ninja_dog48014795902.jpg,5.62
pagedooley31698680065.jpg,5.2
alicjazmyslowska23771337986.jpg,5.92
a_blond-tess49264965723.jpg,6.85
henryksadura49295680697.jpg,5.83
legominifig38286040305.jpg,5.45
52836852@N0050424106831.jpg,4.59
dpstreet31633923051.jpg,6.42
52982800@N0749191042418.jpg,4.91
studiodxavier31426530725.jpg,5.35
bluecorvette50742218002.jpg,6.27
131702437@N0723319481684.jpg,4.88
91722814@N0223648849362.jpg,5.99
ailognom50705529208.jpg,4.86
128473042@N0323020047383.jpg,5.45
165792405@N0350753867097.jpg,5.92
17898316@N0050754046521.jpg,5.0
139902537@N0325422877378.jpg,4.79
bigbrowneyez31804104756.jpg,5.38
184867343@N0549283032348.jpg,4.88
galepiccar45548314625.jpg,5.96
32738695@N0731728570121.jpg,4.83
128422849@N0823553530321.jpg,6.11
17800402@N0849195712953.jpg,5.79
jackiematthewsphotography46278197561.jpg,5.54
95946527@N0550701941627.jpg,6.63
79979605@N0331373619110.jpg,5.04
goatcrossingimages25316729308.jpg,5.86
95946527@N0550729341846.jpg,5.4
133826524@N0223474352666.jpg,5.5
134398826@N0823323329104.jpg,5.53
anapenelope23468012672.jpg,4.99
ajbarickman8285306231.jpg,5.2
132476314@N0449263558901.jpg,5.62
mlrogers3132478151.jpg,5.71
swandutchman23038987125.jpg,5.8
nancyandwayne23867159701.jpg,6.08
danieldevad23839959562.jpg,5.9
pagedooley23299167644.jpg,6.08
paul_fitzpatrick49263476747.jpg,6.24
137104551@N0438074760904.jpg,4.51
pieceoflace23941694375.jpg,6.05
inannabintali50737264613.jpg,5.86
lala_lenore11272149444.jpg,5.38
144096106@N0631632277951.jpg,5.17
cuppyuppycake31809015115.jpg,5.15
63739177@N0638551535094.jpg,4.84
158337048@N0650767923126.jpg,5.35
sddigital50675004953.jpg,5.37
eagle1effi31703477342.jpg,5.35
124477069@N0629951017222.jpg,4.8
192743782@N0551223467409.jpg,4.25
scande049282268138.jpg,6.93
132291129@N0331573198361.jpg,4.46
jainbow50755396567.jpg,4.42
75590067@N0831465850677.jpg,5.38
jenny_photos16045603622.jpg,5.17
jsollows31652598405.jpg,5.42
davidmonofoto23536803259.jpg,5.05
digitalillumination23833521436.jpg,6.46
holfo27929791043.jpg,5.88
59303791@N0046365987391.jpg,4.83
134352553@N0449221721008.jpg,5.58
blofeld0923858237421.jpg,4.95
145138256@N0531699836952.jpg,5.27
144311049@N0346162160802.jpg,4.96
126568250@N0223386613690.jpg,5.86
francyyyyyyyy30740472654.jpg,5.11
diahye31338862271.jpg,6.35
79979605@N0349269193458.jpg,5.28
gmorlando49268724422.jpg,5.88
72614959@N0731521556676.jpg,4.86
swordtail31409268176.jpg,6.58
41890366@N0331799921406.jpg,6.23
8861152@N0250775776338.jpg,5.8
christa_p49266175241.jpg,5.44
33607628@N0215917115468.jpg,5.38
129646923@N0623660088991.jpg,6.04
w9jim16070432276.jpg,5.58
95946527@N0550709147072.jpg,6.12
smilla423776393150.jpg,4.82
vivena-vivography49263328742.jpg,5.78
cecilia_akemi24007072326.jpg,5.17
jankor15918558247.jpg,5.0
azsunsets30990036254.jpg,5.24
maureenbracewell25355556198.jpg,4.94
anberlin50754612907.jpg,5.05
183971907@N0549235107151.jpg,4.9
derodeolifant23313194464.jpg,5.29
98723310@N0423519726229.jpg,5.3
mikofox23827180344.jpg,6.72
cameragirl10816066362556.jpg,6.0
shand196750690056211.jpg,5.12
dobseh11363822396.jpg,4.93
46644938@N0722941214104.jpg,5.89
ajhaysom23665062350.jpg,5.0
107712344@N0524802058741.jpg,6.35
nigdawphotography50769422833.jpg,5.46
krisdecurtis6447349269.jpg,5.4
pocket_rocket150680635367.jpg,5.8
annemcm38369667185.jpg,5.54
carenpolarbears49232571752.jpg,4.71
133346935@N0423949570196.jpg,5.59
ransomednblood23964170235.jpg,5.44
stevejm200931476830530.jpg,5.69
pjbuhrow23986982086.jpg,4.4
124461601@N0723327753874.jpg,5.22
iliyanyankov23334076194.jpg,5.56
16736742@N0345884226892.jpg,6.06
helloyarn2120433785.jpg,5.4
jezbags49281469778.jpg,5.9
ebcreation32030473741.jpg,5.19
116189596@N0549252640846.jpg,5.02
16199549@N0523933852275.jpg,6.89
30797788@N0311711138766.jpg,6.67
76627744@N0846209838282.jpg,6.22
98723310@N0423925404365.jpg,5.2
jlcummins_photography50728210186.jpg,6.19
28992287@N0349252697417.jpg,6.0
97851705@N0349257032311.jpg,6.21
16310943@N0732571273428.jpg,6.73
maconthorne50725583312.jpg,5.4
louisraphael49287919366.jpg,6.96
21506908@N0749280080748.jpg,6.17
molegode23883827691.jpg,5.73
14886702@N053100952578.jpg,7.28
112292182@N0249263314432.jpg,6.15
collieelaine23147659324.jpg,5.42
106070824@N0239224423201.jpg,6.79
jen_stlouis_photography23966552486.jpg,5.34
jdelaunay_paris49186974361.jpg,6.09
bobkramer49239561583.jpg,7.13
26653918@N024076301270.jpg,6.12
gagasue38409873485.jpg,5.98
134882310@N0523893375496.jpg,5.12
littlekiss349171933291.jpg,5.59
107550004@N0549253161278.jpg,6.61
rashmiel50616147983.jpg,5.15
giannafou30889303733.jpg,5.14
125970679@N0524390696983.jpg,6.56
toddye200016056471016.jpg,6.32
44108232@N0730944772904.jpg,6.49
unnihenning23920451091.jpg,5.83
hhax38848494612.jpg,5.75
131779834@N0850757518416.jpg,5.99
37690108@N0523783988532.jpg,5.48
jlcummins_photography50751369512.jpg,5.26
hugovonschreck31721234666.jpg,5.85
nigdawphotography50769422483.jpg,6.16
bigbrowneyez50730031388.jpg,5.24
glolucach50800399122.jpg,5.81
141351822@N0345942795294.jpg,5.85
116461754@N0749169966666.jpg,6.15
erato-lydia23684499732.jpg,4.99
pjgrillo50738588036.jpg,5.42
pen-f-fan24280168557.jpg,6.3
141357139@N0338281662295.jpg,6.63
haste4939238847222.jpg,6.0
dicristi23165664984.jpg,4.98
babilonas44573420420.jpg,6.79
40262251@N0350706174081.jpg,5.6
131888281@N0549277341978.jpg,5.37
mettwoosch30564354304.jpg,6.75
pagedooley50737116486.jpg,6.02
96654411@N0250705411751.jpg,5.88
41890366@N0350751594827.jpg,6.42
184838336@N0750733822897.jpg,6.18
toddye200016056656931.jpg,5.58
60851543@N0524338354707.jpg,5.92
teun_van_dijk31703598042.jpg,6.38
dmcwa16098586572.jpg,6.6
cuppyuppycake31197599830.jpg,5.58
smiffy3732259560548.jpg,6.57
94100125@N0723971727935.jpg,5.13
babilonas31451354237.jpg,5.59
davidjp6445731880624.jpg,4.92
jule-lemondrop23810390171.jpg,5.52
walrustexas49274691126.jpg,5.67
bigbrowneyez50752224197.jpg,6.41
lonelysouldesign49147015556.jpg,6.78
11248476@N0631327159483.jpg,6.82
s-b-b46385734392.jpg,5.05
piscesromance3110062709.jpg,5.67
molegode23598485169.jpg,5.42
marionrosengarten46387305762.jpg,6.63
great750753194476.jpg,5.58
124706007@N0523695459519.jpg,6.12
152477893@N0249231188018.jpg,6.23
traceyanddan23995493985.jpg,5.47
fibia24372560697.jpg,5.92
julymagica27483117949.jpg,6.63
pwitterholt49263292156.jpg,6.15
carenpolarbears46483727331.jpg,5.67
totomai16069853666.jpg,6.69
141925622@N0730941414133.jpg,6.83
rashmiel49192541232.jpg,5.71
powerpig22861249407.jpg,6.21
tryfonkarag38815622681.jpg,6.17
150308574@N0649230396531.jpg,5.17
cerezachan46127859411.jpg,6.5
gavsidey23785260882.jpg,6.29
oceanerin11483151395.jpg,4.89
fotodiox23820714942.jpg,5.96
katsrcool46363120972.jpg,6.7
mrscurlyhead24046171456.jpg,7.13
130423547@N0844502533470.jpg,6.28
43870325@N0650690936602.jpg,5.62
roomanald23762507182.jpg,6.31
alexhannam50770681226.jpg,6.04
bewitcheddifference49168224927.jpg,6.88
ebcreation31823815195.jpg,5.54
pdmjr9949242368121.jpg,6.64
mironabside8311443688.jpg,4.72
rosannarion15943197308.jpg,5.17
ewitsoe23369480434.jpg,5.88
rjcrocker31730775345.jpg,5.98
johngl50758060721.jpg,6.02
skumroffe50746871618.jpg,7.1
kumaravel49370587203.jpg,5.81
matt-pearson4096736731.jpg,6.12
alexandraartcollections38183395574.jpg,5.33
nozomiwan31738342136.jpg,5.28
oldogs50696550488.jpg,5.92
11248476@N0631392958920.jpg,6.04
cottilello6474061571.jpg,4.96
fibia31943056435.jpg,6.81
124706007@N0523334495720.jpg,6.36
clabudak23994530887.jpg,6.75
126975242@N0223526628733.jpg,5.46
cgraab6250752150741.jpg,6.72
96972102@N0050758027262.jpg,5.33
ebcreation50742348903.jpg,5.89
41944783@N0823733045121.jpg,6.29
142475862@N0527129829705.jpg,5.8
151713437@N0632578390788.jpg,7.12
96160086@N0449222387393.jpg,6.01
53848015@N0446386307182.jpg,5.19
cluckyjoesphotos31731677701.jpg,5.45
prsjr49296941077.jpg,6.06
pjgrillo38503178604.jpg,5.96
susblanco23497458414.jpg,5.45
images_from_piet23921930051.jpg,5.47
96160086@N0431649472766.jpg,5.78
marcos_jerlich23567248639.jpg,6.42
dietmar-schwanitz23906851046.jpg,5.62
princeprestigephoto23854084502.jpg,6.62
jwhanley31060916894.jpg,5.43
fibia11479599233.jpg,6.71
mettwoosch31219443920.jpg,6.58
moamaria3129705187.jpg,6.63
trisham5631307089191.jpg,5.14
41890366@N0349267154423.jpg,6.63
levettday23165919724.jpg,6.12
95860871@N0323246074402.jpg,6.23
pagedooley23698461985.jpg,5.45
stanzim23378215479.jpg,5.54
kitt-styleoflife15965045625.jpg,5.39
murdoman-a50726607591.jpg,5.47
62425933@N0424064741757.jpg,4.99
150308574@N0650696204533.jpg,4.99
natalia_tretiakova24083920726.jpg,5.85
99548464@N0831571214252.jpg,6.23
163787934@N0531516362997.jpg,5.95
102037562@N0450744448372.jpg,5.57
anberlin49356128002.jpg,6.04
93861495@N0823008757094.jpg,5.29
rashmiel50616996662.jpg,5.37
9817122@N0534149578945.jpg,5.42
z_a_r_a_1131266848845.jpg,5.73
ucumari23641723479.jpg,5.95
145114455@N0249267163933.jpg,6.29
kissthepixel31346580837.jpg,5.45
tomfenskephotography23700399961.jpg,6.03
digitalworldofpaul11691082355.jpg,7.12
129400102@N0716103420372.jpg,7.04
181682596@N0850757382243.jpg,5.98
evergreen200530751360923.jpg,5.85
smiffy3750743184558.jpg,6.67
145683341@N0738530484984.jpg,7.17
stranded-alien50752036896.jpg,5.46
132476314@N0449275087793.jpg,6.29
jimjh23956726065.jpg,6.0
alisonmckay15812647397.jpg,7.28
rh_photographic_art15899796328.jpg,6.33
belizaphotography50733248371.jpg,5.21
21556354@N0316071444896.jpg,5.21
184867343@N0549252688766.jpg,5.65
harakispicture31643328731.jpg,6.03
jellyfire11698034253.jpg,6.95
riovissi50684832796.jpg,6.22
belizaphotography50732518898.jpg,5.71
pocket_rocket149240969106.jpg,5.82
rashmiel50616148023.jpg,5.8
skumroffe50747605256.jpg,5.91
lkbphotographic23203648793.jpg,6.02
trona27464878377.jpg,5.5
ksg_fotografie38381541375.jpg,6.38
dmh6438845237922.jpg,6.79
aloma-anderson24244705040.jpg,6.94
132476314@N0449273315517.jpg,5.69
lkbphotographic50737059492.jpg,6.54
disgruntledbaker16099274022.jpg,7.2
25994583@N0650756961792.jpg,7.29
therealmcquaide22592875267.jpg,7.33
lara_101223943176256.jpg,6.62
135481287@N0827095031629.jpg,6.2
155990568@N0349223822328.jpg,6.62
pagedooley45657809055.jpg,6.42
97664410@N0216047009276.jpg,6.31
59926418@N0823604700620.jpg,6.42
tschiae22937856864.jpg,6.61
ebcreation50746576896.jpg,6.27
dzoubov49338000697.jpg,6.84
baljindergill31722440082.jpg,6.96
johngl50757323318.jpg,6.14
jwhanley45028676245.jpg,7.01
55198400@N0550755839097.jpg,7.48
stephen-lavery38380374805.jpg,7.65
christian-ferrari23785706572.jpg,7.13
150308574@N0649220029176.jpg,6.14
shereif49233716318.jpg,5.48
nephentes38555166064.jpg,5.69
deisiferreira16135458475.jpg,6.76
149016203@N0749250379423.jpg,6.17
oliko231566257776.jpg,5.67
fay260349264361487.jpg,6.44
seragram50573247312.jpg,6.71
39877441@N0523318072264.jpg,5.74
184838336@N0750733723786.jpg,6.46
roger_forster50759433877.jpg,6.81
150308574@N0649301446091.jpg,6.42
bigbrowneyez50746807676.jpg,7.03
129547436@N0823762349136.jpg,7.46
90171279@N0031675614172.jpg,6.47
thomaswinstone50750862021.jpg,6.75
konstantin-o23314859819.jpg,6.09
johngl50758061431.jpg,6.76
bewitcheddifference49167514988.jpg,7.54
bballandephotographe49273980933.jpg,6.8
187515945@N0250744472847.jpg,6.52
97183403@N0845477978635.jpg,6.89
carenpolarbears50751311202.jpg,5.64
56111103@N0250786638092.jpg,6.24
chatterstone23811879986.jpg,6.03
appeniwill50736921882.jpg,6.45
96972102@N0045536652115.jpg,6.33
181698151@N0250751556862.jpg,6.9
paulinajackiewicz23646604070.jpg,6.0
67800849@N0323595472080.jpg,6.73
schwabel50760594816.jpg,6.95
alexbrookey11569321246.jpg,5.87
150308574@N0650737521486.jpg,5.73
dtvaviationimages49229190217.jpg,5.88
123616369@N0531487008342.jpg,6.48
philocycler23350889862.jpg,7.12
124061045@N0430350331623.jpg,6.53
poppysmiles2037131210.jpg,5.86
34216763@N0249289279232.jpg,7.2
165415014@N0850765961072.jpg,7.46
jdelaunay_paris49186974376.jpg,6.31
131159122@N0549066217033.jpg,6.02
soniaadammurray24224453505.jpg,5.78
littlekiss349236608238.jpg,6.82
zak300049207570938.jpg,7.55
137102181@N0423301759324.jpg,6.08
125857418@N0230929979724.jpg,6.19
pokemonadechroma31830172575.jpg,6.71
milliepa49244629303.jpg,6.29
christian-ferrari31476412900.jpg,7.12
glenncartmill23383589106.jpg,5.79
150442566@N0750731504673.jpg,6.08
lrod23853849542.jpg,5.97
miabid50771644561.jpg,7.52
162300056@N0350742678753.jpg,7.44
9077222@N0323199794024.jpg,7.48
lecabri23872733701.jpg,6.56
matthiasstiefel30937720004.jpg,5.66
brookeipse23230849793.jpg,6.81
185346507@N0749135129733.jpg,5.72
marianna_armata50753559551.jpg,7.33
marianna_armata25432317228.jpg,7.28
boni5d23729323132.jpg,7.62
emmavarley44613060630.jpg,6.29
pansom4211197022.jpg,5.58
buttercupbabe07850756274302.jpg,6.56
minimel50718632726.jpg,6.37
143966226@N0639589640422.jpg,6.44
53848015@N0449244366036.jpg,7.75
77974574@N0331530022246.jpg,7.23
79979605@N0350740653513.jpg,6.29
dorameulman39273510571.jpg,6.36
sven-hein23352879223.jpg,7.18
sabrina_o_brien31631634851.jpg,6.25
82344448@N0550754911651.jpg,6.18
alekathomaidou30879668294.jpg,6.38
90324011@N0515434474783.jpg,6.88
138807894@N0249248156717.jpg,6.85
162300056@N0350758056223.jpg,6.98
150308574@N0649343145976.jpg,5.61
gake49248629928.jpg,5.81
finlap49262932091.jpg,6.37
john-pow23559939485.jpg,7.35
77974574@N0338436195775.jpg,5.62
alecrain38379129524.jpg,7.14
90913470@N0250736915321.jpg,6.84
130281204@N0649332680928.jpg,5.54
thewet6987105179.jpg,6.53
58496988@N0231482644015.jpg,5.99
32889236@N0223879594861.jpg,6.82
150308574@N0650736803783.jpg,5.44
145093364@N0845517394195.jpg,6.22
falconghost49227005258.jpg,6.4
ashaconniekells50754927963.jpg,5.94
karstengieselmann30693698354.jpg,6.44
rini-fotografie50757786171.jpg,7.7
jwhanley46463701751.jpg,6.26
julia_millar_art50687835927.jpg,6.96
karenmcq50755173742.jpg,6.57
cosimoss49268272497.jpg,6.83
28429264@N0723710856480.jpg,5.73
183125065@N0349243303993.jpg,6.09
floriana-thor23286007313.jpg,6.38
185279376@N0350727121806.jpg,6.72
battle1449272003192.jpg,6.33
bill_1131035102983.jpg,7.5
146155909@N0844699995970.jpg,6.28
barbmz50754622952.jpg,6.78
145321357@N0650740846621.jpg,6.44
29842572@N0339304939352.jpg,6.28
lesec4197008035.jpg,7.47
30053705@N0050772976048.jpg,6.4
136221401@N0423595556490.jpg,6.26
adamwoodworth50804894221.jpg,7.5
150308574@N0650754483273.jpg,5.81
116152517@N0823215437384.jpg,6.08
paulcowie50734668928.jpg,5.94
163577176@N0350750451567.jpg,7.13
matthiasstiefel31361241660.jpg,6.05
130856749@N0749240069433.jpg,6.47
shand196750754124122.jpg,6.25
43894176@N074161703416.jpg,6.38
26540233@N0831619286536.jpg,6.36
132476314@N0450757730223.jpg,7.15
cgre-photos49233691573.jpg,7.08
rashmiel50616885461.jpg,6.25
jwhanley26973246369.jpg,6.38
97529277@N0623645656151.jpg,5.34
150308574@N0650710740572.jpg,6.17
35985753@N0050757479448.jpg,7.61
14335455@N0050758621321.jpg,7.03
finnhopson23561221239.jpg,7.33
johngl50758166107.jpg,6.21
66620343@N0250683145758.jpg,5.87
97851705@N0350750117402.jpg,5.94
szemisz31788354515.jpg,6.58
153943211@N0750752009237.jpg,6.38
version-3-point-123770004531.jpg,5.92
131993970@N0723827047326.jpg,6.74
sandramahlephotography49269329018.jpg,5.95
dwengland50756413522.jpg,6.41
21028294@N0649273975191.jpg,6.88
notsewpc50759275852.jpg,7.57
mahoganysl50654430993.jpg,7.07
101654934@N0849272305787.jpg,6.96
31403969@N0431790861366.jpg,7.36
jdelaunay_paris50762468062.jpg,7.25
55740718@N0331702825587.jpg,7.32
karenhunnicutt15868583630.jpg,7.26
alessandro_giorgi50754318726.jpg,8.19
133091322@N0330500092243.jpg,7.13
komotini4924723798075.jpg,6.84
sunshineunicorn49159364986.jpg,6.62
sadofsky50759112821.jpg,6.63
rp_ang23861498885.jpg,7.6
leo_margareto23745167511.jpg,7.02
128531489@N0346351952922.jpg,6.43
150918813@N0250904415381.jpg,6.97
70067752@N0450774015488.jpg,7.2
christian-ferrari23887448936.jpg,7.77
21028294@N0649177921008.jpg,7.25
helenajohansson7150750605907.jpg,7.55
cosimoss46597792451.jpg,6.92
redfire149273423906.jpg,7.42
antonio_camelo24068158622.jpg,7.22
rimeses50969822852.jpg,7.5
pjvmartinsphotography50736067158.jpg,8.27
147501246@N0749248626481.jpg,7.7
25167855@N078329569698.jpg,7.33
150775681@N0545492651795.jpg,6.0
150918813@N0250718612102.jpg,7.52
153358173@N0550681245196.jpg,6.15
131007518@N0723882998922.jpg,7.29
elektratig44641996180.jpg,7.4
natalia_tretiakova27720912449.jpg,7.73
140172836@N0550715498216.jpg,5.93
148293862@N0750758666867.jpg,7.86
sam0hsong31597078462.jpg,6.49
macrackham50685111352.jpg,6.34
jdelaunay_paris49321271256.jpg,6.65
charlottz30996695463.jpg,6.2
137671377@N0750703573772.jpg,6.33
hansfischer45709533604.jpg,7.31
137671377@N0750714904156.jpg,6.53
jdelaunay_paris49246312861.jpg,6.79
155247032@N0450766798723.jpg,6.11
150918813@N0246644892211.jpg,7.45
icemanphotos30998671174.jpg,7.01
12355559@N0339004592331.jpg,8.14
2dxtreem23899810516.jpg,7.73
129605128@N0431001261294.jpg,7.33
the_crappy_snapper31448392480.jpg,7.08
cosimoss45727823155.jpg,7.78
128667930@N0722904734953.jpg,6.69
yananigtwish50644249037.jpg,6.38
natalia_gustafson50764949897.jpg,6.98
rowanhill23676307629.jpg,6.91
jdelaunay_paris50758487622.jpg,7.2
12355559@N0345377765634.jpg,6.71
107892449@N0351032776111.jpg,6.57
blog_lookvirtual49118538412.jpg,7.23
123895834@N0846401805322.jpg,7.46
falconghost49192622573.jpg,7.38
cosimoss50754182272.jpg,7.79
12355559@N0337813584615.jpg,6.32
150918813@N0249212447971.jpg,7.37
clarajanssen199850730431282.jpg,7.44
130284270@N0423280652154.jpg,7.05
130881643@N0450745435487.jpg,7.24
149492014@N0649189087883.jpg,6.33
dejanhudoletnjak25424034458.jpg,7.75
alessandro_giorgi37941834705.jpg,7.44
jdelaunay_paris49252731961.jpg,7.12
101654934@N0838800525631.jpg,6.37
jdelaunay_paris49251780568.jpg,7.49
rosanacafe38441188445.jpg,7.25
jdelaunay_paris49309533087.jpg,7.71
cosimoss44765185330.jpg,6.42
rosanacafe22600320059.jpg,6.46
137671377@N0750702751823.jpg,6.72
annatheodora6471294647.jpg,6.98
johngl50758062076.jpg,7.27
pete3703849269015277.jpg,8.47
massimo-buccolieri23653196510.jpg,7.68
jdelaunay_paris49315146352.jpg,6.62
peterscherub39212539232.jpg,7.14
145443497@N0749272292318.jpg,6.41
38431370@N0724344779765.jpg,6.9
firepretty1664882979.jpg,7.11
jdelaunay_paris50790444421.jpg,7.27
bekks_50665965196.jpg,6.86
186871335@N0650678644643.jpg,7.55
johngl50758167657.jpg,6.86
bekks_49181491367.jpg,6.79
12355559@N0323298318403.jpg,6.79
150806929@N0324252327467.jpg,8.11
jaxonputzo50747107561.jpg,6.98
95388056@N0250739265216.jpg,7.25
126142762@N0850691336182.jpg,6.88
eroticstorm50754386896.jpg,7.05
cosimoss39190805401.jpg,7.01
cosimoss32530146738.jpg,6.37
jdelaunay_paris49327042677.jpg,7.13
143966226@N0649267804841.jpg,7.34
31403969@N0431018768263.jpg,7.16
ralphrozema44613279430.jpg,7.66
omnitrigger50760311397.jpg,8.08
91550765@N0631676081191.jpg,7.73
106156046@N0723717060705.jpg,7.5
136121443@N0650757472042.jpg,7.5
lica_boa50718622498.jpg,6.33
guysamson24755998755.jpg,8.53
97851705@N0350686257128.jpg,6.52
forlornphotos50760349836.jpg,6.77
smiffy3750682224113.jpg,8.09
147630395@N0350678482886.jpg,6.89
97851705@N0350666697203.jpg,7.4
131032837@N0450753516878.jpg,8.0
jdelaunay_paris49304160257.jpg,6.33
12355559@N0323962745507.jpg,7.55
26144770@N0450754032368.jpg,6.62
ghostalker49258121551.jpg,7.29
132045052@N0323832346732.jpg,8.14
150918813@N0249236844903.jpg,6.62
humaninterface23320905324.jpg,7.28
freshcold31724784682.jpg,6.7
trexy50710081913.jpg,6.93
136158425@N0623855015091.jpg,7.54
jocelynedeneau31472655867.jpg,7.17
billysomersley50666338518.jpg,6.42
thathaakerman46098455651.jpg,7.25
92308738@N0330557181264.jpg,7.11
157299646@N0350653252998.jpg,8.25
150147738@N0850751090316.jpg,7.26
karenhunnicutt31101242393.jpg,8.2
jdelaunay_paris50765669891.jpg,6.96
lisapia50753976897.jpg,8.15
danielmunch49277914358.jpg,8.72
