image,score
eridony5327748559.jpg,2.42
olenaivanina5901482657.jpg,4.14
chelooo3036712909.jpg,2.83
eridony5138664258.jpg,2.49
sydjohnson24646106242.jpg,3.21
barbstur2294880160.jpg,3.17
jerry_curtis3646110801.jpg,2.34
mycrochetcellar4521768605.jpg,3.44
redcili3021550099.jpg,4.0
eridony3224244334.jpg,2.85
10208807@N042365029778.jpg,2.68
brunomunro4079247860.jpg,2.79
alankin2214395420.jpg,2.81
159720176@N0530368501897.jpg,2.87
blackdoll3733466499.jpg,2.42
lunapark520565150.jpg,2.62
27977560@N043086969554.jpg,2.47
10208807@N042365029782.jpg,2.41
26605171@N062622372049.jpg,2.6
52893911@N065755363811.jpg,2.28
yyellowbird4177304730.jpg,2.85
radarsmum674144941502.jpg,2.34
eridony4880995144.jpg,2.66
kansasscanner27763201560.jpg,3.01
10208807@N041362123258.jpg,2.17
33956296@N045689051289.jpg,2.38
sunny_side_up439203873.jpg,3.31
simon_2365893365.jpg,2.96
cuboz46165358254.jpg,2.52
msjudilonelywolf2598148401.jpg,2.71
jgauthierandsons2096550250.jpg,3.14
janleversund2407429469.jpg,2.88
giveaphuk1240213130.jpg,3.51
nessachan1547793849.jpg,2.58
hel624890284416.jpg,2.65
literary-collective6006301711.jpg,2.69
whittmike6164185495.jpg,3.33
kriostoir192882119.jpg,1.96
bobex_pics4828463699.jpg,2.64
dpoccia122071222.jpg,3.21
nessachan2573779101.jpg,1.82
eridony4735394013.jpg,2.55
28686077@N062774739723.jpg,2.55
dick_pountain2417110444.jpg,2.91
dippy_duck557778315.jpg,2.44
lenalgouveia3220994498.jpg,3.25
msvg5237259603.jpg,2.9
arneklett1408010507.jpg,2.56
13016380@N072365081794.jpg,2.74
rschoonebeek4544693892.jpg,2.56
jensavage6048043788.jpg,2.58
dahlstroms3625479765.jpg,2.33
35436622@N066132837934.jpg,2.37
totallyrobot77712893.jpg,2.04
nessachan2574623600.jpg,2.33
httpwww3d02com3d_models_digital_laboratory_24843aspx5806855002.jpg,3.12
wakiiii4992898987.jpg,2.46
8184136@N053525552147.jpg,2.42
wormdog25700983905.jpg,3.33
barbstur2627438567.jpg,2.65
65471179@N001117684335.jpg,2.83
27986036@N00534531104.jpg,2.67
daveblueowls491277840.jpg,2.63
nbwm3874587492.jpg,3.1
57156785@N026041901604.jpg,2.98
macieklew447675498.jpg,2.44
71072750@N006265929552.jpg,2.69
unwiredadventures518657026.jpg,2.7
jettloe1421093738.jpg,3.12
eridony4360616581.jpg,2.83
kaycpics468804559.jpg,2.93
buckshotjones4302952632.jpg,2.53
andrianapamella1195249882.jpg,2.77
18702768@N042336673588.jpg,2.85
24842486@N075810390500.jpg,3.4
67832671@N003521396515.jpg,2.59
eljung5153512012.jpg,2.71
10208807@N041362123222.jpg,2.25
eridony4735983029.jpg,2.2
greentool20022336608943.jpg,3.26
g_plata_stapper3392483098.jpg,3.67
davidwilliamreed44997743804.jpg,3.25
photoabuse21816436224.jpg,3.44
nick_ayres28301818620.jpg,3.15
15671903@N002019077977.jpg,4.47
mdmho22980891130.jpg,3.93
atelier790332891434201.jpg,3.08
mr-fawaz4641977992.jpg,3.03
jurek_durczak27903187041.jpg,4.02
stephenpoole42501392551.jpg,4.21
42345437@N0526759703893.jpg,3.96
pjgrillo8654061187.jpg,3.71
138720141@N0524107873832.jpg,3.88
sparkleice2860461368.jpg,2.74
esywlkr42518373352.jpg,3.08
pjh4022003676936.jpg,4.51
emileegrace6329858220.jpg,3.44
jessmitchem155860949.jpg,3.79
134759303@N0425757164460.jpg,3.29
rpstrickland40837696704.jpg,3.54
nick_ayres28301819510.jpg,2.99
stefan_cioata_photography3274419320.jpg,4.03
chicagogeek2931108052.jpg,2.81
135575848@N0427173225024.jpg,4.08
eltpics14566768445.jpg,3.72
rococoplus26554838295.jpg,3.47
jolitakievisiene24840864767.jpg,2.87
10707024@N041126841472.jpg,3.3
46072825@N0039845973561.jpg,3.93
thorgerdur_mattia38454481764.jpg,3.42
yyellowbird5182499274.jpg,2.83
7652577@N052902557734.jpg,3.44
80475330@N0615202636399.jpg,3.13
jimmy_pierce40168540484.jpg,3.65
saxonfenken2933062715.jpg,3.47
75487768@N047167748788.jpg,3.52
ferryzievinger15004592605.jpg,3.29
manywinters4880924631.jpg,3.35
43067379@N0038781494350.jpg,2.8
appleman6426779303614.jpg,3.31
billy_wilson5693787910.jpg,3.73
100133308@N0714393153228.jpg,2.98
43067379@N00240764529.jpg,3.3
simeon_barkas534708487.jpg,2.83
jenniferrodriguez15597758398.jpg,3.73
jfreund16346418093.jpg,3.33
locked4low6873449245.jpg,3.17
yankeepez281791543.jpg,3.08
will13931809698518.jpg,3.25
colinmayes42103864580.jpg,3.59
davidwilliamreed23376659994.jpg,3.76
ross_v_walker24949671928.jpg,4.06
bambe19646086050104.jpg,4.08
119192561@N0245161648472.jpg,3.44
jolitakievisiene40672317522.jpg,3.87
cyberjani6429621191.jpg,3.67
peraion40989927771.jpg,4.12
chuckh618471339885.jpg,3.73
cgoulao7416571222.jpg,4.06
eridony25904994052.jpg,3.5
curly4243722400690.jpg,3.98
eyrie17038678089.jpg,4.06
28402310@N0639913032155.jpg,3.64
back_road41483854132.jpg,4.42
jimmy_pierce42024381531.jpg,4.05
bluebird2185448767050.jpg,4.16
colinmayes25077352584.jpg,3.73
davidwilliamreed23902370686.jpg,3.25
23198949@N0847170385221.jpg,4.0
75487768@N047272204242.jpg,4.08
cypete31360843536.jpg,4.45
jorisvanderwal37147768710.jpg,4.21
greatandsmallphotography47483798901.jpg,4.17
howardtj42908654271.jpg,4.04
emm20177422025491503.jpg,3.77
ptob-ys23477976644.jpg,4.53
eridony25944761061.jpg,3.64
yyellowbird5178725393.jpg,3.92
delanydean4298861435.jpg,4.38
75487768@N047510139430.jpg,4.24
davidwilliamreed43992806420.jpg,3.71
lenaburina44807221255.jpg,4.04
wormdog45066154605.jpg,4.05
davidwilliamreed30824837227.jpg,3.89
kavas45919338835.jpg,3.63
eridony29637949803.jpg,3.92
parismadrid6883150650.jpg,3.58
70952617@N0728235072545.jpg,4.94
csaba-lehel25588539413.jpg,4.58
21533172@N072736412950.jpg,3.43
will1399933017384.jpg,4.23
16210907@N068366686611.jpg,4.63
lemmo200921332162518.jpg,3.86
pauljmcnamara41004373630.jpg,3.65
7652577@N0537508731046.jpg,3.56
jolitakievisiene27928197469.jpg,3.85
aufonsu47643502921.jpg,3.6
nick_ayres28777969475.jpg,4.0
136264581@N0624201987295.jpg,4.24
151627855@N0847587952321.jpg,4.1
21098413@N045405425493.jpg,3.85
100087202@N0640799154534.jpg,3.63
4seasonbackpacking22147725060.jpg,3.95
44506883@N0415004145803.jpg,3.37
144682884@N0830273108491.jpg,4.04
johnprior-photography39515022274.jpg,4.42
cathedraljack14948585106.jpg,3.58
144080103@N0725730807398.jpg,4.27
jimmy_pierce26897051307.jpg,4.38
155108187@N0625995834928.jpg,3.69
nick_ayres25146930585.jpg,4.08
davidwilliamreed45661760382.jpg,3.79
114187629@N0839019924734.jpg,5.03
105627977@N0626518877180.jpg,4.79
ricko1927879996585.jpg,4.04
62935497@N0221806942735.jpg,3.81
65089906@N0025522078997.jpg,3.71
43067379@N0044399575085.jpg,3.31
david_hardy5608545452.jpg,4.02
leeco28216436193.jpg,3.86
bokis-foto_man29921700128.jpg,3.63
mirjam_bosselaar20539398381.jpg,3.74
toanquach7553498000.jpg,3.54
75487768@N047167753812.jpg,4.11
richwall10040360768395.jpg,3.68
kiddi475967164.jpg,4.46
duaneschermerhorn24574882641.jpg,3.67
emielde26128669791.jpg,3.92
kathytimmystudio31461552556.jpg,3.67
141529923@N0531069308600.jpg,4.24
129828415@N0542868801750.jpg,4.87
sologenesis3085193163.jpg,5.38
sunflowerblue40560585791.jpg,3.67
hollycawfield15120516328.jpg,4.94
44506883@N0419902147748.jpg,3.97
craigsmalling25593630192.jpg,4.0
daviotheone14574878053.jpg,4.35
lady_ann10246312965.jpg,4.79
tigerpalace21567139355.jpg,4.71
vanstaffs26775433040.jpg,4.29
97737300@N0339001122221.jpg,3.71
racheldunsdon38036289002.jpg,4.15
138983880@N0341817296111.jpg,4.32
100087202@N0627617303308.jpg,4.29
121506072@N0224258529832.jpg,4.83
63509478@N085981664433.jpg,4.33
64210496@N0223989755165.jpg,4.42
143047034@N0837214219391.jpg,4.64
eridony36326431223.jpg,4.27
pegase197229470394134.jpg,4.21
72153409@N0724372591149.jpg,4.28
eorus14713324611.jpg,4.23
parismadrid4108431595.jpg,5.0
angheloflores14311902821.jpg,4.81
eridony27747493286.jpg,4.65
jaihanz27357110555.jpg,4.63
65089906@N0046981656522.jpg,4.41
126703467@N0624047037040.jpg,4.88
16155421@N0638270678301.jpg,4.42
97771758@N0723199516191.jpg,4.7
paperkat22133277763.jpg,4.91
cgoulao444901849.jpg,4.46
jurek_durczak32546525581.jpg,4.39
20832301@N038638854596.jpg,4.44
colinmayes39380131482.jpg,4.67
maggggie15530537399.jpg,4.58
pegase197217585178329.jpg,4.13
sadofsky30701027007.jpg,4.34
aarmo21860611568.jpg,4.17
75487768@N047510144480.jpg,4.47
jolitakievisiene39709518531.jpg,3.84
lady_ann8564506375.jpg,4.93
rtcsarasota15569959472.jpg,4.54
46785534@N0620872656945.jpg,4.65
creartphoto41712249421.jpg,4.95
jimmy_pierce40172588654.jpg,4.15
108846218@N0611427597986.jpg,4.73
61525242@N0226659043435.jpg,4.67
133370863@N0523394471274.jpg,4.9
ton708171530008.jpg,4.36
dbnunley13904683539.jpg,4.43
98179361@N0311709969574.jpg,3.87
bigcat14us4654997025.jpg,3.78
fifescoob30785720146.jpg,4.87
catmacbride26686748237.jpg,4.76
ciel-bleu17533643403.jpg,4.79
ambientlight42426927140.jpg,4.54
nick_ayres10241254625.jpg,4.34
keith_bowden_photos16108358467.jpg,4.75
99076370@N0623708294119.jpg,4.82
tedesco5719928782912.jpg,4.35
g-starr8007703518.jpg,3.91
muisje40989668755.jpg,4.54
141268833@N0728217587656.jpg,5.0
jprdigiart43696317655.jpg,4.45
10thavenue26259754400.jpg,5.05
southofbloor94593350.jpg,3.98
33871468@N0732302393143.jpg,4.46
7652577@N0527275391486.jpg,4.5
cherana729071700.jpg,4.43
rumimume20284107434.jpg,4.42
palms121321860764.jpg,4.09
philipnewell16424422858.jpg,5.33
nikonslave28309585706.jpg,4.52
uthred42420312295.jpg,3.9
155051024@N0539564058131.jpg,3.53
37348193@N0821703731829.jpg,4.67
curiousclickz28143867002.jpg,4.46
24825513@N0417047784709.jpg,4.71
jimmy_pierce40512598632.jpg,5.18
pvh_photo39063389695.jpg,4.25
46393977@N0325720865115.jpg,4.69
roystonvasey33750776421.jpg,4.56
145097352@N0233070321075.jpg,4.86
orientalizing26177273362.jpg,3.99
trixter1325363311711.jpg,4.35
shertila16453041127.jpg,4.03
nc_mountain_man15375220135.jpg,4.58
75478393@N0742006473275.jpg,4.52
bokis-foto_man37122795440.jpg,4.45
palms17995867082.jpg,4.12
bazrichardson13579391815.jpg,4.16
kosmekosme36968763223.jpg,4.44
75487768@N047192574692.jpg,5.17
davao814616029980.jpg,4.84
eridony20886311229.jpg,4.35
palms17995864826.jpg,4.97
44506883@N0420631701030.jpg,4.14
bartmasiukiewicz18145222204.jpg,4.79
trailertruckdriver26599218523.jpg,4.17
flash8639456349084.jpg,4.83
ascott19509697559.jpg,4.83
back_road31037116022.jpg,4.42
rockypix42801561714.jpg,4.21
73820119@N067144566895.jpg,5.8
nine2ninetysix21421711264.jpg,4.0
103680793@N0524546822054.jpg,4.19
saberlynx6105801772.jpg,5.71
79003050@N0521708214905.jpg,3.91
magnatone14544312535.jpg,4.22
99319263@N0223945109962.jpg,4.29
fe_vidoti22003271174.jpg,4.52
44506883@N0415966239166.jpg,3.84
xander_vw9517107642135.jpg,4.43
andrewmooreonflickr2180785678.jpg,5.45
shaxif6278379419.jpg,5.94
tone-red6266420882.jpg,3.95
79003050@N0521085556574.jpg,3.94
davidwilliamreed44867074595.jpg,4.42
xmoto3175957274.jpg,5.1
smiller99919621678746.jpg,4.56
9385421@N0838816242514.jpg,3.92
silvia311639910569606.jpg,4.49
davidstanleytravel25924829833.jpg,4.64
136825261@N0627250613113.jpg,4.34
minebeyaz2864966526.jpg,4.72
hartlepooltramp42441686384.jpg,5.05
wookieenl28820651054.jpg,5.25
historyrambler15768097541.jpg,4.79
158652122@N0246915301812.jpg,5.84
pilechko9470833235.jpg,4.73
130993707@N0734543995925.jpg,4.61
131646468@N0827401998175.jpg,4.33
glendaler16345908387.jpg,5.68
janelinton622473554.jpg,4.92
lucepics39950584435.jpg,5.06
jimmy_pierce40172584754.jpg,5.16
wowperture19291800142.jpg,4.65
24842486@N0717264200932.jpg,4.87
59303791@N003580418647.jpg,5.4
viv3rai33752880248.jpg,5.2
carolsgardenofphotos42335205540.jpg,5.17
26230150@N089337543297.jpg,4.62
131285922@N0823478130115.jpg,5.61
beegee4925208257602.jpg,4.74
48008491@N0519999004182.jpg,5.14
162102327@N0639902857905.jpg,4.66
jarvie194943046200672.jpg,5.12
nick_ayres20619506720.jpg,4.7
traveblog19798234683626.jpg,5.29
143741079@N0230879606446.jpg,5.54
jfpj2214736003758.jpg,4.94
andrey_11258434692440.jpg,5.33
king39597099169893.jpg,5.66
annalisa5623657884258.jpg,5.29
jorisvanderwal37399958675.jpg,5.28
natura_pagana3687567622.jpg,4.91
44506883@N0420198724733.jpg,4.71
156823190@N0342172595422.jpg,5.07
matsorn37022904660.jpg,4.89
rebasphotos5134357293.jpg,5.52
tom_balson30310701377.jpg,4.97
mbh8132302407720.jpg,5.0
bongonajja141601185304.jpg,4.56
eridony23734021971.jpg,4.74
b2_photography40382044200.jpg,4.62
itinerant_wanderer41061917904.jpg,4.76
75487768@N0416413861750.jpg,4.98
157332296@N0739612935984.jpg,4.62
wesleygransden21005065966.jpg,5.31
jimladeroute28053034290.jpg,5.3
whitneylake11972162405.jpg,5.28
shertila36399182054.jpg,5.48
kavas46834002881.jpg,4.96
137830686@N0328791040142.jpg,4.85
donwongphotos42141422492.jpg,4.73
orbakers30286400167.jpg,5.22
stephen_everett14217305320.jpg,4.8
pegase197230257478440.jpg,4.8
161801977@N0844022582070.jpg,5.71
jantik6183733.jpg,5.46
awevans45119484421.jpg,5.23
125782120@N0715397302398.jpg,4.33
29848963@N0345548223492.jpg,5.5
archer1023838164366.jpg,4.86
jwminiard2381767454.jpg,5.73
timelessriver39982108693.jpg,4.27
46619036@N074289713278.jpg,4.5
jschumacher5225584160.jpg,5.12
11896339@N0224672121469.jpg,5.11
zeesstof20445457388.jpg,4.64
48008491@N0524888386330.jpg,5.79
m-louis23826072604.jpg,4.88
pavdw29426649064.jpg,5.03
16399037@N023301729553.jpg,6.21
_michael3587902606.jpg,5.78
104417532@N0414460225649.jpg,4.61
mattbigwood8616973287.jpg,5.35
magnatone16920451860.jpg,4.96
jamesmussat_art39833817135.jpg,4.36
alpha_wolf40122023064.jpg,5.21
yapperx126644488827.jpg,4.74
kjerrell28650149581.jpg,5.52
79003050@N0515082535579.jpg,5.44
kendawson13002481433.jpg,4.89
markrutley43608576394.jpg,5.75
mary_faith29639450815.jpg,4.41
mbinebri40949336032.jpg,5.07
24842486@N0719869935204.jpg,4.33
historyrambler9766488792.jpg,4.81
metroblossom15784098188.jpg,5.43
saxman15973436884917.jpg,5.33
aogg41150371532.jpg,5.16
124011869@N0523828526742.jpg,4.49
back_road26059280458.jpg,5.04
andyhemingway45781892175.jpg,5.0
96046307@N0015127528927.jpg,3.93
will13936009108405.jpg,5.17
catb27798513003.jpg,5.04
berhimwich47814455571.jpg,5.45
34517155@N0731472914253.jpg,4.85
151891954@N0545765916852.jpg,5.63
82651895@N0844870253641.jpg,4.61
larrybraun7422721252.jpg,5.6
147450971@N0440236979082.jpg,5.0
100087202@N0641034419554.jpg,4.72
metroblossom16162403429.jpg,4.64
138620665@N0527626576543.jpg,4.8
22055258@N0819951456865.jpg,5.0
bevcraigwhite47279084732.jpg,5.24
lauriegw21844159861.jpg,5.05
fotokunstsusanne16620523518.jpg,5.13
24842486@N0716237715836.jpg,5.0
threehoneybees7276734356.jpg,4.39
pjgrillo13123990795.jpg,4.96
davidstanleytravel31347508581.jpg,4.96
okkibox4263674814.jpg,5.04
iceninejon28068651082.jpg,5.08
larrybraun7457769498.jpg,5.2
spnarwhal5964697112.jpg,4.54
skynoir9458547626.jpg,5.42
sheldan6069721578514.jpg,5.14
straubin9217105295.jpg,5.52
pelicanpetesphotos31181168310.jpg,5.21
30576530@N0439570061731.jpg,4.97
164566011@N0746438191875.jpg,4.81
pegase197247191375081.jpg,4.5
120201892@N0214244355214.jpg,5.14
30797788@N0316442595944.jpg,4.91
100980148@N0536921422652.jpg,5.88
roamer578071024231.jpg,5.92
visualcreations9229020727167.jpg,5.18
army_arch34735075096.jpg,4.53
parismadrid16558456632.jpg,4.7
111990893@N0438151157122.jpg,4.88
danielgoetsch19009339193.jpg,5.4
melystu42319814172.jpg,4.62
therusticvictorian7800927630.jpg,4.8
93173492@N0017092348759.jpg,4.83
davidwilliamreed43813786510.jpg,4.56
davidstanleytravel46977015094.jpg,4.69
delhouze33855909678.jpg,5.09
44506883@N0416502313785.jpg,4.86
igork5445873174891.jpg,5.11
68764760@N0537081002540.jpg,5.19
tdcphotos39651046743.jpg,5.17
69307763@N057683635240.jpg,5.56
61553956@N059158521503.jpg,4.72
41207834@N084352677520.jpg,4.8
noel160344109443191.jpg,4.46
rodneyharvey8222703982.jpg,5.46
14017876@N022585205486.jpg,5.8
130615904@N0836542648203.jpg,4.53
ggpics30604513070.jpg,5.62
142033772@N0628223672105.jpg,4.8
duaneschermerhorn27549611448.jpg,4.54
40024890@N005244158995.jpg,4.6
colinmayes26262902901.jpg,5.12
30373215@N0316520259392.jpg,5.27
tooloose-letrek4634685303.jpg,4.85
klonowa23281183196.jpg,5.12
brucetopher16462464743.jpg,5.04
barbstur38408251042.jpg,5.15
tonnopaju31708173236.jpg,4.56
ruap196721937379593.jpg,5.67
stevenreddy15034727644.jpg,5.08
litterart28294753369.jpg,5.38
yevgeniiaw28044434289.jpg,6.17
dan45645983926289.jpg,6.47
gigiwallace36637651654.jpg,5.74
88198496@N0441229547180.jpg,5.13
rtdigital36684399643.jpg,6.16
archer1023237507673.jpg,5.22
catmacbride32773342737.jpg,5.59
freddzy30600213422.jpg,6.04
einisson38981820250.jpg,5.45
23806341@N063590068932.jpg,5.77
lordskully17067942389.jpg,5.78
bobgbell16729202833.jpg,6.45
141159723@N0542595791194.jpg,6.25
koluthcka2805074275.jpg,5.71
acg100015355785.jpg,5.58
strocchi40005190993.jpg,6.03
archer1023568529050.jpg,5.38
35083648@N0722947837060.jpg,5.36
24842486@N0724883458181.jpg,5.32
shannon-s13882920674.jpg,5.82
aniko-battyanyi45548329721.jpg,5.39
milliganpuss32869858137.jpg,5.56
thejimmer22101453606.jpg,5.54
21484776@N003697845259.jpg,5.04
shertila14664822024.jpg,5.32
124651729@N0440609106603.jpg,5.74
101015034@N0315875733482.jpg,5.04
dsfdawg7710294854.jpg,6.59
mecphotographers29750779863.jpg,5.78
thadz30463806394.jpg,6.42
49598046@N002183170952.jpg,5.79
phunnyfotos23559486642.jpg,5.38
albinkurtanovic27738067941.jpg,5.23
64320477@N0525589710310.jpg,5.18
pavdw44784135832.jpg,5.58
prudencepeachtree28020711643.jpg,5.69
darrellg30661867657.jpg,5.8
daveys_shots34802639402.jpg,5.54
41465350@N026101226290.jpg,6.56
126950283@N0816902442617.jpg,4.69
152858639@N0244551280082.jpg,5.61
smithandjones37875924556.jpg,4.91
56923898@N0216616012895.jpg,5.54
rafael8342768696390.jpg,5.06
orbakers43412709220.jpg,5.59
grytr267977413.jpg,5.65
108318022@N0240385020731.jpg,4.9
fotofish6414396564913.jpg,5.47
altamiranopics8433630019.jpg,5.98
martyr_6738155430281.jpg,5.08
jainbow27953636080.jpg,5.03
adrianmitu39464660012.jpg,5.96
27313808@N0023253908521.jpg,5.91
davidwilliamreed25806792940.jpg,5.08
noel160341267489934.jpg,5.14
hannel5431347363082.jpg,5.28
48008491@N0525162473245.jpg,6.52
rodneyharvey28128762255.jpg,5.96
connyastoria40629473812.jpg,6.02
hectorpatrick29862773294.jpg,6.25
iain_harris21671280955.jpg,6.61
90248574@N0820973572902.jpg,6.11
jaime_lebre30641605767.jpg,5.38
persona_natali27879551495.jpg,5.67
55038032@N039505597074.jpg,6.33
aacerbo15546479435.jpg,4.97
ola_er24696405608.jpg,6.18
gastonlepage15308251603.jpg,5.65
ruthhb26317551462.jpg,5.57
boblyp8529824330.jpg,6.67
real_tokyo26776191817.jpg,5.04
primatologist16457934417.jpg,5.36
westiemom6648911245.jpg,6.12
the_kav14192931888.jpg,6.06
plitch_plitch21811429090.jpg,5.28
alanpope22034078378.jpg,5.2
100087202@N0629142801048.jpg,5.03
98474349@N0037322583076.jpg,5.14
robmenting40747597843.jpg,5.69
bobgbell17965006173.jpg,5.51
78703111@N0824118864009.jpg,6.07
126148542@N0441229537820.jpg,5.29
katsrcool37062523966.jpg,5.49
charles2500110733124205.jpg,5.15
weirdlingphotography12353855953.jpg,5.84
duaneschermerhorn42740693185.jpg,5.39
bazrichardson18975241714.jpg,5.86
81644334@N0615754670436.jpg,5.25
50777853@N0723832851881.jpg,5.23
evesnature14512991114.jpg,5.12
41207834@N083910673741.jpg,5.15
jb_198447630117871.jpg,5.42
88008469@N0725127476418.jpg,5.21
jfpj2224661775985.jpg,4.99
100087202@N0641488596681.jpg,5.05
brettwilde134211108.jpg,5.33
parismadrid16755751895.jpg,5.27
gusthead29015141081.jpg,5.63
kathytimmystudio29548997264.jpg,5.39
48028479@N0039663657540.jpg,5.87
janhoekstra43361046204.jpg,5.11
nellievin32398073325.jpg,5.81
matsorn21378764036.jpg,6.06
rodneyharvey16993237686.jpg,6.08
43749513@N0840228388971.jpg,5.19
keith_bowden_photos29360290573.jpg,5.11
noel160343378325385.jpg,4.75
129570679@N0229364804802.jpg,5.43
nick_ayres46778880585.jpg,5.96
archer1023236305544.jpg,5.36
bealluc3484860840.jpg,6.32
ckopsy8447513546.jpg,6.79
king395911337864636.jpg,6.38
katsrcool18023265388.jpg,5.82
natavision9770288405.jpg,4.96
parismadrid30854649256.jpg,6.42
44478193@N002744527102.jpg,6.88
phunnyfotos23037101964.jpg,5.46
dan45645932615323.jpg,6.1
61459268@N0029932415107.jpg,5.56
claude2227534880708.jpg,5.85
nickerwin42539864975.jpg,5.79
44506883@N0438460923256.jpg,4.87
nora-meszoly25718299392.jpg,5.32
142421764@N0728463904355.jpg,6.06
38133391@N0715490744311.jpg,4.83
bobphoto5134123332980.jpg,5.3
brucetopher39754060294.jpg,5.47
c-rider457920493.jpg,6.37
toshio1136123308.jpg,6.24
jsleighton11124520013.jpg,6.17
rlhp22855618000.jpg,5.05
62935497@N0226707566175.jpg,5.35
fotofish6436969938941.jpg,5.58
visualideas13621463014.jpg,5.81
brartist26529432427.jpg,5.92
bondibabe26172715479.jpg,5.53
larazee23964778731.jpg,5.21
85701348@N0737752183935.jpg,4.99
bokis-foto_man23339340249.jpg,6.31
nzpix4732923188.jpg,5.45
rlhp32714337571.jpg,5.17
phillaur225060381.jpg,6.22
plitch_plitch16405195361.jpg,5.14
chitofran2360784909.jpg,6.14
richwall10026769272166.jpg,5.63
134741223@N0427710409453.jpg,6.02
re84uk19046862238.jpg,5.67
itinerant_wanderer41264156684.jpg,5.29
bokis-foto_man29750369181.jpg,5.4
larrythebiker14383180307.jpg,5.24
135040892@N0620383711423.jpg,5.27
parismadrid11563951103.jpg,5.57
104318263@N0421348542253.jpg,5.02
plitch_plitch15634885947.jpg,5.51
48141388@N0710127316074.jpg,5.0
21506908@N0714277506300.jpg,5.31
7652577@N0516410525134.jpg,5.74
hoomanz6823419381762.jpg,5.62
eridony20447797534.jpg,5.77
134154923@N0839171540031.jpg,5.45
chanmelmel20284956560.jpg,5.73
141928011@N0846683818411.jpg,6.21
88198496@N0431037574688.jpg,5.64
104224622@N0445383281781.jpg,6.29
goldi_lichtbilder31175985878.jpg,6.21
martyr_6728188730745.jpg,5.52
103761120@N0317070501716.jpg,5.92
cameliatwu6585709713.jpg,5.71
bokis-foto_man34111867494.jpg,5.56
medwar80424003585357.jpg,5.83
chanmelmel20286481059.jpg,5.84
m_strasser45382013444.jpg,6.23
ahenningphotography22734335270.jpg,7.08
einisson31976745368.jpg,6.05
brakes4bunnies6015177430.jpg,7.25
148598741@N0231794202298.jpg,6.4
125729820@N0826516960160.jpg,6.21
58043828@N0227187948178.jpg,5.45
parismadrid16249666224.jpg,6.28
richjjones21703738266.jpg,6.56
veyoung5229534579096.jpg,6.19
katsrcool20778713570.jpg,6.13
mikapache513933832.jpg,6.73
153136701@N0246402502434.jpg,5.9
donachadhu33490698845.jpg,5.64
matsorn27072505916.jpg,6.13
bobgbell24545276892.jpg,6.15
a_picture_is_worth----16585999067.jpg,6.12
89617310@N0538144072004.jpg,5.6
webersweb16652796748.jpg,5.67
ramosdeflores27533855568.jpg,6.21
rtcsarasota17992771958.jpg,5.44
84437914@N0717645636439.jpg,5.65
pasbury37146113963.jpg,6.31
55167823@N0714754526993.jpg,5.45
katsrcool24995927310.jpg,6.2
evanleavittphotography3103962591.jpg,6.93
plitch_plitch16226606599.jpg,5.45
156435988@N0645462728942.jpg,5.46
14017876@N0219629503745.jpg,5.89
jamica116624051861.jpg,5.42
jimjh10385971276.jpg,6.78
qp197730025104177.jpg,5.57
92527814@N0615864106934.jpg,6.73
davidjdalley15503383618.jpg,6.62
orionsm20967318284.jpg,6.59
76741687@N0431315359402.jpg,6.73
gop3200022373451023.jpg,5.85
chuckh617371847322.jpg,5.56
joannarb200928692963145.jpg,5.9
146618359@N0327447860667.jpg,6.58
133184228@N0617483679038.jpg,6.36
115522963@N0515494672321.jpg,6.14
grenzeloos130504438718.jpg,5.65
61253223@N0024082269412.jpg,6.47
fishmonger4516972124139.jpg,5.92
88198496@N0437327075984.jpg,5.68
75487768@N0443924560841.jpg,6.38
jocelyn77713967147648.jpg,6.19
rackelh36759842863.jpg,5.39
parismadrid19972646518.jpg,5.78
127610270@N0542267061761.jpg,5.99
rlhp43489088865.jpg,6.06
chumlee13588264414.jpg,5.48
34061443@N0821699408270.jpg,5.83
lotharheller35070352871.jpg,5.72
real_tokyo29441889954.jpg,5.73
halvie4795710002.jpg,6.77
sue_smith15493355572.jpg,6.38
88198496@N0432025317638.jpg,5.77
atomiceye33151921500.jpg,6.0
peterdenton45360454682.jpg,6.0
josiahdhan914251857929.jpg,5.8
mycophagia28984602554.jpg,6.33
90139264@N0739020279345.jpg,6.8
horstphotoart11949510763.jpg,6.83
22746515@N0241045963001.jpg,6.71
kportin25044465156.jpg,6.48
tooloose-letrek25495308860.jpg,6.51
127211102@N0530162104512.jpg,6.71
7652577@N0520878452080.jpg,5.95
fotofish6431524455622.jpg,5.9
scozmos36009172814.jpg,6.03
brakes4bunnies4097169963.jpg,6.13
grzegorek6031107907.jpg,6.15
ramosdeflores27388074657.jpg,5.94
79003050@N0527799047640.jpg,6.1
eridony14378651920.jpg,6.21
joans_stuff15328918339.jpg,5.41
bokis-foto_man40087254404.jpg,5.78
dididumm41682311694.jpg,6.1
164023044@N0442618811080.jpg,5.88
147910513@N0638724932755.jpg,6.14
meaimages30785794132.jpg,5.64
thebricktime24654415982.jpg,5.79
69185928@N001428311947.jpg,7.19
kyllercg26274373033.jpg,6.45
7652577@N0543177092401.jpg,5.42
greyrose17029468335.jpg,7.11
curtisperry42588666532.jpg,6.06
gideon200922556000370.jpg,6.14
juliek196717750924418.jpg,6.08
jaime_lebre45531744222.jpg,6.13
bokis-foto_man47546729021.jpg,5.54
pegase197226794601622.jpg,6.11
vodophoto39648227210.jpg,6.03
54159370@N086986138837.jpg,6.66
geowelch45205052911.jpg,6.69
whithered_perception9388686233.jpg,6.31
littlelioness093354228355.jpg,6.73
bbarekas30010948650.jpg,5.85
acesandeightsphotography26165841501.jpg,6.38
75487768@N0442153397750.jpg,6.04
nancyandwayne14269769611.jpg,6.62
jamesbanko38223507815.jpg,5.3
100184150@N0212760714663.jpg,5.88
lechrist14346840677.jpg,6.65
131729419@N0216436746043.jpg,5.62
dorisburfind37097363703.jpg,6.01
efo9217500758.jpg,5.6
bokis-foto_man39652612805.jpg,5.92
shertila14423722703.jpg,6.1
dwallick15495256262.jpg,6.25
43452481@N0242079619685.jpg,6.29
alex-de-haas31717434375.jpg,5.74
tooloose-letrek22045416793.jpg,6.56
matsorn28475506232.jpg,6.69
75487768@N0414448985890.jpg,6.1
davidleakenney28179321177.jpg,6.21
fairydanna122686030.jpg,5.7
rtcsarasota18223572996.jpg,5.25
uempe25610672413.jpg,6.07
katsrcool26455868006.jpg,5.83
44082350@N0240939434642.jpg,5.75
martyr_6730768522541.jpg,5.46
kjerrell31850014581.jpg,6.17
49598046@N002583309694.jpg,7.08
jsleighton14281131921.jpg,6.04
129727787@N0327381897196.jpg,6.16
tonnopaju32062482301.jpg,6.78
96972102@N005175873161.jpg,5.58
126424405@N0819120487959.jpg,5.22
horizon129547712.jpg,6.32
95472394@N0515490454188.jpg,5.98
visualcreations9230585048692.jpg,5.8
88198496@N0442409599811.jpg,5.62
139423576@N0536933975243.jpg,6.17
bjornkristian9929821486.jpg,6.62
130881643@N0422581376712.jpg,5.83
147910513@N0642011537792.jpg,5.86
124237523@N0215409301003.jpg,6.15
sandy_leidholdt3890556480.jpg,5.71
parismadrid16105329738.jpg,5.96
malasing2331419607873.jpg,6.43
king395921980035653.jpg,6.5
nobah43478370401.jpg,7.13
phamhothanh23317122345.jpg,7.02
pp12545735738552.jpg,7.03
irio45593225001.jpg,5.91
75487768@N0427053562599.jpg,6.95
aaamsss37322061572.jpg,7.0
88198496@N0438737620632.jpg,6.55
skynoir15744033960.jpg,5.83
kjerrell40387975911.jpg,6.6
bazrichardson24727121199.jpg,6.79
declanod28371302843.jpg,7.67
126148542@N0426109188248.jpg,6.56
darrellg45556521622.jpg,6.89
msirena8632481027975.jpg,6.67
fotomaniac_it38139533804.jpg,7.13
thermop11952303575.jpg,6.95
23502939@N0230103067044.jpg,6.68
onemli37632085940.jpg,5.97
97528368@N0532088603581.jpg,6.77
davidwilliamreed22888411174.jpg,5.99
96972102@N0038133735632.jpg,6.2
nicolast39025236931.jpg,5.63
christeasley53026568812039.jpg,6.45
stephane_g21645674744.jpg,6.04
ynakanishi23628742736.jpg,6.27
palnick6093024441.jpg,6.67
shannonlite23920248661.jpg,6.88
austingranger28007586449.jpg,6.49
31155442@N0330772347622.jpg,7.3
133254500@N0519715697505.jpg,6.29
cartagenaphoto14577182681.jpg,6.47
67307569@N0027877995662.jpg,6.96
shertila29518196407.jpg,6.69
horstphotoart23647937768.jpg,6.2
veruca-beck37063071655.jpg,6.78
thelastdon15452505236.jpg,6.03
thadz28279950220.jpg,6.18
knipswahn33142592638.jpg,6.18
geinis16751857213.jpg,7.77
131888281@N0518704870093.jpg,6.01
stevenm_6140973237182.jpg,6.63
rodneyharvey24019957856.jpg,6.94
rschnaible16267527975.jpg,6.42
janpelz38652157911.jpg,7.05
peter_tappern17344441282.jpg,6.52
145351178@N0825646518757.jpg,6.77
rodneyharvey23440619151.jpg,6.97
37194054@N0531614514843.jpg,6.93
23187053@N048477423726.jpg,6.87
paba5527333383878.jpg,6.22
weapher10809780986.jpg,6.54
31403969@N0417051383791.jpg,6.22
acesandeightsphotography26400340953.jpg,7.27
pitchylol40869201575.jpg,7.12
114824943@N0526391202360.jpg,7.05
141743358@N0629883260950.jpg,6.78
katsrcool27570275460.jpg,6.33
antjewhv25127036254.jpg,6.46
rizaldy_scott25312980011.jpg,6.94
jsleighton26284277024.jpg,7.44
blackeyedsuzy40367694431.jpg,5.57
lanzen9709292539.jpg,7.08
ddurham6039509267132.jpg,6.79
58043828@N0240608376314.jpg,6.15
152348985@N0638760459421.jpg,7.13
jwoodphoto25768945023.jpg,6.7
brian10423949992331.jpg,6.43
max_tuta16573670340.jpg,7.7
katsrcool19848957174.jpg,6.6
95904430@N0427038515416.jpg,6.15
46019178@N0544969440185.jpg,6.61
142077233@N0230231868840.jpg,5.94
41890366@N0329869573165.jpg,6.58
131238258@N0330971704572.jpg,7.11
alanpope28299856743.jpg,6.35
142432893@N0830170047455.jpg,6.25
phil_orr_88888185307776.jpg,6.52
rodneyharvey29906482704.jpg,7.48
rschnaible16241606946.jpg,6.28
8391368@N0315173390714.jpg,6.19
12946248@N0232630840951.jpg,6.67
visualideas32832559948.jpg,7.14
austingranger46318895855.jpg,6.73
whitneylake24940693413.jpg,7.26
cferry21558164838.jpg,6.85
atticgirl13896245635.jpg,6.21
stanzim14649779488.jpg,6.66
by_emilio41879116775.jpg,7.28
16714425@N0433978052935.jpg,6.16
141489848@N0635290299792.jpg,6.84
parismadrid2105991752.jpg,6.63
marleyadams20336198722.jpg,7.3
piotr_popup41642738234.jpg,6.96
outside66848114.jpg,6.42
98844125@N0418893572560.jpg,6.82
carolyneaton16239029530.jpg,6.0
billy_d26984729161.jpg,6.75
lorenzogdnz41261583600.jpg,6.72
riddimryder15348358593.jpg,7.23
theopendoor16426806185.jpg,6.64
ibdiver23921691197.jpg,6.46
ibdiver27140696939.jpg,7.52
88198496@N0438182367546.jpg,6.11
88198496@N0438160899786.jpg,6.13
126148542@N0440708616590.jpg,6.52
12946248@N0215761769244.jpg,6.97
131888281@N0539583338171.jpg,6.17
malasing2340675881803.jpg,6.52
bobgbell27426702808.jpg,6.55
jonboy243340405395161.jpg,6.54
12946248@N0224531950151.jpg,6.75
35471453@N0314605464362.jpg,6.79
11068690@N051129097285.jpg,6.59
gerhil22715849100.jpg,7.29
bazrichardson31634987910.jpg,7.06
aloma-anderson25164864178.jpg,6.77
fotofish6420221724888.jpg,6.5
atelier_tee43672701001.jpg,6.5
126963874@N0525827644527.jpg,6.84
sandy_leidholdt10619549685.jpg,6.95
rodneyharvey15783693278.jpg,6.46
33892657@N0741612378535.jpg,6.59
134070082@N0224555787759.jpg,6.7
m_strasser31162314227.jpg,6.5
hoobgoobliin12229557905.jpg,6.92
pattyk6217876925848.jpg,6.65
sierrasylvan16157733769.jpg,6.54
vodophoto27325460748.jpg,7.05
rodneyharvey6263608260.jpg,7.73
linda__sw31007770574.jpg,6.25
marceltuit15700612671.jpg,7.1
katsrcool20722737329.jpg,6.94
misterzee21653318285.jpg,6.45
bazrichardson22524968199.jpg,6.56
75487768@N0430012283808.jpg,7.2
58043828@N0226500277141.jpg,6.28
120744348@N0827810252377.jpg,7.05
homegroenphotography30220295654.jpg,7.96
125269494@N0244463792051.jpg,7.12
rschnaible16252954327.jpg,7.16
katsrcool32796091776.jpg,7.46
49598046@N004190157434.jpg,7.98
bigganbivi19333285098.jpg,7.21
31403969@N0420002206423.jpg,6.81
richwall10027847690810.jpg,6.67
toguko9261001619.jpg,6.38
111595124@N0426049907146.jpg,7.25
32488328@N0030010807911.jpg,6.79
phg_voyager29626323720.jpg,7.01
134070082@N0228361811509.jpg,7.5
lenlangevin11487026094.jpg,7.42
jacobite-joe28338859429.jpg,7.78
126402157@N0437303699501.jpg,7.2
135134103@N0522240849843.jpg,6.68
buzzstuff3611649363.jpg,7.27
sizun_eye11643381773.jpg,6.81
133720530@N0722871445510.jpg,7.29
eorus14647909561.jpg,6.58
nick_ayres19537673310.jpg,7.21
pedalhead20962908500.jpg,7.35
linda__sw31701228252.jpg,6.25
jsleighton30118356966.jpg,8.3
86713827@N0025405515183.jpg,7.04
appleman6430272024690.jpg,7.4
142252831@N0428442138933.jpg,7.47
rapidspin28907180708.jpg,7.76
shapeshift43412783531.jpg,7.5
31403969@N0429851991103.jpg,6.67
vpi0425018345017.jpg,6.48
bjamel15818761912.jpg,7.08
109144586@N0810929018723.jpg,6.98
158616136@N0332060249847.jpg,6.5
spaweck27089752515.jpg,7.92
65509607@N086570080151.jpg,7.17
75169299@N0230937338784.jpg,7.23
155586639@N0325433999527.jpg,7.51
71025477@N0012500340463.jpg,7.71
parismadrid25999815208.jpg,7.12
lady_ann24297873821.jpg,7.37
31403969@N0427267734006.jpg,6.77
billbaroud8714952370710.jpg,7.93
rschnaible16437921582.jpg,6.82
31403969@N0424673720231.jpg,6.44
117904493@N0425965698368.jpg,7.38
carloscosta7729507063484.jpg,7.52
79003050@N0537645259346.jpg,7.12
cjkeddie39248464680.jpg,8.12
110077037@N0637618006421.jpg,7.56
declanod20136135679.jpg,8.1
101077881@N0227750190760.jpg,7.05
146839877@N0641967459242.jpg,7.08
151652116@N0340310016362.jpg,7.42
129852687@N0424562517480.jpg,6.71
kleberpipino15565388354.jpg,7.16
jelly-js31552124218.jpg,7.29
91587530@N0716481693671.jpg,7.42
lorenzogdnz42356081844.jpg,7.1
tigerpalace23667848386.jpg,7.17
gspiccies38703539622.jpg,7.23
lotharheller37829092941.jpg,7.02
121807987@N0816009320527.jpg,7.35
esywlkr28196405469.jpg,6.75
vid_cor_meum_images28518901902.jpg,6.97
61357175@N0813526659943.jpg,7.5
79003050@N0540835803754.jpg,7.6
chumlee14917596223.jpg,6.71
16608020@N0728821408704.jpg,7.57
thahawk28462060617.jpg,7.32
shacktrackin28930984943.jpg,7.55
historyrambler16271360329.jpg,7.36
dh_lilly26297778040.jpg,7.13
35471453@N0323834087780.jpg,7.57
sibwarden20645289832.jpg,7.14
132692163@N0624234113021.jpg,7.6
61253223@N0042602369014.jpg,6.33
jesspictures30786294384.jpg,6.59
90024104@N0840979407674.jpg,7.92
billy_d31522621785.jpg,7.17
60818901@N0726228962591.jpg,6.75
loserwithalens14594336807.jpg,7.93
126148542@N0443369473972.jpg,6.88
pe_ha4525446353016.jpg,7.55
linda__sw31701228662.jpg,6.34
35471453@N0324658376902.jpg,7.39
31403969@N0426503030913.jpg,7.37
65509607@N086965385285.jpg,6.89
marcos_jerlich37501980294.jpg,6.9
douglucas16081896207.jpg,6.63
bobgbell26400390415.jpg,7.38
kame324952936048.jpg,7.72
flash8640807536181.jpg,7.11
marcoettel27618650580.jpg,7.9
rodneyharvey15841588827.jpg,7.4
noro814363662402.jpg,7.86
47290259@N067228382806.jpg,7.32
rodneyharvey25242684682.jpg,6.94
79003050@N0537468367326.jpg,6.71
enilton_kirchhof30193513028.jpg,6.75
penny_carlson38907503250.jpg,7.24
jawadqasrawi17865337325.jpg,6.73
sizun_eye38055686756.jpg,7.89
31403969@N0429945846602.jpg,7.33
102617753@N0427458998908.jpg,6.3
jchowaniec25477062837.jpg,7.78
26540233@N0838029478466.jpg,6.82
yasuyukioomagari46919161871.jpg,6.67
70684778@N0423660891495.jpg,7.21
aushiker27872564202.jpg,6.71
dameboudicca3275892121.jpg,7.24
jimmonk47734110051.jpg,7.16
ebalch18425134218.jpg,6.64
yourdon16687774354.jpg,6.77
martyr_6723272809852.jpg,6.79
134859823@N0544852885595.jpg,7.08
yannickgagnonphotographie22184262788.jpg,7.33
ralphstewart29854769137.jpg,7.23
155376904@N0742664455390.jpg,7.42
sergeramelli40829441864.jpg,8.13
101654934@N0837761656175.jpg,7.2
rodneyharvey16991160677.jpg,7.91
130754245@N0716882298197.jpg,7.54
114918083@N0424003559127.jpg,7.63
ash227629046582862.jpg,7.7
fabiankonstantin22273985985.jpg,7.9
chumlee27256060977.jpg,7.46
152858639@N0240846161521.jpg,7.63
120183843@N0440482822251.jpg,8.38
39386020@N0531022765663.jpg,8.54
pixscapes45869985824.jpg,7.65
61253223@N0030268990600.jpg,7.79
34296351@N0445031642472.jpg,8.46
anup_devaraj_clicks42926647862.jpg,7.96
sweetgrass3116435969906.jpg,7.71
seankirkhousephotography28695735991.jpg,8.22
piersmathias27302588617.jpg,7.96
jarcorboi23150770995.jpg,8.35
rockinmonique18895473121.jpg,7.35
agrusoft46830498925.jpg,8.07
radijsje15880785696.jpg,7.71
132644900@N0723885399883.jpg,7.79
croydonclicker41039707475.jpg,7.38
25179368@N065568412227.jpg,7.25
rudi5825093339752.jpg,8.27
rockartwolfy31875809020.jpg,8.43
65509607@N0840246188031.jpg,7.77
hollandfotograaf38049388954.jpg,8.73
carolyneaton21833963346.jpg,7.65
ksolfjeld37708200641.jpg,8.46
homegroenphotography38772501381.jpg,8.14
colloidfarl27505136.jpg,7.54
angspence16876164338.jpg,8.62
2dxtreem14032103327.jpg,7.97
108878997@N0342770264820.jpg,7.67
65509607@N0842210234665.jpg,7.8
rodneyharvey25378880881.jpg,7.96
rabican43459799092.jpg,8.07
65509607@N0840246194611.jpg,7.39
erdinculas38896542071.jpg,7.99
