image,score
mountainbooktokyo3711701795.jpg,2.11
ericaelias3060694086.jpg,2.31
flugkarlinn2302416393.jpg,2.29
toadiepoo1215888335.jpg,2.5
olivierh523835744.jpg,2.34
something_2235879574.jpg,2.24
bkhagar_gallery5326523672.jpg,1.99
xibbs2606430911.jpg,2.27
lindascannell496706261.jpg,3.5
kopitehtarik3520689442.jpg,2.56
jeneyepher465790761.jpg,2.16
theshadowboxer245073110.jpg,1.76
edgedonkey3936836865.jpg,3.0
48354438@N064990560202.jpg,2.17
whatsernamex4797636573.jpg,2.16
vikkigos5894465833.jpg,2.1
lachesi_lab4502291522.jpg,1.86
gaotawan6887818438.jpg,1.72
jojo32448693424.jpg,2.0
shimmertje219292694.jpg,3.26
danisaramario3571206694.jpg,1.91
33422478@N043178890267.jpg,3.53
coffeeinduced2462422584.jpg,2.21
prodigaldog2134865367.jpg,1.94
mechworx2552523408.jpg,3.23
92197955@N002782879586.jpg,2.22
erika_146546668118.jpg,2.61
-ert-261055069.jpg,2.36
56895620@N00294083596.jpg,3.46
davedehetre4565175066.jpg,2.37
10188179@N03871950213.jpg,2.1
simns482004787.jpg,2.26
gvaillant4020126075.jpg,2.65
galitlub2097555761.jpg,2.23
mari_ella4345505039.jpg,2.34
falh5879915430.jpg,2.29
julipscheidt2375947090.jpg,2.16
dailyjunky473151860932.jpg,2.24
sachinkakkarphotography5281102052.jpg,4.22
26548836@N053728117021.jpg,2.51
d-l-j-h4459779414.jpg,2.09
agataxavier3254046882.jpg,2.76
marthax370426528.jpg,1.61
photonion3687939951.jpg,3.37
divinevanity4905892599.jpg,2.92
maceeboy166127943.jpg,2.31
7anno2143779792.jpg,2.94
quthonglee4009060650.jpg,2.13
hellmaster2478560693.jpg,3.5
bradhood3191345216.jpg,2.26
dollie_3_luver6183347955.jpg,2.37
suzwaters1463341581.jpg,2.33
10188179@N031221411353.jpg,3.19
relm_102239584009.jpg,3.25
cinnamon_girl25414597249.jpg,1.91
abllo4280356643.jpg,2.27
drpacemaker2789917875.jpg,2.9
beardenb86262751.jpg,1.87
s_o_p_h_i_e4999185169.jpg,3.42
ninio_confuccio1805514861.jpg,2.13
lipsss3436287547.jpg,2.39
essenceofhope3019206729.jpg,2.52
avva543761865.jpg,2.33
stchuck107066113.jpg,1.84
koekepannie325985584.jpg,2.04
26487909@N073355879640.jpg,1.69
screenpotato2223646244.jpg,1.67
zillig30079545.jpg,3.17
callycat3499366849.jpg,2.63
bderivo3120955708.jpg,2.55
tbalbi3470876129.jpg,3.71
21238986@N042185732889.jpg,1.99
12674411@N032148198356.jpg,1.85
nimimol2288551480.jpg,3.86
viyita3423190061.jpg,1.9
lukexli989019494.jpg,1.78
allintensivepurposes2303355265.jpg,2.81
guilhermesflickr4339448804.jpg,2.4
harshad_s276362200.jpg,2.41
lightplay2085939702.jpg,4.2
chromatic_aberration3367673491.jpg,1.89
hime_sara5405915528.jpg,2.49
32419810@N063307541871.jpg,2.08
mjwbi19665114289748.jpg,2.0
kevmccann2990523046.jpg,1.84
samerabdallah5928030163.jpg,2.41
hshaw3195780859.jpg,2.85
qdoun2192203953.jpg,2.42
minarai2878064331.jpg,3.11
skene2657883839.jpg,1.94
23616309@N053339294820.jpg,2.75
aladyx3751227815.jpg,1.92
familiar_blue1350593434.jpg,3.12
chosetec71665185.jpg,2.13
kenichirooo5342528946.jpg,2.12
clarasoleil2288455607.jpg,2.65
elsol3y288717993.jpg,2.71
marydali200031618278917.jpg,2.8
inkel446599472.jpg,4.17
scintillediluce219331349.jpg,2.94
146343153@N0842321627481.jpg,2.96
bytheseeingeye3962706256.jpg,3.96
chezc6856296151.jpg,3.42
jeri-lynn2257162473.jpg,4.21
80207129@N0326009954404.jpg,2.71
148555794@N0638634736630.jpg,3.44
desertdragon4819264537.jpg,3.62
clonechung3546993529.jpg,3.42
teresa_aires199002834.jpg,2.96
journalrevolution2089377401.jpg,2.87
tigerfeed3129988373.jpg,2.63
saint16044535682533.jpg,2.47
40662099@N033829145513.jpg,2.63
mackfrederick6484157595.jpg,2.88
six_austins1139052417.jpg,2.1
s_o_p_h_i_e4754134724.jpg,3.01
asknvmmc26822749317.jpg,2.71
savannahhieronymus4194615064.jpg,3.35
36527128@N084856711726.jpg,3.48
rwkphotography3653504163.jpg,3.87
debbiestanger6296192296.jpg,2.6
31077588@N024690054826.jpg,4.47
124405970@N0526433423697.jpg,3.19
emptybelly2438791391.jpg,2.54
kikiss3751285237.jpg,3.42
gettheflick32433053006.jpg,3.86
9524771@N0638386589175.jpg,3.12
8543336@N0839449953251.jpg,4.08
ossejoro24824219372.jpg,4.46
jrrondeau38648583454.jpg,3.49
143976862@N0235109515662.jpg,4.88
144701353@N0431274072785.jpg,3.13
the-challenge4586155592.jpg,3.6
13499964@N0316437252837.jpg,3.12
svenbreitkopf23641451668.jpg,4.75
walidhouaidj37730315621.jpg,4.52
tanyakogan26998395536.jpg,5.0
dw_photos_and_designs25880967305.jpg,3.58
sevatolstoy26469573716.jpg,4.25
gooey_lewy37785451584.jpg,3.58
ms-bexy28169910011.jpg,3.23
137737390@N0423737273902.jpg,3.94
envyphotographic20298388133.jpg,4.25
nixam2067983569.jpg,3.33
137960502@N0723065909480.jpg,3.71
georgyh372204397.jpg,2.98
137077540@N0640472851381.jpg,3.37
josef1433596728103.jpg,2.71
p_kozera28495613458.jpg,3.26
129072858@N0628211117558.jpg,4.75
linda_foley126771706979.jpg,3.21
wv_nomad29641617183.jpg,3.62
david_in_the_forest22593367841.jpg,3.74
-jule2728505583.jpg,3.44
manusgreen32592092274.jpg,3.26
105808017@N0327011571013.jpg,3.21
65671703@N0821906767454.jpg,2.97
157662324@N0436887032550.jpg,4.42
matteo_tacconi43381948921.jpg,4.79
persnicketydame2191876948.jpg,3.8
riaskiff2122205796.jpg,4.75
128843184@N0728105983870.jpg,4.01
scintillediluce178284226.jpg,3.77
bleakcabal29802245653.jpg,3.24
28291927@N00273118053.jpg,4.34
stevehanley41501053750.jpg,5.1
marcello_sgarlato_photoshot45818434615.jpg,3.24
130331576@N0641613923465.jpg,3.05
eerrggee41791292764.jpg,4.35
steinmann196925643363884.jpg,4.8
13016380@N0737835197484.jpg,3.98
smacss24511081000.jpg,3.26
vargandras44611818890.jpg,3.97
wcreations4647467233102.jpg,5.63
ajwad_amt35676440603.jpg,5.42
57930306@N0746869142151.jpg,4.37
matt_molloy38187735784.jpg,5.36
catmacbride46378323805.jpg,3.89
suatkoylu41104058600.jpg,3.96
peppermint20086588544635.jpg,3.53
140896887@N0240881124851.jpg,3.54
9503087@N0425269496795.jpg,3.45
95859572@N0624808881265.jpg,4.58
77151001@N0718499683829.jpg,4.69
28592042@N0541069537482.jpg,4.73
abaimagen4130018256.jpg,5.5
jennydegroot3682901144.jpg,4.15
megacurie25880870818.jpg,4.38
47490514@N0218579751754.jpg,4.0
146101425@N0636928838184.jpg,4.41
ciscoworlds25596089388.jpg,3.67
128701133@N0416730250356.jpg,3.79
vinholds44520045464.jpg,5.76
150420741@N0438356632762.jpg,3.49
grailk46104946591.jpg,3.55
149374112@N0447012708832.jpg,5.37
144452216@N0337424606546.jpg,5.35
143075823@N0244687997425.jpg,5.16
natali_antonovich32644313471.jpg,3.3
128135849@N0542031678862.jpg,4.68
127159703@N0425055603323.jpg,3.0
jurek_durczak25444639184.jpg,4.56
gold-fantom-mh-aesthetics38338902526.jpg,3.79
14143447@N0637518931876.jpg,4.17
onatah82237713508052.jpg,3.41
95859572@N0623214510984.jpg,5.37
giannis_thalassinos41116094325.jpg,3.67
trinitus31847739578.jpg,5.58
33786947@N0622057941051.jpg,3.84
147833220@N0234443399160.jpg,3.94
thibaud_carbonaro37997473831.jpg,5.47
jayplorin24107162548.jpg,3.52
134091978@N0340177344202.jpg,5.06
skipmoore24670880275.jpg,4.05
motofoto44299413711.jpg,3.83
102144300@N0311068566404.jpg,4.28
ryan_roxx45382175304.jpg,4.99
146095251@N0425004890018.jpg,3.73
139208861@N0724182530002.jpg,3.6
natali_antonovich32767991835.jpg,3.88
thrujenseyes2330104916.jpg,5.72
huthart4436630071074.jpg,4.04
seathepicture42810358130.jpg,5.47
chanmelmel31646329868.jpg,3.45
127615076@N0237687039162.jpg,5.25
fabiokeiner39308017800.jpg,4.99
147386348@N0336864582084.jpg,4.81
guy-michel29067023307.jpg,4.47
singhsahab40213268290.jpg,5.53
156418736@N0640054599982.jpg,3.27
stefanstipic43712743604.jpg,4.6
taanhtuan24045376957.jpg,5.62
pjirawat47403805371.jpg,5.21
88624116@N0843432599551.jpg,3.98
74093430@N088437915605.jpg,3.79
only_to_be_kind29268837817.jpg,4.53
35495374@N079596906116.jpg,3.91
bhaskardutta32605542650.jpg,5.87
richardkralicek46566948884.jpg,4.92
chanmelmel43544553561.jpg,5.3
pdomenick25408979394.jpg,3.59
106901623@N0439411810884.jpg,5.37
128251729@N0245682651092.jpg,4.06
adriennefromred4372895328.jpg,4.03
150145384@N0534347249640.jpg,3.49
65220023@N0440196705782.jpg,3.65
138918951@N0339716801405.jpg,4.59
hayashina23640188775.jpg,3.07
xpertss40850081022.jpg,5.35
alfredo_roccia41164691901.jpg,3.92
144154475@N0731242943190.jpg,3.62
142236769@N0824111786368.jpg,3.49
93185434@N0820629760545.jpg,3.92
133785147@N0326725405684.jpg,3.58
97182768@N0340284576905.jpg,5.71
mateutomas31436593448.jpg,4.86
143075823@N0229772664917.jpg,3.55
redjrphotography27343562329.jpg,4.56
147091850@N0737646980786.jpg,4.77
argyriou22568416428.jpg,3.7
150554449@N0339125244694.jpg,5.32
bibi726506889881.jpg,4.52
elisabetta_tuveri2278581157.jpg,4.19
133815003@N0231731734968.jpg,4.76
drew3424678722490.jpg,5.0
christoskav25850524378.jpg,6.28
75729258@N0730163932427.jpg,5.0
151415949@N0842275153300.jpg,4.95
93185434@N0813895507270.jpg,3.6
128925878@N0430644834577.jpg,5.65
hidesax33278606775.jpg,4.97
81846470@N0631704712546.jpg,4.54
krhphotography47380732372.jpg,5.13
134414109@N0326556711469.jpg,4.15
ohiobuckeye24550474025.jpg,4.17
130331576@N0637023197833.jpg,3.28
157650474@N0330934869667.jpg,4.72
glenndiana33526245383.jpg,4.55
125409212@N0841856923891.jpg,4.61
catmacbride39532344415.jpg,3.42
16112109@N085357552823.jpg,4.67
daniel-fodor46505952534.jpg,4.23
mariej55quebec29940196572.jpg,4.8
chantsign27440781257.jpg,4.93
douglas_jarvis41080742592.jpg,5.04
152071985@N0434480252041.jpg,4.48
peppermint20086582584375.jpg,3.91
wifeman31371884218.jpg,3.83
126402897@N0732937183982.jpg,5.3
fabluizr27135370321.jpg,4.12
michelbosma21347890489.jpg,4.3
63401442@N0231791020968.jpg,3.12
ichie-jp404165003.jpg,4.39
150301706@N0543756371724.jpg,3.34
coeurardant31088804123.jpg,3.33
thethomsn26974673588.jpg,4.44
132604482@N0221419350703.jpg,3.39
rossap40032350850.jpg,4.7
annaristuccia3988240677.jpg,4.92
betsinme9414397938.jpg,4.63
superdavebrem44357627751.jpg,4.72
127764260@N0524317621901.jpg,4.39
totoro032537848218886.jpg,5.85
johngpt15033933871.jpg,4.94
mark-morgan32756790637.jpg,4.37
xmex42732382335.jpg,5.46
144823040@N0538385315582.jpg,5.62
94334311@N0216466116892.jpg,5.07
tangkapdari_lensaku43904679961.jpg,6.08
alj4ck25307712214.jpg,4.63
94000386@N0532723755066.jpg,5.91
pedrosimoes731010579155.jpg,4.58
34214402@N035422623362.jpg,5.5
0-judy-011308947795.jpg,4.18
120520739@N0324957836156.jpg,4.42
fabiennethelu16154622373.jpg,3.7
79936227@N0739915927791.jpg,5.03
piano4film3252595268.jpg,6.46
perki49626082783566.jpg,4.33
23409821439134165.jpg,5.58
125358845@N0329593215914.jpg,5.61
sdekouadio27387354588.jpg,6.0
fredrik_lindedal22680167801.jpg,5.0
58736886@N0517183150507.jpg,4.17
135433992@N0329085601081.jpg,3.6
weredsmith27144998858.jpg,3.98
121236903@N0422042011293.jpg,4.0
158449600@N0546376723965.jpg,4.6
rickyban40183665351.jpg,5.7
jayneburford6647803759.jpg,4.83
patrick_foto34362632722.jpg,6.22
moisseyev44772810042.jpg,6.17
writing25809169826.jpg,4.4
han_qtr3246714643.jpg,4.34
hotsnapshot38749535435.jpg,5.29
ronald_g_garcia47520470892.jpg,4.74
145985392@N0627505473549.jpg,5.29
will66835206385236.jpg,6.06
cafephoto33857556898.jpg,5.69
markem80838484545581.jpg,4.91
tanitzergh21916532661.jpg,3.75
acquariana37300371364.jpg,5.37
jolurove23359298603.jpg,5.75
gcolophoto45383392164.jpg,5.42
145969405@N0640436889522.jpg,6.03
that_damn_duck41546899741.jpg,4.17
aciepielewska11418787976.jpg,4.37
littledave47080571291.jpg,5.58
chukos33374537328.jpg,4.42
mountainbooktokyo4147520646.jpg,4.64
tqtran24990702198.jpg,4.62
beephotos1526937486919.jpg,5.72
153077200@N0324491709597.jpg,5.85
79936227@N0739802058231.jpg,5.88
28732124@N073370257872.jpg,4.36
128892536@N0617311708369.jpg,3.91
blondinrikard29915169205.jpg,5.12
dansflickpics27108042889.jpg,5.29
renelacher44916352172.jpg,5.38
tigerpalace39837237504.jpg,5.93
todoe20825905673.jpg,4.33
talegal30171331035.jpg,3.9
stellapylarinou37345086891.jpg,3.52
135990094@N0437695266334.jpg,5.06
66677970@N0833091786286.jpg,6.14
doods-euphoria24354905141.jpg,4.41
59303791@N0029278595021.jpg,6.43
124317869@N0443731129791.jpg,5.75
135767367@N0342282778291.jpg,4.87
piotrasss338250524984.jpg,5.04
44175404@N035555441248.jpg,4.69
129510212@N0716286911176.jpg,3.77
miss_angel_200937166630123.jpg,4.25
mswansonphoto26337196867.jpg,3.96
phkavv45379605211.jpg,3.74
135433992@N0338115224906.jpg,4.68
94875139@N0443142632131.jpg,6.36
megacurie38903326061.jpg,5.89
moemaphoto40325549450.jpg,5.75
146043270@N0536774076886.jpg,4.61
125725157@N0425849442741.jpg,5.23
112283788@N0330194313040.jpg,4.6
10949075@N0324884184072.jpg,4.33
gerhard35242526150.jpg,5.02
143479928@N0327131139187.jpg,4.29
stanzim40389757820.jpg,4.22
98006383@N0728314632882.jpg,5.21
60622074@N0438399479071.jpg,6.13
stuzal37434911771.jpg,5.38
robby_van_moor38548643074.jpg,5.57
hcisneros28032641372.jpg,4.5
141825274@N0744001747332.jpg,5.04
convolvulus33452085768.jpg,5.49
paulaluckhurst30553457060.jpg,4.49
143243585@N0343405276700.jpg,3.69
i-rocksteady6274685002.jpg,4.29
freddzy29217913631.jpg,4.22
murraymike8941027279110599.jpg,4.56
29674008@N0514243849632.jpg,5.97
vitoriafreiria8483002687.jpg,4.19
157959218@N0636869196623.jpg,5.27
54438796@N0645403863641.jpg,4.98
pauliusunknown9935876455.jpg,5.47
50253278@N0825881111188.jpg,4.88
130881643@N0422871958144.jpg,5.48
francesco_grillo19995528259.jpg,4.63
digefxgrp30952552443.jpg,4.04
4dreams40076066181.jpg,5.46
144698546@N0327660764119.jpg,5.68
wiesberk41288694345.jpg,4.25
139423576@N0531288040671.jpg,4.27
100173661@N0633810358344.jpg,4.88
stepheniliffe6125554651264.jpg,4.61
simonspisak27440480728.jpg,4.04
christianiani19652049558.jpg,5.52
kerstinsworldofimages30790471654.jpg,5.14
103051413@N0240772453702.jpg,4.85
quistian40347007234.jpg,5.1
luca654216454810.jpg,4.41
118455882@N0224243557731.jpg,4.63
catmacbride40321640922.jpg,4.79
ennraav16301662692.jpg,4.03
27685744@N063367100549.jpg,3.75
134583558@N0820419194432.jpg,4.98
megacurie38903325891.jpg,4.58
compo3943374786985.jpg,4.42
everglade1045603996805.jpg,5.36
catmacbride37840340486.jpg,4.22
biddison123014417744.jpg,5.4
eriani693386722417.jpg,4.12
100722981@N0330281211743.jpg,6.0
10011888@N0540344442841.jpg,3.81
146331631@N0432041815724.jpg,5.91
adidasimania27120738249.jpg,3.6
komissarov_igor27646810564.jpg,5.03
trixter1319467010069.jpg,3.67
128335498@N0537046630985.jpg,6.1
pavdw40472502783.jpg,5.07
66677970@N0843737168654.jpg,5.83
141848731@N0736195104463.jpg,5.8
tooloose-letrek23736819288.jpg,5.54
elhoudifunko43645419011.jpg,4.36
frederic_leroux36553549383.jpg,5.89
tina_aus_dem_tal47758635582.jpg,4.6
arekev2159531047.jpg,5.12
klausfehrenbach24999409967.jpg,5.12
faustodeseri46505146782.jpg,4.75
carolyneaton16925782787.jpg,4.75
sonythomas33497257592.jpg,5.75
120833037@N0636803497040.jpg,5.81
seekaleidoscope1146254324.jpg,4.47
152744490@N0542905744875.jpg,4.45
158151630@N0232548176588.jpg,5.7
150688733@N0538440192066.jpg,4.25
chearn7342440156620.jpg,4.17
61491636@N0343634459490.jpg,5.87
9110268@N0541612691941.jpg,4.73
thomas_pirolt43486848330.jpg,5.28
chinna_snaps31700919447.jpg,6.06
142116553@N0532296475732.jpg,3.97
135880304@N0639984807021.jpg,5.9
catmacbride43626874020.jpg,4.47
40000382@N0845640525432.jpg,4.53
158230069@N0336448572470.jpg,4.75
28183316@N0438677608301.jpg,5.7
77887985@N0738230063745.jpg,5.63
7944769@N0344022328004.jpg,5.17
milo2233617312281.jpg,3.69
victorvonsalza36850491886.jpg,4.72
36952554@N0037789073774.jpg,6.03
jackal124225851474.jpg,3.77
22383183@N0630820318152.jpg,3.96
147039377@N0323536309138.jpg,4.0
louismusacchio39088744802.jpg,4.41
126772264@N0641895578580.jpg,6.08
lavendermillie24325793878.jpg,4.22
38049524@N045981519774.jpg,4.33
naddya_villarroel16308810310.jpg,5.31
47515486@N0545255534101.jpg,5.35
newexpressionsbytheoldchristine43015586522.jpg,4.27
130624433@N0431957547707.jpg,5.12
mark_marshall41562305565.jpg,5.12
janainz17794893980.jpg,5.75
hope2b47799979611.jpg,4.91
leeharrisimages30894096957.jpg,5.57
fallrod46819418444.jpg,3.93
digefxgrp16889280602.jpg,6.3
andrei-air9409252235.jpg,4.7
100173661@N0635086172801.jpg,5.02
nathalie-photos27746604999.jpg,4.26
8171213@N034792054059.jpg,5.05
jondowns5062433801.jpg,6.71
milesdeestrellas3386104943.jpg,4.14
strandgutsuche23771049363.jpg,4.56
chantsign40547317220.jpg,5.22
rasande38028644722.jpg,5.23
120393257@N0845212897592.jpg,4.98
syncretia8944431352.jpg,4.21
zaretchnaia43344862861.jpg,3.66
136682939@N0724509829498.jpg,5.4
mcraynest17331648591800.jpg,6.04
wernerkrause37410291820.jpg,5.98
akashuk27555197709.jpg,4.91
tonyheaver-wren45895173464.jpg,5.64
badkitteh228989079348.jpg,5.56
klio258232026125181.jpg,6.12
joekepieters40607651401.jpg,4.87
ronnymariano26260891720.jpg,4.14
f4l1_p645866501294.jpg,6.39
40874027@N0738492964515.jpg,5.0
jadepbloomfield47074834772.jpg,4.93
108715154@N0224692581627.jpg,5.18
102924678@N0638762467212.jpg,5.97
stanzim42673743891.jpg,4.57
101572311@N0517313815529.jpg,5.5
monkeller25522069992.jpg,4.95
eying201237770280574.jpg,5.69
akhombre24897230771.jpg,5.72
listenwave45313781222.jpg,4.42
branko_borojevic27065948117.jpg,5.95
jordi-sureda-plantalech26014155704.jpg,5.45
shadman146315063429.jpg,5.12
carenpolarbears46654714595.jpg,4.96
79003050@N0527300167626.jpg,5.39
nancyhsu199014644343150.jpg,4.79
robynhooz43926051175.jpg,6.55
124338517@N0214566907841.jpg,5.99
99018888@N0232862423071.jpg,6.4
90024104@N0826095283508.jpg,5.31
l0nglost44764437040.jpg,6.21
frederic_leroux33416263782.jpg,7.27
rodolforibas40122737635.jpg,5.28
154765863@N0225645500238.jpg,6.51
136487623@N0322759202042.jpg,4.58
100406145@N0216012655277.jpg,5.83
photolab_aj42228156435.jpg,7.08
147530694@N0838189404402.jpg,5.95
marq4porsche43975360925.jpg,5.6
dilly201231887790167.jpg,6.19
idrees508329170.jpg,5.58
sarah_presh49434455928.jpg,5.23
rharanczak42839455491.jpg,6.27
salvatoredangelo11837447435.jpg,5.67
trishp9719520990678.jpg,5.04
128882565@N0616660118704.jpg,4.94
135279968@N0428330915130.jpg,5.54
147897821@N0539518390935.jpg,5.27
153587175@N0839013086864.jpg,6.0
112999853@N0426442746655.jpg,5.85
fredrik_lindedal35774389041.jpg,5.86
zahidur-rahman24075783292.jpg,4.97
akhombre25604444770.jpg,5.63
124870052@N0826210125859.jpg,4.84
manuelrt5_work39485908634.jpg,5.08
singc10484973846.jpg,5.25
keithj500014198964283.jpg,6.09
oneshotoneday23577873168.jpg,4.88
sergioalfaro42937349850.jpg,4.54
brian10416873575677.jpg,4.32
102299206@N0547405117241.jpg,4.81
compo3939654673374.jpg,5.65
91072626@N058305767308.jpg,4.46
sefakart32769585838.jpg,4.8
mrmunny30854593258.jpg,5.72
129944808@N0528174206469.jpg,5.19
che-burashka267613174.jpg,5.58
46134012@N0826562491554.jpg,4.72
135771792@N0737570670990.jpg,6.63
niek_goossen46563026064.jpg,6.23
161721296@N0643955903932.jpg,5.84
bleakcabal32120228675.jpg,6.13
mask8photo18566496286.jpg,5.48
plitch_plitch16907950497.jpg,5.5
digefxgrp30981152784.jpg,5.31
101532154@N0631267722068.jpg,5.67
clickphotographysea36269337032.jpg,6.82
circumspectacle25096255560.jpg,4.42
monceau43795613750.jpg,5.42
elandarel27886243977.jpg,4.27
55198400@N0527913985763.jpg,4.41
philipleets38375845414.jpg,5.0
digefxgrp14569521419.jpg,5.71
131254212@N0518970195848.jpg,4.92
148295486@N0624866084577.jpg,4.6
127327928@N0816017589652.jpg,4.55
simonpfotos37165825474.jpg,4.44
ravishahphotography10000720766.jpg,4.76
128354622@N0622263018601.jpg,4.09
104694701@N0240891243943.jpg,5.89
glosszoom28959966518.jpg,6.35
99653778@N0432638797910.jpg,6.24
brenac_photos41010974104.jpg,6.89
mikeplonk38166645516.jpg,6.11
140571669@N0437330207954.jpg,4.56
128626247@N0639669026412.jpg,5.25
davidsenaphoto30747446817.jpg,4.53
96972102@N0026088636878.jpg,5.21
nick_hirst_photography24459247608.jpg,5.92
pushkargujar31787646527.jpg,6.35
125738621@N0516919961255.jpg,4.99
129863077@N0730398871067.jpg,5.48
compo3940320133892.jpg,5.71
141521492@N0239387221761.jpg,6.16
catmacbride12751856755.jpg,4.64
144655122@N0240081003042.jpg,6.5
sediama3784866323.jpg,6.47
blackstation13790243155.jpg,5.13
147914730@N0336787957286.jpg,5.67
stanzim36893840901.jpg,5.84
73806732@N0435541317670.jpg,5.16
village99914808643776.jpg,5.66
thebestfeeling905884149249.jpg,5.52
niggyl42588902000.jpg,6.52
127981057@N0545541189411.jpg,4.94
huyumi3119750589.jpg,4.88
andreealoredana43396138382.jpg,6.18
duaneschermerhorn40579618542.jpg,5.82
100173661@N0635344840615.jpg,6.28
jangelo6825926991138.jpg,5.67
25831079@N0541592475611.jpg,5.6
bgdlynch14234613167.jpg,5.71
155491204@N0729423982987.jpg,4.53
finlap35062050351.jpg,7.11
37978092@N0224196868533.jpg,5.11
kevinwolves24852871617.jpg,6.75
163265475@N0346680957992.jpg,6.48
159282242@N0245815255485.jpg,6.19
143541955@N0837785031656.jpg,6.62
jackal129059660550.jpg,4.28
baubec_izzet26179773368.jpg,5.31
_hq_32472796380.jpg,4.67
127723167@N0839684982751.jpg,4.8
namli18672481003.jpg,5.04
misterperturbed33203708603.jpg,5.85
96227958@N0733461339955.jpg,6.22
bagdadcafe38178788205.jpg,5.82
151576658@N0847698382482.jpg,4.44
iloveforest39399668221.jpg,4.28
dps7724446349188.jpg,6.69
stephothebear31034548872.jpg,5.11
131232993@N0425869663134.jpg,5.09
hapsnaps47137254262.jpg,5.68
129381967@N0716683169491.jpg,5.64
canukka41608766154.jpg,5.04
hayashina27233812409.jpg,6.79
gisboro39115135792.jpg,5.9
79266874@N0239685270852.jpg,4.45
megacurie25880870378.jpg,6.15
28448736@N034060092277.jpg,6.49
tammycaldas6711941055.jpg,4.58
emeraldimaging40683999930.jpg,6.08
reza_k15142218527.jpg,5.83
jpdu1246147433452.jpg,5.13
136450436@N0324040441931.jpg,4.46
pfranche12569830184.jpg,4.84
noach7230902904831.jpg,5.42
162383221@N0447437030611.jpg,4.92
90024104@N0845047951014.jpg,5.61
150838926@N0636868311253.jpg,5.62
mthana6930888194097.jpg,6.46
141666681@N0228202418369.jpg,6.08
cuteandhuggleable37480020790.jpg,4.25
jepics40832949152.jpg,6.93
143790323@N0443972474351.jpg,4.33
roni582026828345034.jpg,5.48
mars-mann24896987327.jpg,4.54
80454089@N0041556487004.jpg,5.13
stanzim26597605784.jpg,4.05
91722814@N0219893484104.jpg,5.96
153780524@N0346216022964.jpg,5.33
kolderal24612675099.jpg,6.04
jesusduarte29342342146.jpg,4.66
lichtkunstfoto36927341110.jpg,5.63
840410123478275860.jpg,5.52
worthingwanderer34488016803.jpg,4.6
128179293@N0232597246540.jpg,6.15
psegu40606677731.jpg,6.8
max_photos-plus28012317527.jpg,5.52
max_photos-plus25397195337.jpg,6.5
robby_van_moor39141622131.jpg,5.51
156842564@N0845070354712.jpg,6.93
132127830@N0523844421385.jpg,6.03
77411963@N0724500301979.jpg,4.74
davidsenaphoto37592860985.jpg,5.46
the-father3023647466.jpg,4.89
leportillon5214457362.jpg,4.81
141666681@N0240234346630.jpg,6.16
zenonas38868209935.jpg,5.65
indiashow2416846361.jpg,5.86
92999647@N0519801035633.jpg,5.8
enrique_mendez5233584579.jpg,5.86
munkherdene4248934792.jpg,6.33
42739411@N0222415312002.jpg,6.84
lkowen27341777239.jpg,6.26
sabinche39999492731.jpg,5.56
jepeha44390557340.jpg,6.56
davidgilliver15261867675.jpg,7.44
raphael_images26068367837.jpg,6.98
dougsooley30931192650.jpg,6.44
22643708@N063423763338.jpg,5.21
harryshots10460254304.jpg,5.86
157188675@N0342737708174.jpg,6.89
73806732@N0447044312531.jpg,5.88
todorrovic3752061472.jpg,6.57
14892851@N0614640637819.jpg,6.04
85314460@N0232828786052.jpg,5.85
144591254@N0533052079116.jpg,6.94
askjellr35962062114.jpg,6.75
yeeship6531386845.jpg,5.32
88502812@N079374431211.jpg,4.74
151209268@N0229966211207.jpg,5.74
kh-6736669499864.jpg,5.46
infomastern33573073943.jpg,6.8
142292739@N0837435475165.jpg,7.0
mim_mim15226680286.jpg,5.32
chrisbrn15606388354.jpg,7.14
14419055@N0821965319458.jpg,4.97
bastian_k32953174768.jpg,6.65
157037390@N0547329537581.jpg,6.97
thierry_a45224017342.jpg,6.42
25541031@N0834406917065.jpg,5.5
97833073@N0546651755032.jpg,5.94
yomo26787249758.jpg,7.21
nancyzjaba38666213531.jpg,5.69
phredkh24924960318.jpg,6.05
jpn47333629642.jpg,6.98
sworldguy40164566084.jpg,6.9
130975032@N0833639484596.jpg,7.02
orsolyapalfi7503266892.jpg,4.99
124017773@N0333356412722.jpg,5.9
79266874@N0239685675082.jpg,5.53
emilywindinthewires5201652031.jpg,5.21
derodeolifant37429398430.jpg,4.61
ben_lockett37759382322.jpg,7.31
dingren17650256563.jpg,4.75
azsunsets24717730838.jpg,6.92
66442168@N049503604211.jpg,5.5
revivethelight16995198819.jpg,6.46
150633924@N0541292485504.jpg,6.46
velvettears6023112489.jpg,5.72
afarmer27847364969.jpg,7.27
143940344@N0629352691147.jpg,6.48
ghosthue26982175397.jpg,6.96
click_bunny38535121526.jpg,6.73
145203670@N0326595508219.jpg,5.46
10065211@N0623743068063.jpg,5.28
lilyowen37354901080.jpg,5.9
solerab39697943522.jpg,6.89
55955186@N0438636095405.jpg,6.78
149829109@N0335875981903.jpg,7.05
fools4tress37896994882.jpg,6.69
162814817@N0641845392474.jpg,6.48
peternyhlen42550578425.jpg,5.44
javisanchezfotos12055836143.jpg,5.19
mathilda1725927465028.jpg,6.88
hidesax45731387542.jpg,6.39
arekev33173297370.jpg,6.78
148614497@N0634525299230.jpg,6.45
aadilbricha30564608458.jpg,6.06
beritsundman45001933221.jpg,5.22
127846723@N0747630396411.jpg,6.28
117708192@N0436552268354.jpg,6.47
142805417@N0547036828024.jpg,6.66
caticao4651157530.jpg,6.85
raphael_images33535405743.jpg,6.61
mwschaff16897089724.jpg,5.79
chanmelmel43700900660.jpg,5.95
ndm-photography27037932354.jpg,5.1
130564554@N0536556170374.jpg,5.5
gertvanhaecht38627166715.jpg,5.67
127287061@N0830941048151.jpg,6.72
lkw11346771180512.jpg,6.47
archstanton40404306332.jpg,5.41
husiphoto46421038631.jpg,6.71
134531123@N0431436817991.jpg,6.97
sappho_et_amicae19824902874.jpg,4.95
b3nny197642795866960.jpg,6.69
helenanormark42312193942.jpg,5.13
spidi4887494438.jpg,6.95
philipdurkin38278027654.jpg,7.31
77411963@N0739065126785.jpg,5.65
160036346@N0647680746101.jpg,6.69
aniphotoworld38338927395.jpg,5.04
136109453@N0736278828761.jpg,6.31
klausfehrenbach39962987002.jpg,6.51
bagdadcafe20014869776.jpg,7.27
antoniosimula-photographer32549414974.jpg,7.22
127723167@N0827892701619.jpg,5.9
154859652@N0237572528500.jpg,5.56
derodeolifant21938712236.jpg,5.19
familyfarooq11694451396.jpg,5.25
janpelz38137770174.jpg,6.95
naddesigns30962168891.jpg,6.08
131543871@N0728779537220.jpg,5.39
93679805@N0616846541322.jpg,5.04
11924475@N0636855205400.jpg,6.45
karenmcq26239510424.jpg,6.55
lichtkunstfoto29701604667.jpg,6.51
mars-mann39624038161.jpg,6.2
radijsje16257748355.jpg,5.89
9588412@N0414027467209.jpg,5.6
mamfphotography37852524624.jpg,6.68
iloveforest24450307157.jpg,4.89
124017773@N0330896213187.jpg,5.29
robmcc41618503321.jpg,6.84
104859695@N0533137810214.jpg,6.06
chezc36427865936.jpg,7.4
142961304@N0436839979291.jpg,6.62
tabliniumcarlson40306506165.jpg,5.37
129508903@N0743905490820.jpg,4.56
151940929@N0230496548448.jpg,6.53
11255320@N0425771612264.jpg,7.23
viorica240522028.jpg,5.94
baubec_izzet27234814008.jpg,6.52
28448736@N038323401986.jpg,5.88
rossd9044690554395.jpg,6.54
donarstein30710950715.jpg,5.0
robmillenaar30862530808.jpg,7.46
boyfrom_bare40422091891.jpg,6.39
132306662@N0226051190475.jpg,5.94
hollylay27505959572.jpg,5.5
esperanzamanzaneravelmock31692405148.jpg,5.33
58306119@N0745663822072.jpg,6.85
131316467@N0623928254427.jpg,5.61
7397237@N0245371675534.jpg,5.69
jepeha24734832037.jpg,6.45
johnhillmillar24821353907.jpg,6.69
janleonardo27398792505.jpg,5.86
132287153@N0628813792360.jpg,4.92
113731603@N0511826397175.jpg,5.52
22572041@N082646987664.jpg,5.63
nickerwin40904369385.jpg,5.06
lightness-photo19679688823.jpg,5.34
branko_borojevic46919237064.jpg,6.96
107628138@N0614087113575.jpg,4.84
coolmcflash27434417827.jpg,6.23
urswirth29635675362.jpg,5.88
andres_medina4363907716.jpg,6.88
krisdelcourte49734971823.jpg,6.48
ecstaticist26632609118.jpg,7.22
74142509@N0637364954290.jpg,6.29
finlap37106990406.jpg,6.25
daveldesign38604469332.jpg,6.33
elopez201341332073491.jpg,6.21
155126066@N0741426187872.jpg,7.63
alexanderthomsphotography44811056971.jpg,5.46
rifugio_bobo33988751351.jpg,6.83
sararo8600191597.jpg,5.86
139753516@N0229264169848.jpg,7.02
kleberpipino15025952090.jpg,6.47
155843921@N0740101264205.jpg,7.56
hessphoto40150837932.jpg,7.14
tarjariitta22458091339.jpg,6.31
67183616@N0743246315745.jpg,5.91
143940344@N0629352690787.jpg,6.54
53324906@N0445752009701.jpg,5.67
105921496@N0846192884175.jpg,5.84
kanaristm25318672537.jpg,7.27
138881213@N0643634436710.jpg,6.6
dgode32902984606.jpg,7.27
laurent_photography8329207997.jpg,7.6
meliseye41832692172.jpg,6.19
nickerwin37675132285.jpg,6.77
105964048@N0643065218355.jpg,6.49
keithmidson47459756142.jpg,7.51
mdrake136359545.jpg,6.78
stephanneven46839688272.jpg,7.28
blackwolf201133942563143.jpg,6.76
patcharles41635119385.jpg,7.64
midori12_adamski29490745678.jpg,5.99
sergioalfaro31157489978.jpg,6.75
mosschen37339303926.jpg,6.85
andreas_klodt26088111268.jpg,6.04
130494919@N0523992491387.jpg,6.71
149929479@N0338063969875.jpg,6.77
114213318@N0833713800742.jpg,6.22
11924475@N0644776091915.jpg,7.12
demandaj42357498705.jpg,7.3
quistian45789631484.jpg,5.34
ismaelowensullivan46522003045.jpg,7.5
cjoni37985435051.jpg,7.59
adamsgc130740874157.jpg,6.7
shu643142562133635.jpg,7.02
77411963@N0725083251927.jpg,6.61
28500835@N0513202182684.jpg,6.01
32658783@N0346744245465.jpg,5.32
atila_y19359761550.jpg,5.75
cadoni25814523098.jpg,6.08
stellawind38530929476.jpg,7.59
152877666@N0737613763190.jpg,7.45
jessiewg39211692524.jpg,6.4
ejfoto44350600292.jpg,7.44
veeste38135272036.jpg,6.17
14628416@N0528335891369.jpg,6.69
franksworldpics22050412563.jpg,5.95
mister_marken37893100935.jpg,6.04
severalseconds41678482652.jpg,5.56
dulyanut33797505255.jpg,6.22
ianbramham42724779364.jpg,6.3
125902172@N0326623705237.jpg,6.31
garnathan44363964684.jpg,6.46
23061481@N064551156570.jpg,6.0
emanf842612727990.jpg,6.7
pixel_fan37598856064.jpg,5.33
jelle-s42811201885.jpg,6.83
125881398@N0723229107116.jpg,6.55
eggii37399311226.jpg,6.67
klauskehrls40890893944.jpg,7.6
kelleyleigh4423364321.jpg,6.62
todorrovic45129636721.jpg,5.93
42811534@N0532710780695.jpg,7.65
meliseye36491115476.jpg,7.94
ep_jhu23520527203.jpg,5.48
107700869@N0344102890734.jpg,6.9
meliseye35873684536.jpg,6.44
harakispicture24787219447.jpg,7.21
ohheygreat3664320678.jpg,5.16
max_photos-plus41768266244.jpg,7.32
79266874@N0227510005468.jpg,5.5
133879356@N0830117915087.jpg,7.79
131963089@N0824726291477.jpg,6.46
145895040@N0449809065861.jpg,6.43
jordi-sureda-plantalech39698842861.jpg,5.96
michelcouprie43981350890.jpg,6.25
143881545@N0839084445104.jpg,6.93
katsrcool39750804264.jpg,6.69
47290259@N066719349629.jpg,7.3
138881213@N0639017606324.jpg,6.34
c_theodorou26492283299.jpg,6.64
raphael_images38614857461.jpg,5.92
-ca30774064468.jpg,6.25
askjellr36399792730.jpg,6.77
137253032@N0834601621652.jpg,6.77
100906291@N0213579368185.jpg,5.71
102781775@N0438895822210.jpg,5.7
47290259@N067002466041.jpg,6.76
pilarski_rudy43913323510.jpg,7.59
wilsonburgos24486623222.jpg,6.7
gideon-mccullough42943778751.jpg,5.75
10257132@N0841404754702.jpg,7.04
112664367@N0624657223348.jpg,7.12
soniaadammurray39766444012.jpg,7.04
117099937@N0826143641989.jpg,7.33
143940344@N0644240372332.jpg,7.36
duanemoore40404659864.jpg,6.63
jack_tome32234806928.jpg,7.63
133368617@N0233140648751.jpg,7.11
depressiverealism2777272445.jpg,5.17
128598423@N0222553632582.jpg,5.98
jim_2137064568387.jpg,6.5
vanessaarellano15456840674.jpg,7.28
brodericklogan31943050372.jpg,5.61
s-b-b28007251389.jpg,6.76
109794565@N0539970241882.jpg,6.39
105014879@N0339659907332.jpg,7.2
128531489@N0336720474004.jpg,6.44
alexverweij37173740332.jpg,6.92
stellawind25182140198.jpg,6.7
tclaud30724043137.jpg,6.78
132582070@N0230798454548.jpg,7.05
138881213@N0632307063110.jpg,6.54
dushi8210744523906.jpg,6.23
eilyselyse15338957706.jpg,5.2
132872955@N0332985131775.jpg,6.45
nutulescug36992082465.jpg,7.57
133037723@N0535325957905.jpg,6.02
jchowaniec44280562014.jpg,7.85
elisserenity32709418881.jpg,6.51
yasmine-hens27394951079.jpg,6.0
tamilisoliveira7624118678.jpg,7.29
cheeks6936346244600.jpg,6.46
46414140@N0842164691354.jpg,6.78
132334520@N0325987580177.jpg,7.29
mbatesfoto39482963435.jpg,6.27
philippbolte36717477906.jpg,7.46
red_signal11025398616.jpg,5.09
67717458@N0216212876160.jpg,6.21
larakstudio46243363684.jpg,5.8
sso1139757254340.jpg,7.3
emanuelemazzi47022008174.jpg,7.44
143966226@N0627939928209.jpg,6.33
vangral24870151816.jpg,5.54
michael-p-ryan43205967644.jpg,7.13
140114600@N0641508134095.jpg,5.74
sumarieslabber41950782552.jpg,7.08
61060173@N0737630543045.jpg,6.96
144983062@N0223834803338.jpg,7.36
144729932@N0239427123174.jpg,7.77
97171476@N0040404285911.jpg,5.66
127129455@N0239087122584.jpg,5.5
lsydney42816788662.jpg,5.91
omygodtom29570847197.jpg,6.67
jelly-js26681685428.jpg,5.97
sj-fotografie25228184237.jpg,7.7
desperatejohn6848736019.jpg,8.39
136810694@N0324655956895.jpg,7.21
monegka40841971061.jpg,8.5
mini_malist33247012461.jpg,7.79
ashathestarofcountydown41052122791.jpg,6.91
contrapixel37211254782.jpg,7.92
hpskurdal17108667976.jpg,5.72
131468972@N0240411974685.jpg,7.54
kjkmep44794816564.jpg,7.81
151352566@N0537654034495.jpg,6.94
130881643@N0442389184594.jpg,6.42
131115460@N0336136249663.jpg,8.28
kjkmep47015244591.jpg,7.61
mark_wingfield40903110712.jpg,7.29
125864675@N0431983790024.jpg,7.0
bhala16593647965.jpg,7.27
fossibear6756708893.jpg,5.78
elisserenity25624866281.jpg,7.21
yasmine-hens26545896607.jpg,7.04
131502728@N0639310543800.jpg,6.66
145416336@N0732605249760.jpg,6.36
derodeolifant28002246477.jpg,7.46
yyao143293468660.jpg,7.42
lyngocson40967305341.jpg,8.12
39638504@N0738162026092.jpg,7.42
g01739735156954.jpg,7.81
78362519@N0323461462681.jpg,6.2
loverslostinspace6349471845.jpg,6.53
vgphotoz32497605837.jpg,6.75
applica31225303386.jpg,5.87
152337038@N0331809018067.jpg,7.94
starwizard44737485601.jpg,7.67
132271845@N0531962778484.jpg,5.94
boyfrom_bare25295232528.jpg,5.81
mousielim47590744272.jpg,7.35
withsimone28081769526.jpg,7.03
jarnasen36737461834.jpg,7.61
149012108@N0836173129983.jpg,8.15
afoort38226074334.jpg,7.55
luce_eee13691516764.jpg,7.25
cosimoss25807568768.jpg,6.48
131947100@N0844830359711.jpg,7.48
100184150@N0234072914192.jpg,6.36
128713675@N0526916784918.jpg,7.72
156297092@N0741681846442.jpg,7.15
jenshaggren43503807190.jpg,7.02
the_chimes33956898168.jpg,6.66
bowman6644156715494.jpg,7.86
frekelface4255575188.jpg,6.33
133630378@N0827327063582.jpg,6.36
108362676@N0737400605034.jpg,7.73
120833037@N0627225813768.jpg,7.48
primosavage43703385775.jpg,6.04
sebo2338702010105.jpg,7.67
severalseconds38491712444.jpg,7.79
136548324@N0422084285896.jpg,5.79
ash227633066148758.jpg,7.63
therealmcquaide39652434881.jpg,8.03
gerla-photoworks39350217075.jpg,7.99
149758074@N0434664026176.jpg,7.61
125201798@N0743997793392.jpg,8.38
sculptorli38977092101.jpg,7.33
famasse36563858030.jpg,7.61
155894029@N0326635235109.jpg,7.75
telmofilho5002351392.jpg,6.06
hectorprada32471329418.jpg,7.68
46484616@N0446199128721.jpg,5.71
pszcz939735618120.jpg,7.78
133148000@N0423392556552.jpg,5.79
143622636@N0745458514921.jpg,6.65
meliseye35746351101.jpg,6.77
145014652@N0541361888361.jpg,7.9
137820818@N0431697170926.jpg,7.17
derodeolifant41003254042.jpg,5.81
133943109@N0233933309683.jpg,6.29
132692681@N0838761139154.jpg,6.46
101335342@N0444473996795.jpg,8.07
belabodo36940322252.jpg,6.63
elenaleong28623376497.jpg,7.53
125306959@N0542530514201.jpg,7.71
smile_time_photography32823252968.jpg,7.44
marianna_armata33632660596.jpg,7.9
languitar28099018187.jpg,8.41
rowanhill26774391355.jpg,6.85
djshanu28688097143.jpg,6.0
fabri9316341338995.jpg,6.52
132014049@N0423238090151.jpg,7.33
aatemu39797729404.jpg,7.62
125172743@N0728376846158.jpg,8.32
ben_lockett35926295336.jpg,7.5
monegka45426566111.jpg,7.96
dejanhudoletnjak23883242816.jpg,6.43
joseph_donnelly24643264338.jpg,8.09
afriadi14480427486.jpg,6.16
145683341@N0740512147263.jpg,7.29
ludo_m35048072506.jpg,7.58
mariacristina_casati24305607417.jpg,7.67
98395686@N0722704457273.jpg,6.05
fredrik_lindedal44299107425.jpg,8.6
lukasgordon23958078928.jpg,7.96
yes179120151159951.jpg,5.84
co_photog12032565916.jpg,6.83
giannafou26841102059.jpg,6.64
135675753@N0828448278029.jpg,7.39
166053587@N0831793949987.jpg,7.13
eggii37147270840.jpg,8.15
155376904@N0743586320435.jpg,6.21
crofty13623668697658.jpg,7.06
105921496@N0846536993175.jpg,6.71
fotonormann41048191362.jpg,7.44
alanmc33801195311.jpg,7.56
grizzleur39534391491.jpg,8.07
jyy_sue25893091007.jpg,8.03
132839688@N0841293738914.jpg,7.61
mini_malist43588690724.jpg,7.58
155376904@N0745005995705.jpg,7.82
89973703@N0737250397130.jpg,7.22
79875133@N0434616702825.jpg,7.06
vistodame16278404635.jpg,7.06
152497322@N0543343654732.jpg,5.97
136087992@N0544769349075.jpg,8.0
133606804@N0446901443611.jpg,7.94
adamgibbsphotography30955163517.jpg,7.13
143966226@N0629463026497.jpg,6.33
155635359@N0323908883247.jpg,8.84
dutuciupac29784961897.jpg,7.58
mini_malist46725545085.jpg,7.56
143331600@N0630857495697.jpg,8.43
image-unlimited37266870615.jpg,7.96
stevetaylors36852427304.jpg,8.03
karl_mccarthy32073012724.jpg,8.09
emirato43448368930.jpg,7.17
a350wg37632683495.jpg,8.77
hectorprada32010833168.jpg,8.8
brandonsphoto31069731135.jpg,8.05
134183199@N0329028879177.jpg,7.31
stevetaylors25173337232.jpg,7.46
jfsampsonphotos33312354883.jpg,8.36
101335342@N0440119521803.jpg,8.03
ponomarevsergey42995459381.jpg,7.78
148831690@N0432142700837.jpg,8.06
143644317@N0643978310132.jpg,8.62
5rosa127222719487.jpg,7.9
missinterpretations38495687324.jpg,7.85
157583923@N0433245394138.jpg,7.33
hectorprada43163665660.jpg,7.97
stevetaylors47613102291.jpg,7.62
128721907@N0236291283620.jpg,7.79
138004730@N0328162616519.jpg,8.31
111778568@N0638553502876.jpg,8.15
stevetaylors42121415111.jpg,6.5
