image,score
just_pulling_your_chain447023157.jpg,2.52
tagallo4376938772.jpg,2.49
jarmovalmari7146218059.jpg,2.12
imor766215171786.jpg,2.0
hisgett21594589228.jpg,2.54
pgpeggie1392027810.jpg,1.99
al-q6ry4134538878.jpg,1.9
jaycaps4555989441.jpg,2.56
myruano6809581839.jpg,2.33
48135492@N087156719387.jpg,3.29
mishra_rc14840342022.jpg,2.72
abhi_roy4173191181.jpg,2.21
coreyjbeitlerphotography6860209129.jpg,2.47
fsse-info3596857123.jpg,1.54
nsanyi133431321044.jpg,1.8
147380652@N0432610274141.jpg,1.97
142637831@N0726941985731.jpg,3.34
hgaz9114005675.jpg,2.84
legin1017911657082.jpg,2.82
akiko_photo14964781686.jpg,2.78
rlingayat164989026.jpg,2.25
talundes5453782180.jpg,2.58
shyb67138490.jpg,1.98
fstopfugitive2785012261.jpg,2.85
maribell25821964113714.jpg,2.65
linearclassifier14985681050.jpg,2.17
emilywongphotography5597167936.jpg,2.13
emmaajayne5111067137.jpg,1.99
drowz5557030697.jpg,3.08
livanich3922729976.jpg,2.62
peepet14489717838.jpg,3.15
28873169@N049088921551.jpg,2.43
nuclearjawa15247326815.jpg,2.31
naif-muhammed8213424757.jpg,2.87
3dphoto3599298083.jpg,3.21
oldzzy4731895675.jpg,3.03
128526621@N0615749172171.jpg,2.29
corkysandpiper8591757202.jpg,1.93
dirkjacobs13667495144.jpg,2.71
benoit_seignovert21947404316.jpg,3.9
42474571@N074124971932.jpg,1.69
chriswintle4250950823.jpg,2.77
131841549@N0417500982206.jpg,2.12
mac_theknife8516948609.jpg,2.27
mugley2199548476.jpg,3.33
portt3763537883.jpg,1.75
58898187@N003103892169.jpg,2.28
ueharashogo5517499456.jpg,2.44
swetzel479484505.jpg,2.36
crispin_cresswell3893858716.jpg,2.99
fairydanna3823032371.jpg,3.49
jerbec4562233588.jpg,2.55
sonypic16336605292.jpg,1.83
matthewrmellor17378992111.jpg,2.23
theinternetlegend16851575569.jpg,2.09
justageek2195415708.jpg,2.79
caitlin-ashley3499910170.jpg,2.45
hisgett21594586538.jpg,2.04
bakkerkawake266091024.jpg,2.25
lidiatagnesi5896838489.jpg,2.83
smemon6332762868.jpg,2.79
fsse-info3597665148.jpg,2.05
brucequ4048220398114.jpg,2.62
clauserdamiano14497195715.jpg,2.53
miki0027000397338.jpg,3.11
maiolodaniele20828216066.jpg,3.32
flanker645123052088.jpg,2.35
shalva19487954066576.jpg,2.06
fwwidall2573305077.jpg,3.44
doc_myren6125643323.jpg,2.47
jose_20129440534715.jpg,2.75
optimi9102247019.jpg,3.15
julianocardoso4070486416.jpg,2.73
midland-road33013604395.jpg,2.79
liits6220661809.jpg,3.12
sumedhaswamy3899914054.jpg,3.95
oatsy4039472419312.jpg,2.62
115729979@N0814884321296.jpg,2.77
ilcello1676639868.jpg,3.02
barsk2222032386.jpg,2.78
tjsphotos433021382.jpg,2.75
tommy197916033464968.jpg,3.91
10283384@N001434315481.jpg,3.0
pviojoenchile3023465129.jpg,2.29
baneqs4438190232.jpg,3.3
flipflopgirl5033776160.jpg,2.54
whguy4076925818.jpg,2.76
dannyfoxy3600344132.jpg,3.1
rtencati5454894367.jpg,2.67
janny4jc6844211035.jpg,3.5
crosswordsteve15481815822.jpg,2.94
abdullah_alharthi5167642897.jpg,3.07
crocrocphotos9024587107.jpg,2.79
corb01451937273.jpg,2.69
dtmeasy4463540492.jpg,2.56
moiq83085579422.jpg,2.38
olversdottir3035268129.jpg,2.76
154356272@N0540081183682.jpg,3.71
25041928@N074784760124.jpg,3.17
maurocapogrosso7157589873.jpg,2.45
penny_carlson8416317479.jpg,2.42
xti_guy6245119045.jpg,2.9
sandras_cameras4394901137.jpg,2.56
steve_pines2283726490.jpg,2.29
109646777@N0811323246416.jpg,3.65
100262436@N059552502074.jpg,2.81
23406221@N053096400236.jpg,3.22
me2u_fren3018648896.jpg,2.36
kwingkai3191723496.jpg,3.1
xenoo6325593807.jpg,2.8
emmett_ns_tullos179781786.jpg,2.76
69377540@N036904189454.jpg,3.38
mikey9t8t316273690307.jpg,3.0
craigowaffles5541060433.jpg,3.23
42512803@N049052971109.jpg,2.29
49332365@N085367724285.jpg,3.85
amitanjan4646992100.jpg,2.69
-mirjam-2684518925.jpg,2.35
tommy197916034870779.jpg,3.06
fsse-info3597664980.jpg,2.09
aned3805903780537.jpg,3.37
kendo264082895904.jpg,2.8
jreadbone6962761661.jpg,2.66
floridainvestigator444297510.jpg,3.36
82396783@N0814858959466.jpg,2.78
w0lflady32672620478.jpg,3.02
132377151@N0419964990265.jpg,2.48
97604133@N0521660426300.jpg,3.64
inkista21779244892.jpg,2.85
wireman21007364.jpg,3.12
21133841@N0311890951063.jpg,2.59
50814175@N055449980175.jpg,2.96
103987383@N0410063513996.jpg,2.75
41209563@N004549243458.jpg,3.52
welovethedark516960362.jpg,2.96
jeetster210791619.jpg,2.98
53025265@N046322497669.jpg,2.49
gormankinloch3344320283.jpg,2.61
myruano6809581951.jpg,2.61
szabolcs76206758003.jpg,2.77
tal_axl4143895475.jpg,3.0
sezzles3692161344.jpg,2.62
49602360@N003902470798.jpg,3.16
sanmitrakale5385065092.jpg,3.35
peepet14676047112.jpg,3.48
koennz12635003075.jpg,2.84
live_forever_803644408451.jpg,3.69
nikonfans1438449564.jpg,3.22
pointnshoot2282519409.jpg,2.95
hisgett21782452655.jpg,3.44
photable3596791027.jpg,3.58
maiolodaniele20230949544.jpg,3.34
ecosnake5279841142.jpg,2.3
cloudy_starlight4553937017.jpg,2.95
vrkiran3524041531.jpg,3.02
yodudedan8678920647.jpg,3.29
tamagoro15553330270.jpg,2.84
jwb8410246045276.jpg,2.35
148942053@N0533599836865.jpg,3.29
worb19818403598415.jpg,3.18
87815541@N079716779674.jpg,2.74
emilywongphotography5596586109.jpg,2.9
dopiaza286117896.jpg,2.94
152220653@N0233770405841.jpg,3.29
aj_meaney2132459570.jpg,3.19
95167405@N0416405334355.jpg,3.51
danfish137551857416.jpg,3.31
almusik18738249933.jpg,3.6
crunchie-carruthers14923298056.jpg,3.42
marcosgermano5757821327.jpg,3.99
133698932@N0221703580439.jpg,3.45
ddarno15824562359.jpg,3.74
99668321@N0326484586041.jpg,3.52
gilbertpoh4562135495.jpg,4.17
91131605@N004151798454.jpg,3.44
91822998@N078390737618.jpg,2.77
johnwhite6794392390.jpg,3.54
ii_monkie_ii3402958292.jpg,4.0
william_h6278861011.jpg,3.15
davedehetre4556407885.jpg,3.96
148643650@N0430083287168.jpg,3.15
edarter5326996735.jpg,4.29
17964830@N087000893197.jpg,3.49
joelbramley18638952364.jpg,3.65
134381388@N0619280683376.jpg,3.42
lonesomecrow5550148068.jpg,3.89
130483671@N0432954122758.jpg,3.42
dezzmonz5960525962.jpg,4.11
65812504@N076208253779.jpg,3.88
dgraus6886460530.jpg,3.65
baneqs4438190274.jpg,3.32
swryv4176981407.jpg,3.1
countryboy19492341687571.jpg,3.98
kevinc44411867127.jpg,3.92
dustmaker6651069665.jpg,2.96
mattbeighton5087455350.jpg,3.73
rgalmish6036687483.jpg,3.42
cafuego16272000308.jpg,3.8
olibac4159095559.jpg,3.48
despicable_me__toothless15581631937.jpg,3.65
28003653@N025241435038.jpg,4.23
blondinrikard12270854475.jpg,3.5
hedonblog44601124265.jpg,3.29
volcaniccreatives9337763186.jpg,3.59
ivophoto4u6783166677.jpg,3.23
milesyoutool238595630.jpg,2.74
quinnyandco7147294151.jpg,2.98
61095513@N0713490036214.jpg,4.47
corkysandpiper8591763730.jpg,3.33
rwillia53247522775182.jpg,3.63
sforzim6134852901.jpg,3.46
8810508@N067239324110.jpg,3.52
29261875@N054630395104.jpg,4.11
marcovanderziel5451509704.jpg,3.08
dscans6999161436.jpg,4.44
dvs210543681.jpg,3.01
bangolaidis4532646160.jpg,3.74
45754382@N075256359159.jpg,3.62
stelioscharalambous6039975404.jpg,3.69
burningbracelets5846658802.jpg,3.31
apiira17614807903.jpg,3.38
cbc2775523403046.jpg,3.73
scott_reilly15322279588.jpg,3.84
110732308@N0817122837047.jpg,3.17
serurbano264929178.jpg,3.53
jamestlowe8682046606.jpg,3.48
snutzuk5643506228.jpg,4.3
rene5215359445798.jpg,3.0
18284386@N0214257154410.jpg,3.37
ankheye4593236917.jpg,3.94
bobphoto21762712722.jpg,4.21
mr_chips2853481459.jpg,4.01
silencepotato6040466257.jpg,3.47
pianowow5544068942.jpg,3.29
skynetcreations3578655151.jpg,4.57
richwigley5212538959.jpg,4.6
beefsteak443257832143.jpg,3.67
photo-chimp3933098940.jpg,3.46
nandakumar_krishnan7353441350.jpg,3.34
oddsmedsrud5533159022.jpg,3.73
tom_rintjema4635620188.jpg,3.29
william_h6278861753.jpg,3.04
aotucker7879953616.jpg,3.57
crowdive3484187499.jpg,3.19
cleardrops6320094870.jpg,3.05
remoteisland2280853305.jpg,3.31
suckamc2305656.jpg,3.27
gabrigio6214452578.jpg,2.92
firefighter24-72280152755.jpg,4.25
kalantzo3963056218.jpg,3.99
americanista78200806755.jpg,4.79
adel_bin_saud7146408807.jpg,4.23
deniskochnev17370225196.jpg,4.52
koennz12635003345.jpg,3.61
aacimages2782759882.jpg,4.54
russellbray24889258767.jpg,4.31
53531333@N045260501254.jpg,4.79
catsmad15196720751.jpg,3.82
caitlinhouse4169329151.jpg,4.56
drphotomoto4797574763.jpg,3.96
129654140@N0516187180441.jpg,4.38
c-s-n6803919658.jpg,3.56
148458003@N0734388185883.jpg,4.17
slappyvandelay3606139096.jpg,5.02
jcj626264158849.jpg,4.67
akai091521217367233.jpg,3.45
stevewise6014239200117.jpg,4.06
davidfmorton14163357546.jpg,4.01
rbrownlow5541108992.jpg,4.39
maiolodaniele21221963023.jpg,4.11
szabolcs76584782743.jpg,4.29
95267225@N068766326225.jpg,4.52
134793678@N0520954710962.jpg,4.08
corkysandpiper8590660887.jpg,3.96
karanmehta4661935018.jpg,4.79
123244232@N0216018629618.jpg,3.37
graemlourens20574639324.jpg,4.3
136917878@N0424768939316.jpg,3.78
136200732@N0521461182745.jpg,4.59
piinklady5172546356.jpg,3.98
boombana33547259604.jpg,3.87
postmanpetecoluk32103361462.jpg,4.75
aboyandhisbike3347855745.jpg,3.45
nick_hancock15171407915.jpg,3.34
18284386@N0214442422792.jpg,3.66
springfieldhomer63766256.jpg,4.58
101326943@N0216675285441.jpg,4.41
corkysandpiper8591758170.jpg,4.0
47499987@N086014825291.jpg,3.86
amitanjan4646992368.jpg,3.73
corkysandpiper8590659299.jpg,3.57
franciscodaum9113719588.jpg,4.32
pelesfury1769429994.jpg,4.61
piport7005579564.jpg,4.7
65204458@N048351829468.jpg,4.13
robertlangphotography7162875573.jpg,4.78
corkysandpiper8590658045.jpg,3.8
34286918@N033981072711.jpg,3.76
ymmv3167077340.jpg,4.64
148900336@N0530948077771.jpg,3.59
allan_bruce3013108503.jpg,4.27
nightskyguy619296879995.jpg,5.07
raikyn16707814324.jpg,4.12
athena_s4325226820.jpg,4.25
tballard13831195855.jpg,4.25
130681082@N0227072979534.jpg,3.61
9193821@N062114837775.jpg,4.6
gyogesh3116628906.jpg,3.36
amalialiogas946390175.jpg,3.99
rockmonster20104464636371.jpg,3.89
blacktigersdream14320697746.jpg,4.19
boblawblogger19103220708.jpg,3.62
jmbillings8235319725.jpg,4.33
pippa_sutt4155975113.jpg,4.67
kentkc7005585544.jpg,4.3
uconnbrowns3113006280.jpg,4.62
toxxic2869802280.jpg,4.69
shaheem2595080414.jpg,3.48
marcosgermano5757823945.jpg,4.79
thedoylesphotos5428713765.jpg,3.51
crazytallblond510519036.jpg,3.99
star793227165588639.jpg,3.86
osde-info4074823224.jpg,3.39
astro-tanja7267734068.jpg,4.35
jolanta_gradowicz3579750268.jpg,4.05
duncanh115521516341.jpg,3.95
13721357@N062268939843.jpg,3.94
nichollsoftheyard8154581461.jpg,3.8
127261838@N0821115132523.jpg,4.27
alainhk8902651802.jpg,4.83
dagifguy7146981427.jpg,4.41
marcosgermano5757821317.jpg,5.21
apfrsscf38371874411.jpg,3.92
koennz12635474254.jpg,3.99
sergiocrivelin3422598661.jpg,3.54
126417796@N0515466643261.jpg,4.69
reed-87903978784.jpg,4.49
crystal_rivera8949442218.jpg,4.33
pustovit14146635906.jpg,5.1
pippa_sutt4084500734.jpg,5.6
erroba21587263688.jpg,4.24
124706007@N0515426384275.jpg,4.21
100084465@N0414415769684.jpg,4.41
36538281@N034095408113.jpg,5.81
simonpics1439168483.jpg,5.25
cathyscola37451122094.jpg,4.42
72429880@N0817135841746.jpg,4.24
lionheart9725536086336.jpg,4.96
korra887088739385.jpg,4.48
pankajanand1814427072632.jpg,4.09
119651598@N0814425593184.jpg,4.93
126768606@N0217262374312.jpg,5.58
peterned15458429226.jpg,4.52
mladen_janjetovic10113376345.jpg,4.39
28520751@N064060884233.jpg,4.29
tracy_brown7004168696.jpg,4.79
navydoc4529541388481.jpg,4.86
ashishmalgi2861325421.jpg,4.51
florida_photo_guy8560179211.jpg,4.61
91978908@N038364336373.jpg,5.01
38616259@N043986587389.jpg,4.95
brandonschalk2058211605.jpg,5.38
129828415@N0515934643346.jpg,4.02
shassani7175876525.jpg,5.0
yve-c6244215971.jpg,4.62
edhiker37847953024.jpg,3.89
glyn_ryles15307473980.jpg,4.54
bigcat14us3262186334.jpg,4.06
jrnoded15359553360.jpg,5.04
juergen_trotz16490163388.jpg,4.92
mark_rigler_uk15183792601.jpg,4.56
vks535584796823.jpg,4.15
danielbradley8503638668.jpg,4.47
mayabi5018469070.jpg,4.81
barrobphotos45793499784.jpg,4.08
bongji9150595728.jpg,5.1
16590526@N0714468028889.jpg,4.41
cosperwosper6903253338.jpg,5.09
114535059@N0320387133274.jpg,5.46
-sim-5541061657.jpg,4.07
16590526@N0715709877766.jpg,4.29
davekiddle9314787741.jpg,4.54
91653699@N0032091322964.jpg,4.62
free2bjcphotos1435742498.jpg,3.73
charlesduggar38088282525.jpg,5.33
lbadge27060332188.jpg,5.38
97191624@N0816272074049.jpg,3.83
90707969@N0310765515654.jpg,4.74
anjan038626290475.jpg,5.33
fotopholio7305966338.jpg,4.87
dgriman9773479772.jpg,3.98
lamt184045725.jpg,4.42
-sim-5541589608.jpg,4.56
lawsphotography9892663454.jpg,4.41
charlesduggar45844850405.jpg,5.03
cewait16254410290.jpg,4.44
agx2digi5839768632.jpg,4.92
corkysandpiper8591759230.jpg,4.13
timgalib15730850081.jpg,4.5
10413717@N0828766535190.jpg,4.61
almalmi8044030308.jpg,4.26
chrizzie19791441623375.jpg,4.49
scotteh7489957722.jpg,5.17
jacek62781631661.jpg,4.41
willemdevoogd9317545216.jpg,5.21
dunja4821613054.jpg,4.87
teomandemirhan10351593434.jpg,4.13
grumpypants3425931994.jpg,4.43
douggerman9315593059.jpg,4.81
77399941@N0411651282904.jpg,5.2
s_a_ruh4316380269.jpg,3.93
indigo_flow39304334794.jpg,4.04
dwayne_taylor_photography6649575337.jpg,5.1
marksurry8044863688.jpg,4.39
kendo265728772346.jpg,4.09
23326638@N068402262750.jpg,4.39
130404419@N0316234643855.jpg,5.17
154881882@N0541404786615.jpg,5.5
71885492@N002369604185.jpg,3.93
mishra_rc14838333454.jpg,4.66
leonardofeldmann17757441858.jpg,5.08
corkysandpiper8590661865.jpg,4.08
fergalocallaghan8222524506.jpg,4.5
36179358@N0443004362844.jpg,4.37
146522225@N0530828242932.jpg,4.08
tasosk15336012843.jpg,5.28
nehaagashe8067771554.jpg,4.12
hansolosmojo4317695678.jpg,5.04
hollandi4474528898.jpg,5.12
131378686@N0228556034408.jpg,4.42
koennz12635085165.jpg,4.53
catsmad14520137748.jpg,4.59
mukulb7001287056.jpg,4.33
joeyz5110321089533.jpg,4.5
40789342@N00367545548.jpg,4.52
andrea_dee8485804520.jpg,4.57
wh836441617603.jpg,4.79
16590526@N0711460777896.jpg,5.08
purpleman33491391160.jpg,5.22
felixchai2493716444.jpg,5.6
97894071@N0517404447515.jpg,4.92
tonygartshore42382471661.jpg,4.0
wlazaro9127203766.jpg,3.94
samwisegamgee699331216438.jpg,3.96
_jure_16762805227.jpg,4.5
raman-rambo7616533692.jpg,4.96
127198763@N0718502507162.jpg,4.14
brianluenser3419280719.jpg,4.88
duc_pham16172863521.jpg,4.92
evantrump2939240171.jpg,5.44
101654934@N0822256917798.jpg,4.29
thomas-riecken9539124176.jpg,4.75
100175216@N069541101948.jpg,4.87
rob_a_dickinson15713143782.jpg,4.97
7904662@N027905833550.jpg,5.08
speedwiz16939778391.jpg,5.38
pro_kabsa6482639681.jpg,4.92
gburke6728322955.jpg,5.22
shaundickinson4624862807.jpg,5.61
grant_r9758347645.jpg,5.46
hlk3104018764.jpg,5.66
jdurston20095340227821.jpg,5.12
panoramafan4931986878.jpg,5.1
eddnoble39523175302.jpg,4.99
jhhwild2509934235.jpg,5.49
blondinrikard14683660118.jpg,4.96
perry-pics5085377334.jpg,5.81
spackbackle8676827616.jpg,4.45
125124495@N0214879445915.jpg,5.03
16590526@N0714484295850.jpg,4.84
blasbass13476694694.jpg,5.37
sdsnikon14090260871.jpg,5.24
polarityphotos11972233564.jpg,4.91
danimal17414454392699.jpg,4.95
x37632693520762.jpg,4.59
zen_nith9508206639.jpg,4.88
dphilen20028352120.jpg,5.11
99309457@N079577080807.jpg,5.54
janhuebner22316176960.jpg,5.39
khanusiak12472843985.jpg,5.36
corkysandpiper8591760836.jpg,4.83
jathol10821459363.jpg,5.63
98006763@N029863587004.jpg,5.47
77399941@N0410883696073.jpg,6.12
69318072@N0815412386506.jpg,4.98
johnnysam3259862313.jpg,4.88
nicklucas17365238295.jpg,6.06
jonlelacheur8045289363.jpg,4.69
vukpiper4639415507.jpg,5.65
cosperwosper15956728617.jpg,6.02
132334803@N0821822906841.jpg,5.03
erhewitt508684243322.jpg,6.84
dustdevildiver3103259119.jpg,4.68
124905520@N0814456769736.jpg,5.62
sdsnikon14132832682.jpg,5.17
grant_r7048877399.jpg,5.87
33909700@N026877708689.jpg,5.1
sdsnikon20933272584.jpg,5.6
100175216@N0613118228705.jpg,5.27
richardcosmo2669241129.jpg,4.59
ahmedmohammed29248857737.jpg,4.96
carlos3864716077067.jpg,4.35
camilathiers5183253840.jpg,5.17
brands02205551871680.jpg,5.21
apfrsscf36468553673.jpg,4.31
emreterok3705116669.jpg,5.6
truszphoto14338480331.jpg,6.73
alexey_rogozhin436724089.jpg,4.62
eman6938451219074.jpg,5.36
fgfotonet7143044129.jpg,5.45
klsaxx11039782583.jpg,5.29
krittergirl5365122449.jpg,5.85
lennartb_photography32697653703.jpg,4.8
freddyolsson20050187751.jpg,4.42
themagsters_photostream15508904909.jpg,5.29
pointnshoot16000991493.jpg,6.05
mj_079089963006.jpg,5.1
howardtj43099382511.jpg,4.68
102119643@N0414235349288.jpg,5.12
jayesh_modha8562989384.jpg,5.56
sadagus200013871626474.jpg,5.76
moonraker201215746861700.jpg,5.23
guvnah47374599571.jpg,5.88
anita_e_erdmann4304665362.jpg,5.43
82540879@N0814663615545.jpg,4.75
grant_r3987686601.jpg,5.63
apfrsscf30725023698.jpg,4.3
widget668661808832.jpg,5.84
roddieu221587310568.jpg,4.94
8027240@N0819188137755.jpg,4.89
lovely_lizards_photography15312082614.jpg,5.38
wizmatt12697814565.jpg,6.03
wandeclayt20326961146.jpg,5.65
130549040@N0321630737820.jpg,4.74
albert_sater11946665075.jpg,5.53
blockedroad22255518559.jpg,5.67
theinternetlegend16440555015.jpg,5.07
failedprotostar28915255490.jpg,6.06
pkoen17112257250.jpg,4.71
syamastro21598796370.jpg,4.91
legin10116543766895.jpg,5.25
jinxsi6318546115.jpg,5.34
janelinton209645925.jpg,4.41
98899467@N0215864273166.jpg,6.33
carreon263866393.jpg,5.1
docbertus233887709.jpg,5.06
edhiker3994642384.jpg,5.3
22662216@N054393880294.jpg,5.98
jennystonephotography5377090991.jpg,4.83
izza19676942313765.jpg,6.48
fsse-info9548602267.jpg,4.03
27722615@N033217139151.jpg,5.24
smemon21939278025.jpg,5.05
drpentecostes3885367637.jpg,5.74
59437989@N0421497887310.jpg,5.38
36463157@N086800680166.jpg,5.36
31444993@N064372228940.jpg,6.93
suborbital41886102340.jpg,5.05
ohioplayer11778061617032.jpg,5.78
revdrpepper9574728976.jpg,5.72
bwjones12227483426.jpg,6.01
26345438@N082466314987.jpg,5.88
16590526@N0715197268357.jpg,5.59
bluelunarrose7708939562.jpg,5.77
howardtj38819846861.jpg,4.61
22895884@N0729814813208.jpg,5.3
53991579@N0614619903091.jpg,5.21
visual-universe4134775035.jpg,5.95
22879277@N089487396551.jpg,5.39
28429264@N0716709364091.jpg,5.75
lfc259855793216.jpg,5.61
nicklucas15271655741.jpg,7.0
patriciawoods15290817727.jpg,6.21
lionheart9725538066651.jpg,6.35
moonraker201215440987965.jpg,5.79
atif_peshimam6332078751.jpg,5.78
jonathen9287701714.jpg,6.62
ckourmouzoglou13985649587.jpg,5.92
64242238@N0411118007916.jpg,6.01
themagsters_photostream14888326306.jpg,5.79
bryansimons8404867301.jpg,5.87
dougalug20052111937196.jpg,6.47
cephalosporin3986954662.jpg,6.42
florida_photo_guy2739612529.jpg,4.98
112159948@N0312552041194.jpg,4.8
55876399@N0720907404238.jpg,5.12
steve9993508633076.jpg,6.21
joka20002658579936.jpg,5.17
gavin_edmondstone21040398133.jpg,5.9
skaljac8758604009.jpg,5.62
blondinrikard14683661808.jpg,5.46
97894071@N0517402457312.jpg,5.31
satpreetsingh8297675479.jpg,5.74
louismusacchio30458590747.jpg,4.66
paul_garland2510703886.jpg,5.92
tomcomjr28232244589.jpg,4.79
paulinuk999996136943979.jpg,6.31
blacktigersdream20404047419.jpg,5.21
kapaliadiyar_naturephotographer15365139663.jpg,5.87
124967395@N0822744145875.jpg,6.59
131351478@N0746274592364.jpg,6.07
16590526@N0714932010506.jpg,5.76
soumahbal19424600742.jpg,5.82
georie15786538558.jpg,5.38
themagsters_photostream14911068199.jpg,5.54
truongvinhphuc10867264254.jpg,5.73
silversolo16875006978.jpg,5.45
jozefrutkiewicz11937174416.jpg,5.41
outbj9809417345.jpg,5.34
animcolate8748607155.jpg,5.07
leahburgessimages15557593128.jpg,6.08
154131356@N0729820913208.jpg,5.59
68942208@N0210295817434.jpg,5.49
138702631@N0724015210649.jpg,6.7
borismitendorfer3797311035.jpg,6.79
wayno244820032266842.jpg,5.71
8668250@N0618051333013.jpg,5.53
kennywilliamson21834174942.jpg,5.7
29200508@N056226427093.jpg,5.04
xidius14125772177.jpg,4.7
102686911@N0212280165445.jpg,6.56
flow-bu-pixel20230607945.jpg,4.97
126528189@N0220046969043.jpg,6.19
justindomingue8479534619.jpg,6.73
shaundickinson5371325972.jpg,6.25
154131356@N0741882769000.jpg,5.25
39038793@N0510035450036.jpg,4.96
52836039@N029909141625.jpg,6.3
cho-web11428611203.jpg,6.14
a2kphotography22584513846.jpg,5.42
scotteh8403791027.jpg,5.8
114747837@N0822213962209.jpg,4.97
freddyolsson14641861224.jpg,5.25
howardtj45501787562.jpg,4.88
128117876@N0320643881240.jpg,5.62
129518711@N0719454755990.jpg,5.0
156719529@N0336430436676.jpg,5.09
theunique343702220.jpg,5.01
jamieball834845688989.jpg,6.1
boraxin15071918352.jpg,5.52
rene5231903893860.jpg,5.56
68023559@N0216147175156.jpg,6.02
khanusiak14027772579.jpg,6.33
bruixazul5837601766.jpg,5.21
bbalaji15227970021.jpg,5.51
124706007@N0515403400156.jpg,5.03
darrenpang15796073113.jpg,5.95
wandeclayt15483057525.jpg,6.38
usual-smile8506997992.jpg,4.99
paul_garland3100803145.jpg,6.15
sacheff201210404854435.jpg,6.21
gordyglen3050794697.jpg,6.21
damienweatherley14995693987.jpg,6.44
95093531@N0410877907825.jpg,5.17
127077465@N0815982808392.jpg,5.72
22506517@N0512521235593.jpg,5.75
129073376@N0738852100394.jpg,6.35
64885769@N0821176160153.jpg,4.58
95093531@N0410878221013.jpg,5.43
claudiodelfuoco8116884598.jpg,6.52
dunja6058281851.jpg,6.01
36599408@N024320611754.jpg,5.53
98848232@N0510867661043.jpg,5.26
myrialejean35078763915.jpg,5.26
somebachs21717474135.jpg,6.07
kottlers_in_oz10903511245.jpg,5.54
dmeeds44674805934.jpg,5.21
cursedthing890774183.jpg,5.08
themagsters_photostream10299702626.jpg,5.45
andrebelg21197647693.jpg,5.78
settme34069171038.jpg,5.51
76015333@N0621588345149.jpg,5.56
115851388@N0815573662763.jpg,4.88
fyngyrz2058502921.jpg,6.5
athlos6158350162.jpg,6.63
2loz24847783048.jpg,6.85
jdhancock3658631267.jpg,6.29
markp8217527890732.jpg,7.0
anteriorechiuso15078750064.jpg,6.24
jainbow40012509352.jpg,5.67
8153468@N042863129865.jpg,6.39
iangedge13888310593.jpg,6.21
themagsters_photostream15569982583.jpg,6.53
128117876@N0318026992166.jpg,5.92
rassloff26895027467.jpg,5.22
johndagordon16268990917.jpg,6.42
69712742@N078606852500.jpg,6.16
patgaines42636154925.jpg,5.41
128117876@N0317296493731.jpg,6.38
fs99912725233493.jpg,6.04
88134748@N0311986348153.jpg,6.22
16590526@N0715482082369.jpg,6.73
stevenyoung15705030282.jpg,6.59
lolo_409285337.jpg,5.71
kj_photo9818568514.jpg,6.71
g0rsty10954728846.jpg,5.62
crashysteria16161329013.jpg,6.29
inspiredan15304633525.jpg,6.75
scubapup1782698766.jpg,6.63
ajhaysom18375540445.jpg,6.39
manua519341629865.jpg,5.42
nigelbewley4738812203.jpg,6.75
16271433@N0233710335243.jpg,5.58
lihenko18199540596.jpg,5.79
65089906@N0036419288583.jpg,5.47
smg_c9572200680.jpg,6.07
sarahlarlarfisher33253092728.jpg,6.84
bearseye14142818908.jpg,6.37
-j0n4s-14967611400.jpg,5.5
56002275@N0516811688040.jpg,6.78
catsmad14670103363.jpg,6.37
soranpo6930860884.jpg,5.87
55704549@N0627647031437.jpg,5.91
apfrsscf43089671075.jpg,5.39
amritash_9913850048573.jpg,5.72
kalcass22454703961.jpg,6.48
39396342@N056472413767.jpg,5.88
nicklucas19506482863.jpg,7.17
farhadfarhad4151720425.jpg,7.11
108650655@N0518928424654.jpg,6.88
124967395@N0822269240770.jpg,6.86
soumahbal20116817488.jpg,6.49
gregob2510165660.jpg,6.19
16590526@N0717079948412.jpg,6.94
16590526@N0716786050717.jpg,6.7
42430763@N0428276735969.jpg,5.8
arlete200627763649368.jpg,5.71
gordonrussellott6945048317.jpg,6.86
sea_eye212757227.jpg,5.8
92684950@N059338719354.jpg,6.17
cyyj37264484075.jpg,5.98
germanvidal13155212953.jpg,5.49
eagle1effi6524982019.jpg,6.36
gabysmiley7693433806.jpg,6.0
kj_photo12535050025.jpg,6.31
mauriziodefeudis3893572356.jpg,5.94
world-viewer16150326771.jpg,6.1
robert-5610390614796.jpg,6.2
127963637@N0520199582535.jpg,5.82
forrest-tanaka9127541012.jpg,7.4
ajhaysom16018859107.jpg,6.11
orikain13825070584.jpg,5.8
130734354@N0437960083202.jpg,5.34
22402633@N064887935064.jpg,7.64
edhiker4250716563.jpg,6.78
kendo2612987379505.jpg,6.12
dave_irving23112571411.jpg,6.56
grant_r10806259184.jpg,7.0
farhadfarhad3487476951.jpg,6.82
93709742@N078695317216.jpg,6.55
flipkeat4991253867.jpg,6.28
gastronauten290645309.jpg,5.86
damienweatherley16613172046.jpg,7.12
myuran8316666832315.jpg,6.14
91361438@N0219181766310.jpg,6.82
theharv5824742681360.jpg,6.3
silversolo24922299938.jpg,5.72
littlehandimages46506254812.jpg,6.26
andymilnerastro15489659212.jpg,6.96
89259683@N0421724808428.jpg,6.45
brook_lands13204826764.jpg,6.44
thomas-riecken9976557934.jpg,5.42
farmerswifee16705066315.jpg,6.62
dragonflyhunter22621534022.jpg,6.79
mayte-moya11498842604.jpg,6.56
craigrogersuk37514641354.jpg,5.94
stumpyshells15519207007.jpg,6.1
99704162@N003312157584.jpg,6.62
pj_photos_8684650611.jpg,6.46
aroubin8341771786.jpg,6.38
69792835@N0725714748427.jpg,6.73
131937076@N0319217394176.jpg,5.7
the_kav21123965874.jpg,6.54
63093310@N0812436556555.jpg,6.65
shah650d15344355420.jpg,5.76
bluelunarrose4236606866.jpg,6.13
123182734@N0414392612932.jpg,5.92
3726015005419029.jpg,5.53
fizbot2991768306.jpg,5.66
chrislishman7920113034.jpg,6.68
danielygo6980683972.jpg,6.39
72429880@N0811881722184.jpg,6.75
-j0n4s-14392377733.jpg,5.62
grant_r10194569415.jpg,6.64
astrofreak8127524457187.jpg,5.4
100175216@N069765567602.jpg,6.02
aokcreation7841923126.jpg,6.72
allan_bruce3583097884.jpg,6.82
63977906@N0015670543176.jpg,6.05
artist113112355933274.jpg,5.66
jesspictures14427097022.jpg,5.36
themagsters_photostream10254656303.jpg,5.75
18284386@N0214440407671.jpg,6.27
nicklucas15983719193.jpg,6.69
28090908@N044982897578.jpg,6.46
breeana-duell-photography15996544878.jpg,5.6
millafrost12017634144.jpg,5.46
grahammelbournephotography7385714484.jpg,6.3
jammopics8167391589.jpg,6.27
astrofreak8141671187354.jpg,5.39
emptybelly2418793773.jpg,6.33
runekchristensen22443212281.jpg,7.5
52481081@N085194854206.jpg,6.12
gsfc5836482263.jpg,7.23
sinuskumar7168296520.jpg,7.22
kenb123499550.jpg,7.27
lensnmatter21813409246.jpg,6.6
gimmeocean16210346442.jpg,6.34
119509436@N0632991247550.jpg,6.25
gburke62592163772.jpg,6.28
oregonhiker2409007720.jpg,7.12
davidyuweb16343174256.jpg,8.04
44357023@N0715781989378.jpg,7.1
sarahlarlarfisher10336384873.jpg,7.05
131120470@N0320508012953.jpg,6.14
esoastronomy34201189423.jpg,7.72
joanberry21607209639.jpg,6.43
paulholtom21521727230.jpg,6.7
gburke64062590757.jpg,6.71
ddarno15823308640.jpg,7.3
mag310410562973.jpg,7.15
91811676@N049567916066.jpg,5.99
dreamdeliver9547589476.jpg,6.36
reid200816726604354.jpg,6.37
reid200818344944406.jpg,6.51
iangarfield18685955703.jpg,6.89
clickraa37350225444.jpg,6.0
jinxed_productions_uk5628464451.jpg,7.07
stanzebla20980140840.jpg,6.54
130792849@N0216278018497.jpg,5.92
conradkuiper9617152271.jpg,6.86
-c2k-7687488684.jpg,6.48
49114357@N086695014147.jpg,6.98
staffan-olsson42973671284.jpg,6.33
timnoonan16180202.jpg,5.79
kimtashjian30174850288.jpg,7.32
lenscapbob6488785523.jpg,6.09
pixelda4074248993.jpg,7.18
lirons-nature-photography38835267052.jpg,6.92
duncanamps3300521317.jpg,7.12
109323728@N0621799091735.jpg,7.75
artsylens18111269811.jpg,6.19
askjellr17377214381.jpg,7.19
95076287@N0336876217213.jpg,6.17
asifali198518669194354.jpg,5.99
manua514815904601.jpg,6.92
flickrascal3184867465.jpg,7.36
63977906@N0043681000052.jpg,6.73
pugperro7053822889.jpg,7.92
gmwilliams31856766307.jpg,6.81
joedarcy11860185686.jpg,6.38
miketaylorphoto20539371634.jpg,6.44
144394019@N0632953447398.jpg,5.88
chicagophotoshop13675670693.jpg,7.12
hypergenesb44194512.jpg,7.09
craigrogersuk41740162084.jpg,7.29
100842250@N0215712252885.jpg,6.3
116144968@N0814999846420.jpg,6.08
99178087@N0315005422497.jpg,6.2
93515081@N0010661974174.jpg,6.28
silversolo21146304124.jpg,7.36
amusedeyes14221206638.jpg,6.45
freespirit52867759883.jpg,7.02
ranger5611219026810318.jpg,6.92
jacovdme14849442893.jpg,6.42
136094180@N0643140984350.jpg,5.68
latent0image23482327402.jpg,6.75
the_light_catcher13250731753.jpg,6.37
themagsters_photostream16688083385.jpg,6.33
cameralabs16317135674.jpg,8.12
gsfc5836921385.jpg,7.11
12276006@N0714976568857.jpg,6.49
ajhaysom16036713233.jpg,6.71
-j0n4s-14414485651.jpg,6.67
59018612@N069399747666.jpg,7.68
hipydeus5118943428.jpg,7.95
trish1407313970.jpg,6.47
stephen_ball_photography37224434975.jpg,7.36
-bkphotos-21248473103.jpg,6.12
41002268@N0324838704429.jpg,6.75
raymaj45117734672.jpg,7.15
viamoi3103921484.jpg,7.29
fotografie_berlin16989782401.jpg,6.88
lotharheller42775745045.jpg,5.8
130734354@N0426214548759.jpg,6.07
-j0n4s-14687569627.jpg,6.42
hespasoft31197668938.jpg,6.83
alexmilkis22428059001.jpg,6.01
dietmar-schwanitz14607296966.jpg,6.25
darkframe510071111.jpg,7.86
tbonephotography16791743769.jpg,6.95
jadecheng29816405298.jpg,6.5
tom_fezz21800796392.jpg,7.03
allan_lance16988268255.jpg,6.29
130505573@N0841483832442.jpg,7.04
garnite27790363.jpg,6.77
jchachacha2134846208.jpg,7.86
wdsymington42798342584.jpg,6.43
tantekaethe19260401749.jpg,6.04
smartie858676518148.jpg,6.73
113362615@N0715113540493.jpg,6.16
95823068@N0631935380720.jpg,6.72
halah_alyousef5196283666.jpg,8.09
penguinbush2768719983.jpg,8.05
16177003@N039058395883.jpg,7.92
gseloff40077683563.jpg,6.92
jaredschmidt5369459122.jpg,7.12
dragonflyhunter15376515277.jpg,8.29
125611214@N0714684363157.jpg,6.99
roubs_productions19317012013.jpg,7.92
circledthrice10505654693.jpg,7.12
43039595@N0221595715818.jpg,7.35
graham_paton26195530680.jpg,7.64
cathytangmy17028843952.jpg,6.61
80205804@N0514746022593.jpg,7.75
ricepilot16260691089.jpg,7.12
fergalocallaghan20201393244.jpg,7.1
imran_m13960171229.jpg,6.97
cordan2347178142.jpg,7.0
12276006@N0725594606138.jpg,7.92
anujnair2425180408.jpg,7.65
skhatib10864835366.jpg,7.75
moonjazz15395542353.jpg,6.62
shojib7740395702075.jpg,6.97
kjkmep36254169111.jpg,7.37
jozefrutkiewicz14369617711.jpg,7.08
rene5218480831230.jpg,7.06
gsfc15984763045.jpg,7.62
56002275@N0516970111466.jpg,7.75
yasmine-hens26120960247.jpg,7.67
kevenlaw34922093792.jpg,6.81
yasmine-hens27025857106.jpg,7.05
tom_fezz21624556480.jpg,7.51
aldowayan5084097092.jpg,7.06
spammie3312065050776.jpg,6.61
kjkmep46208742745.jpg,6.73
42547628@N0410851636064.jpg,7.27
mateuszkoziatek22069347743.jpg,8.0
78076237@N0714419831900.jpg,7.16
101308687@N0216920518915.jpg,7.25
davidedelre14870350788.jpg,6.91
avdhoeven15775608049.jpg,7.42
dietmar-schwanitz14667450028.jpg,6.94
31309077@N0412548726504.jpg,7.86
yasmine-hens32105224576.jpg,6.84
126577243@N0821485000162.jpg,7.36
melissa_jmh37997550364.jpg,7.38
trona30929143338.jpg,6.34
keithtucker13015858273.jpg,7.31
143076455@N0739492463042.jpg,6.25
maupetit16643291153.jpg,7.92
45626197@N0616643384775.jpg,7.12
12276006@N0742617970445.jpg,6.54
starwatcher5511905789226.jpg,7.84
tasosk15533368748.jpg,7.25
jacovdme14786037818.jpg,7.07
jesspictures36680469383.jpg,6.44
bahketni2360417243.jpg,7.7
martinjurikphoto14733625637.jpg,6.78
manuelhuss28546065061.jpg,7.69
rutschi6521766116802.jpg,6.84
132485286@N0330999271196.jpg,7.07
41002268@N0346377583112.jpg,7.28
skynoir32307950745.jpg,7.33
pinky017320826582039.jpg,8.0
chicagophotoshop9583004412.jpg,7.5
andystones6446433462031.jpg,5.97
lhk_images37807721706.jpg,7.25
davidredfearn28291948539.jpg,6.58
lettieofelpaso32678144662.jpg,6.55
125856175@N0416623646468.jpg,7.13
jeanniedee20898662902.jpg,7.05
