image,score
zeobrik3159972569.jpg,2.88
xany1895806443.jpg,2.77
lonelybob2046155619.jpg,1.94
dereckvon1942728297.jpg,2.92
vallys_baxter2574411577.jpg,2.35
pgamba622908918174.jpg,2.65
laurendigiorgiophotography4389262722.jpg,2.56
leebennett4143590037.jpg,2.41
brendofelipec4608691101.jpg,4.19
sir_stephen_19683236819515.jpg,1.7
acetosa8882292907809.jpg,3.2
silandi4867756844.jpg,2.09
evasmiles2337141651.jpg,2.69
heredero5198212706.jpg,2.98
jojo71365543309.jpg,2.63
31969140@N064534291622.jpg,2.76
58766126@N026162925460.jpg,2.6
mironabside611224026.jpg,1.94
anand_c7197058042.jpg,3.77
pansa3098604543.jpg,1.97
nelsonmello2822690775.jpg,2.33
37058663@N043902782305.jpg,2.66
trippyg4795276257.jpg,2.38
elesamu818892743.jpg,1.69
bobdonkin4809633230.jpg,3.85
redroom_studios834100603.jpg,2.44
12104410@N073053818470.jpg,2.2
ron_ciervo5578115285.jpg,2.71
squeezephotography6718859367.jpg,3.21
wyo923399347030.jpg,2.29
giuls802323882583.jpg,2.75
riaskiff2177431286.jpg,2.29
markjsebastian1670397010.jpg,1.76
go4action3255321925.jpg,3.07
zenog110141801.jpg,2.88
jbalfred4481865734.jpg,3.31
23808616@N082850290569.jpg,2.96
nicolespet1471856910.jpg,2.77
buecherwurm576365493.jpg,2.9
mvanden_153936120263.jpg,3.25
thebeatys428360190.jpg,3.52
pquero623697619.jpg,2.72
jpinlac4730004816.jpg,2.21
38197343@N024549818176.jpg,2.64
allieherbert3814654639.jpg,3.58
jefferydavid2434726590.jpg,3.23
davidhmckphotographs5679311621.jpg,2.77
49344475@N035819270510.jpg,2.07
insecureproperties4304347831.jpg,2.35
jmaff5916376311.jpg,2.4
av_producer69685048.jpg,1.68
9032303frog3325444652.jpg,2.83
mormax3363430169.jpg,3.0
49344475@N035818718223.jpg,1.13
jo0oly_934344193628.jpg,2.28
infobunny3494602445.jpg,1.72
mei_ao35891415760.jpg,4.02
31593140@N053431030629.jpg,2.78
17089351@N001384780361.jpg,4.17
ianbramham4184658320.jpg,4.14
17773534@N032250244034.jpg,3.48
fernandovega91503549.jpg,2.27
flounder_whistl2207798726.jpg,3.26
clender257187900.jpg,2.2
mr-pan3325543546.jpg,2.75
48354438@N065445377991.jpg,2.69
81124164@N005405468839.jpg,2.9
crysse4853104700.jpg,2.08
ruoxinyi3619530521.jpg,3.76
clack225448398.jpg,3.25
piano4film4100192050.jpg,1.73
jo0oly_933767441686.jpg,2.62
26017588@N024166083716.jpg,4.76
kahn773091633300.jpg,3.67
epochjourney2740579924.jpg,2.49
bom_mot4923445718.jpg,2.21
android_85793606069.jpg,2.17
bagelradio2903415727.jpg,2.53
stainsofblue4648081767.jpg,2.57
timstravels5361559591.jpg,3.53
169798115626617683.jpg,2.12
8981206@N023546113180.jpg,4.01
moch903793861844.jpg,2.13
wandering-eyes153952206.jpg,2.91
gulfcoastbenchreport5834611702.jpg,2.5
talsi12449038422.jpg,3.5
34445552@N054030066944.jpg,2.3
specsmachine3845108675.jpg,2.76
rusho4780158062.jpg,4.03
32121995@N064498635878.jpg,3.04
impl69sion4532052946.jpg,3.54
oniblis2699123522.jpg,4.2
mun23469152823.jpg,3.05
samidoodle3049805576.jpg,2.79
andylan37122776074.jpg,4.17
5353754435281934637.jpg,2.31
peter_leigh50385265321.jpg,3.18
tatiana-yurkova-veer295200655.jpg,4.19
136203181@N0424293133584.jpg,3.33
smphotos254831438566555.jpg,3.41
10647023@N042552379340.jpg,3.33
iakxos35162704564.jpg,3.69
138404279@N0429795529592.jpg,2.79
blackcat8328582025601.jpg,4.04
donatellina617326954026.jpg,3.33
angelwerx51390711933.jpg,4.2
martcell42536668944.jpg,3.96
dasa_images49999549881.jpg,2.54
xaiya115493719.jpg,4.2
mauriciodelia155120562.jpg,4.48
10433743@N0648801912558.jpg,3.56
separker28898069544.jpg,3.48
186338256@N0351165385646.jpg,3.93
emayoh522020026.jpg,3.33
151263129@N0437816981985.jpg,3.48
mrtambourine13556726889.jpg,4.17
151091364@N0727501428097.jpg,2.96
riaskiff2217613723.jpg,3.28
125310264@N0325565772943.jpg,3.07
belmakorpintens2831452321.jpg,2.81
131000719@N0431582996418.jpg,3.58
132434653@N0623955178857.jpg,4.66
jitendraapi4277610807.jpg,2.5
sleeplessaquarius51102335722.jpg,3.29
129685504@N0330113129687.jpg,4.1
pinkvillemusic3252397674.jpg,4.38
tishay2868829491.jpg,4.73
163605973@N0242566048761.jpg,3.83
web-betty51271264874.jpg,3.34
constgv16818478599.jpg,3.78
24605423@N0050287168282.jpg,3.84
42895586@N0431768673174.jpg,3.17
rhobintudyk4907102693.jpg,3.74
24897381@N0747107642051.jpg,3.06
deepereyes3592519141.jpg,3.18
popcorn-lollypop5327332500.jpg,2.46
incognitadelmistero3477953972.jpg,5.54
40874027@N0746754846381.jpg,4.46
94809589@N0440351666700.jpg,4.48
jimbob_pgh23737872512.jpg,5.37
florida_photo_guy51049438993.jpg,4.2
40431748@N0344859785642.jpg,3.75
pedrorufomartin27631440532.jpg,4.13
114796866@N0814132010668.jpg,3.73
hopemanfoto41280125741.jpg,4.27
hopemanfoto24927219057.jpg,4.38
veejayidaho31465998764.jpg,3.83
7726981@N0833519370904.jpg,5.15
190096523@N0750317564567.jpg,3.63
monicami18842651659.jpg,4.42
anvilcoud43156728392.jpg,4.83
noiseburst33123423478.jpg,3.95
turatti31856601766.jpg,5.45
rockugraphy51034405617.jpg,3.66
49243887@N0626145687126.jpg,4.05
stergr45784107465.jpg,3.56
lenzmaan47463082541.jpg,3.29
ecstaticist29926606025.jpg,4.29
freederry40104228041.jpg,4.42
javierpalaciosprieto26081489867.jpg,4.48
24311110@N0039717413914.jpg,3.33
105068453@N0740525633713.jpg,4.2
123518694@N0227126839371.jpg,3.86
byzantiumbooks46675631884.jpg,3.38
joeyz5151016827297.jpg,3.98
komotini493080460172.jpg,3.79
162383221@N0446434196275.jpg,4.56
10433743@N0630627651892.jpg,4.3
hollyjauch26723503665.jpg,3.37
144310854@N0537612949191.jpg,4.31
stevehopson1397124315.jpg,4.26
99193128@N0439839370315.jpg,3.46
130615904@N0850048965432.jpg,3.65
99193128@N0440017018444.jpg,3.19
133898690@N0743882661754.jpg,4.09
peetastn4045275057.jpg,4.97
jahat3214608907.jpg,4.33
94766819@N0725383231301.jpg,3.86
90139264@N0729802740067.jpg,3.67
97667294@N0826258374761.jpg,3.59
75178137@N078527650485.jpg,4.0
doeth48321280892.jpg,5.13
141781847@N0250776431868.jpg,4.08
126803502@N0824522447187.jpg,3.92
ido50812161756.jpg,3.44
andiealmeida2689097964.jpg,3.82
33929747@N0750856099517.jpg,3.46
pixel1718275552484.jpg,4.42
angelwerx51381093418.jpg,4.7
55873432@N0438246705485.jpg,3.58
193164198@N0551342503919.jpg,4.92
karinaspics1479346232.jpg,3.97
29487672@N0739073030731.jpg,4.38
183224481@N0750695192266.jpg,4.9
29487672@N0737559400434.jpg,4.59
dylonorion36457833521.jpg,4.77
lionelclaeys40195281495.jpg,3.11
marekpupak29117586787.jpg,4.69
oscar_penelo30888759324.jpg,5.23
143532533@N0831429668196.jpg,4.08
144265228@N0628874598670.jpg,3.21
stevenweng50411516978.jpg,4.99
kimikaying50038305008.jpg,4.27
judifitzpatrickstudio51202061020.jpg,3.64
nothurnnus37557246795.jpg,3.18
82200290@N0248369497847.jpg,4.58
marco_koopman17370659711.jpg,3.79
blgervais46486248664.jpg,4.33
mari4ever5730092806.jpg,4.92
29557420@N0530472959173.jpg,4.48
grzegorzpolak30365747838.jpg,4.21
142150560@N0651094136517.jpg,4.38
64520211@N0449381302443.jpg,4.42
79915086@N0844193495921.jpg,3.76
dewbridge30153746438.jpg,4.44
iliyanyankov23636103391.jpg,3.66
50839749@N084958663223.jpg,4.77
127305067@N0719009518242.jpg,3.65
24897381@N0750026024398.jpg,3.31
125725157@N0425012987386.jpg,3.9
andrefromont49948119517.jpg,3.04
129069072@N0526860150724.jpg,4.25
bartshore51217077710.jpg,3.68
aylabeatriz34577584403.jpg,5.49
163605973@N0229775471238.jpg,3.95
kevinkeller5720601731.jpg,4.57
wandacornelia26774254683.jpg,4.54
thelastdon50067864402.jpg,3.98
130994636@N0417857569510.jpg,4.92
84265607@N001528950913.jpg,4.13
rda-images15663156694.jpg,4.42
81852034@N0744859506512.jpg,5.08
katsrcool35087841920.jpg,5.46
mattbigwood32018014666.jpg,4.6
lasarix33615984863.jpg,5.32
viewphotoshere51070707286.jpg,4.9
shcolsson47023175922.jpg,3.7
79510655@N0825578650542.jpg,3.94
126637119@N0615219529356.jpg,4.88
64783900@N0424437143564.jpg,5.56
130281204@N0648836475462.jpg,4.58
paddyhamilton25688183950.jpg,3.14
29487672@N0734129121132.jpg,4.24
116599746@N0621522162904.jpg,3.8
23306656@N0540106977223.jpg,3.96
rickmillerfoto21813276740.jpg,5.62
81245056@N0547987607947.jpg,4.17
95242824@N0223569812083.jpg,4.29
mfmarcelo20298250785.jpg,4.24
katchauveau34738141051.jpg,4.6
124951870@N0635665572723.jpg,3.98
woodhick39106534380.jpg,4.4
7359038@N0249345880617.jpg,4.72
junibears43035198341.jpg,5.97
7359038@N0249604241016.jpg,4.4
claudiorocha3657319369.jpg,4.5
126446786@N0817719119370.jpg,4.7
robby_van_moor21270025644.jpg,5.12
zawaski40850188925.jpg,3.47
cypressbirch27412878542.jpg,5.3
luenreta40799982631.jpg,5.54
jocarlo18704798176.jpg,4.42
gillesmeunier28253543019.jpg,4.1
47574723@N0326014025124.jpg,4.17
82200290@N0237134378224.jpg,5.04
150397178@N0634226907556.jpg,4.54
cha_hyun_keun20159078005.jpg,4.53
129455283@N0418651144925.jpg,3.58
harryshots18117282906.jpg,4.48
fojo140104022982.jpg,5.47
maranomarco4743274781.jpg,5.97
lilotus3249121188752.jpg,3.92
bernergieu35116366303.jpg,4.95
chrisinplymouth36272506824.jpg,4.57
dollsofmilena49433757752.jpg,4.23
fromkmr49732554758.jpg,3.69
danielborisheifetz50331391451.jpg,3.56
factsandopinions50980083837.jpg,4.38
99966278@N0428448254488.jpg,4.67
153596051@N0244974279732.jpg,4.97
13070711@N0350193651338.jpg,3.84
warren_gates48338543821.jpg,3.82
24036157@N0631442283483.jpg,4.67
56546039@N0649818898562.jpg,4.87
29487672@N0726858507262.jpg,4.3
134095883@N0436353899003.jpg,5.56
endriudb21382753748.jpg,4.95
silvia3116319131576512.jpg,4.06
29487672@N0721380728809.jpg,4.25
amcclaiak3355650349.jpg,4.59
99303089@N0028245314268.jpg,3.86
audreydaltonphotography23074599153.jpg,5.1
rjenvikal24642719100.jpg,4.62
obsessivephotography26335490634.jpg,4.38
soes_billedkunst48908433488.jpg,5.15
k4wea6390437681.jpg,3.71
on_a_mission46702323032.jpg,4.23
marjosfo49795214286.jpg,4.52
187899298@N0750210937063.jpg,5.03
kjerrell50874934893.jpg,4.88
zuraimi21672907040.jpg,5.0
51825820@N0746962356374.jpg,4.96
136760300@N0448113802637.jpg,4.05
107533498@N0816685401109.jpg,3.92
7359038@N0250498818951.jpg,4.66
kckelleher1121506716121.jpg,4.97
woodhick37899311844.jpg,4.7
alanpope35413035114.jpg,4.58
lise-lauregossye36573632973.jpg,4.45
131783757@N0421011149334.jpg,4.6
guidogavazzi40327189794.jpg,4.71
39319291@N0626993914020.jpg,4.3
10944542@N0650108442411.jpg,5.0
hayashina23150008879.jpg,3.96
ramosdeflores33056812650.jpg,4.17
40431748@N0343142623780.jpg,4.95
130281204@N0643101284332.jpg,3.5
curly4249025500512.jpg,4.81
viyan995146079291.jpg,4.17
79915086@N0835562596853.jpg,4.37
svenlaurent48012968836.jpg,5.27
48166939@N0651102937511.jpg,3.75
saucissonsoixantesix28675789707.jpg,4.7
bigham4837050887781.jpg,5.29
rafdegeest200918304487832.jpg,5.78
sisolo21791966116.jpg,4.26
143646341@N0229933906723.jpg,4.61
alanmcintoshphotography25043834677.jpg,4.98
125890393@N0427205167039.jpg,4.58
130790110@N0230361655212.jpg,3.65
ami2amity4251925544.jpg,4.96
juniormarengoni23052281441.jpg,4.79
hard-hat-photography32442129714.jpg,5.41
122188914@N0550671678782.jpg,4.58
janvandark51333700610.jpg,5.17
beegee4945983199154.jpg,4.24
164178514@N0733692347368.jpg,4.54
now-here-this15663654463.jpg,4.89
mybasti50990867521.jpg,4.01
146043270@N0535806459641.jpg,4.5
marcelocoxinha29051399920.jpg,4.6
161471055@N0540069983164.jpg,4.09
81549124@N0743307752864.jpg,3.49
23016207@N0548133761366.jpg,4.33
skipmoore33205512263.jpg,4.08
konbous45393642862.jpg,4.15
vanderimages36592534473.jpg,4.95
22671264@N044458183388.jpg,5.03
victorroblesphotography20311198479.jpg,3.46
red_golf12649734081658.jpg,5.15
soes_billedkunst47219562981.jpg,5.49
130281204@N0634553531062.jpg,5.13
marcusgreco36998478252.jpg,5.25
nau12332492566692.jpg,4.32
137428725@N0322438476050.jpg,5.11
konbous48080935592.jpg,3.94
paultoussaint51239525854.jpg,3.9
s2tdd49734136841.jpg,5.54
miriblue_bear26624279635.jpg,4.95
89238924@N0215111261524.jpg,4.45
124461601@N0715856772223.jpg,4.16
124623471@N0715901199156.jpg,6.08
robshanghai27624135061.jpg,4.24
howardtj49713133582.jpg,3.95
88083500@N0633819801450.jpg,5.83
nousku38989345635.jpg,5.03
162562076@N0644313510770.jpg,5.35
aketh49896582782.jpg,4.7
nickfrost40072269905.jpg,4.92
138732182@N0643122148215.jpg,5.92
beaver_lodge30950667816.jpg,4.8
radijsje48293088762.jpg,4.62
danielborisheifetz49729728442.jpg,4.08
photoksenia36649086886.jpg,4.87
29487672@N0727401726229.jpg,5.33
ennev27946787161.jpg,3.87
adam6am26377645505.jpg,5.11
130281204@N0647541493051.jpg,4.67
131365673@N0249959278607.jpg,5.96
faryndale49926697113.jpg,5.79
182851599@N0648584326642.jpg,5.37
helenabragafotopoesias3702234229.jpg,5.19
jose_edit14836698839.jpg,5.6
thelastdon37236752371.jpg,5.05
94582967@N0324892776783.jpg,5.17
artisblues33365262178.jpg,4.67
100470025@N0840541697301.jpg,5.84
christianmeister50453301957.jpg,5.2
whiteface_greeneyes4306432670.jpg,4.04
130281204@N0648836477647.jpg,4.79
146259160@N0335812920551.jpg,5.46
ebcreation35917134571.jpg,4.6
grenzeloos130482249595.jpg,5.11
kimeu00726236791372.jpg,4.16
147910513@N0632708139898.jpg,4.61
marword47557448871.jpg,4.55
165776414@N0550935689051.jpg,5.3
dilly201249640914916.jpg,4.87
korneliakobiela51041065662.jpg,4.99
134278129@N0249998430692.jpg,4.77
150459332@N0248854699237.jpg,5.15
wedeking-photo25179200671.jpg,4.8
karennfld49283221551.jpg,4.86
30590207@N0244837331084.jpg,5.48
24897381@N0750874791813.jpg,4.22
82200290@N0249269418868.jpg,5.01
137413073@N0623291832166.jpg,4.86
valsdarkroom21976369049.jpg,4.88
annakwa8394724726.jpg,4.76
pure_embers51155180038.jpg,5.62
eleonoralbasi16124300108.jpg,4.56
153900777@N0650255849602.jpg,5.33
lemonart28221875401.jpg,5.79
161346843@N0449566610876.jpg,5.24
vickievilla30575675870.jpg,4.21
youlian4725052022.jpg,5.23
morghana_savira48787692552.jpg,4.52
scozmos51123567879.jpg,5.23
26791610@N0027501075983.jpg,6.06
janicelin50182878988.jpg,5.48
127447191@N0820882215011.jpg,5.26
vinnierodrigues26348628576.jpg,4.61
cabbydave25497181894.jpg,5.46
30799937@N044367817022.jpg,4.84
29487672@N0714551036571.jpg,5.89
85474712@N0629228810785.jpg,5.48
97737300@N0322944434380.jpg,4.56
rajanrana28897208373.jpg,5.08
151636188@N0242932138854.jpg,4.96
zeeyolqpictures30571577674.jpg,4.38
gailp2rt15343481369.jpg,4.13
185279376@N0349731541281.jpg,4.74
miket64129459072315.jpg,5.21
134864272@N0229279954183.jpg,4.38
sibillahorst36751801895.jpg,4.52
raffacama4277975909.jpg,4.83
douglas_jarvis39471843535.jpg,5.92
porshiagiselle50948547053.jpg,4.0
el_ramon33226003164.jpg,4.98
fm54to7136616515.jpg,4.83
pngnexus37542211360.jpg,4.29
29487672@N0740515585090.jpg,5.79
uniquva35888369576.jpg,5.4
robshanghai28959197812.jpg,4.64
145114455@N0248794019326.jpg,5.38
jackiecrossley51029834876.jpg,5.24
colpo_docchio9712936662.jpg,5.04
melindagarner46584485295.jpg,4.69
jek7551114799318.jpg,4.02
82611242@N0718894254565.jpg,4.54
8709142@N053211660052.jpg,4.27
shoni114215626074.jpg,3.83
natashaonthetractor31891109315.jpg,4.91
jehane-ramola48484317277.jpg,5.01
ajax80558595011869.jpg,5.36
139500458@N0648571930397.jpg,4.89
66510776@N0417302670995.jpg,5.63
oloarge26281378820.jpg,4.94
george_h_frizzell25991846802.jpg,5.23
125687425@N0235630579104.jpg,5.54
128266155@N0616885186152.jpg,4.03
54224433@N0724599195962.jpg,5.55
cjkeddie48664022822.jpg,5.22
smoodiej49012551132.jpg,5.36
117546289@N0346141554091.jpg,5.08
190429373@N0550639460433.jpg,5.65
29487672@N0741623572084.jpg,5.17
moraypix42952671634.jpg,6.0
arrrrt31145309598.jpg,4.84
110720227@N0833651627234.jpg,5.69
151636188@N0241925001670.jpg,5.65
24848163@N0840438278262.jpg,5.33
sirix30990580792.jpg,5.36
doeth48311195756.jpg,4.9
oloarge26390008281.jpg,4.58
interieurbleu26514522838.jpg,4.34
emeraldimaging15768207880.jpg,5.59
songcatcher39053459654.jpg,3.93
126106106@N0520686485446.jpg,6.09
thom_astro51262614245.jpg,4.98
10649004@N0538748848504.jpg,5.08
124870052@N0842637990015.jpg,4.25
viewphotoshere40492817623.jpg,5.31
lenzmaan46917831544.jpg,4.53
151891954@N0528052550108.jpg,5.02
82200290@N0227243471692.jpg,5.38
137463106@N0443383704462.jpg,4.79
sean_sweeney47722294011.jpg,5.4
dorianasinnett48842611702.jpg,5.2
192787604@N0751230666114.jpg,5.43
pvizdal_photo20743629578.jpg,5.9
16601722@N0810811427933.jpg,4.88
poocher751242374346.jpg,5.31
sonia_sanre27204358188.jpg,4.55
dorianasinnett47844762302.jpg,4.88
120959929@N0335896033476.jpg,4.29
7359038@N0249090441802.jpg,4.34
ndm-photography25321354999.jpg,4.08
130212134@N0732310941814.jpg,5.28
jodisjourneys25562160513.jpg,5.29
186687906@N0849435262587.jpg,4.12
sisolo21065545918.jpg,5.38
jaumezam42297798292.jpg,4.52
71561164@N0049993870473.jpg,5.34
kybelrg24598725502.jpg,5.63
23614976@N0650002159977.jpg,6.29
iecharleton44675478332.jpg,5.17
howardignatius24486761593.jpg,6.4
saucissonsoixantesix28087407887.jpg,6.59
78140489@N0716879611636.jpg,6.3
laurentfadyphotos50502169143.jpg,5.47
hannator31060476392.jpg,5.03
margall6928847650373.jpg,6.12
39613630@N0835963217644.jpg,4.66
carenpolarbears46160114935.jpg,4.61
125557359@N0451392733991.jpg,4.71
mary_ann_roesler40883312031.jpg,5.5
anberlin46907384495.jpg,5.18
fojo143703151361.jpg,6.45
190511729@N0850537601111.jpg,4.66
138835805@N0427807978331.jpg,6.22
130407090@N0326077024718.jpg,6.48
128255209@N0249966420631.jpg,5.29
kiina_s51259650943.jpg,5.29
parismadrid26849390175.jpg,5.69
sopnochora31092861002.jpg,5.28
95383681@N0235093438275.jpg,6.71
withsimone21852279451.jpg,4.83
shinleonheart19834054634.jpg,6.43
ipomar4749998300366.jpg,5.78
tas192749810814688.jpg,4.7
suki_manivannan36271037300.jpg,6.27
91891702@N0648149971597.jpg,5.89
16601722@N0811524633054.jpg,5.55
bluegreyeyegentleman49514938302.jpg,4.5
dorianasinnett47727173671.jpg,6.29
judit_t49795288581.jpg,5.85
164342254@N0846551469425.jpg,4.88
rublev12424360806496.jpg,5.35
89527740@N0426056477395.jpg,6.67
manxmaid200049875681252.jpg,5.47
27922373@N0351178338363.jpg,5.47
simpleman00736893020441.jpg,4.9
silvia311638450009768.jpg,4.79
ritavitafinzi5279962021.jpg,5.54
151397551@N0440773520623.jpg,5.17
141916128@N0543652366234.jpg,5.02
142530625@N0534283468771.jpg,5.35
bavometh_beurling47923027006.jpg,4.64
dietmar-schwanitz27511104770.jpg,5.45
httpwwwnodo50orgimposibleimagescatalogocamisetaspiratagif29451405726.jpg,6.06
asikiphotography50161536693.jpg,5.65
veenanair35560404571.jpg,5.35
rich_gould49736628182.jpg,6.03
dazza104033814562038.jpg,6.29
40874027@N0749381526597.jpg,5.99
baruchin126424399.jpg,5.73
rossendgricasas34579983944.jpg,6.11
136328766@N0649859605672.jpg,5.45
rossendgricasas16969982470.jpg,6.3
rferrer740198612825.jpg,6.02
dvdliu44860020852.jpg,5.27
dmh6448180324552.jpg,5.77
128043657@N0832287812015.jpg,5.37
jezbags33319876124.jpg,6.47
captura6543409684761.jpg,4.24
billyhager48719834587.jpg,5.12
37238991@N0327302982083.jpg,6.05
164701945@N0350732760738.jpg,4.97
164310828@N0849855350407.jpg,5.71
petec2128546566784.jpg,5.6
184517829@N0649424625743.jpg,5.8
139500458@N0648571773121.jpg,5.45
dawnsview43185891694.jpg,5.58
31246066@N0447944392532.jpg,6.21
cristain413201225602088020.jpg,5.62
thom_astro51262614435.jpg,5.54
s_inagaki35334791161.jpg,6.21
183173576@N0348802297193.jpg,5.33
pixieeyes50282204193.jpg,5.29
npaoni49784200848.jpg,6.62
wallimis50729199883.jpg,5.38
luciombre200935113260224.jpg,6.06
lbakoloukas5000527681.jpg,5.62
luenreta35805213951.jpg,4.66
50407299@N0833911582555.jpg,5.5
coollessons200425151123230.jpg,4.92
130413013@N0226620271992.jpg,5.46
65827290@N0250710300533.jpg,5.36
frankfullard30505820345.jpg,5.79
146746106@N0451360538786.jpg,5.45
90024104@N0839359734021.jpg,5.51
151535615@N0749996440541.jpg,4.94
elach33165854428.jpg,4.77
canuckphoto45393452805.jpg,5.8
10032924@N0324048586266.jpg,5.28
howardtj50534379853.jpg,4.49
madsphotofreak37902430551.jpg,5.04
129265841@N0430872841233.jpg,5.69
andyhough20942954110.jpg,6.17
135073685@N0431564937091.jpg,6.2
37316246@N0249840832433.jpg,5.45
saucissonsoixantesix43563299811.jpg,5.9
fojo143703151091.jpg,5.71
132434653@N0637341192784.jpg,6.22
chickpeasrule49998777707.jpg,4.64
janell_carnell19095849718.jpg,5.55
134085348@N0526293540211.jpg,5.9
156081410@N0750660071373.jpg,4.74
momo_beatty17043092651.jpg,4.91
124282538@N0733885654551.jpg,5.73
133443912@N0626876127044.jpg,4.88
reneeb_sl51204051875.jpg,3.54
plusbeautumeurs34369129214.jpg,5.23
139500458@N0648571926447.jpg,5.1
155779671@N0548451342716.jpg,5.29
96499594@N0517000682152.jpg,5.3
97737300@N0322073831246.jpg,4.79
sussetuss7717090864859.jpg,6.0
21892180@N0417228936016.jpg,5.67
4dloveofblythe15839983606.jpg,6.21
jackiematthewsphotography49996503592.jpg,5.17
165972847@N0850676636243.jpg,5.46
16155421@N0644890058414.jpg,5.89
peggy_kalle50522353128.jpg,5.35
thevancouverguy27953567771.jpg,5.55
125629842@N0649996712808.jpg,5.39
135923438@N0533492271093.jpg,5.19
luenreta22935320100.jpg,4.86
harmony-blue49737894228.jpg,5.11
lucylucypa17196039497.jpg,5.96
149823649@N0335607736605.jpg,5.42
artetetra5730084670.jpg,5.58
maranomarco50617113653.jpg,5.62
newexpressionsbytheoldchristine41587769214.jpg,5.55
75184456@N0417398849750.jpg,5.37
135923438@N0526827058617.jpg,5.11
135446933@N0528368434362.jpg,5.44
92769282@N0018843530848.jpg,4.25
156842564@N0849309904033.jpg,4.67
tamakorox48736984477.jpg,6.73
eleonoralbasi25824297430.jpg,4.96
amelieberton17290777322.jpg,5.71
alideniese25860013811.jpg,5.08
135713273@N0624210587974.jpg,6.06
legocityson49573151413.jpg,5.2
157842658@N0848070330772.jpg,5.26
dreamdeliver50473245043.jpg,6.21
writing51188311095.jpg,4.53
missfelisimotoyou27872152114.jpg,5.77
148093908@N0826169889129.jpg,5.99
91378408@N0226306296138.jpg,6.25
klaasvandenburg44577712400.jpg,5.47
82200290@N0247969731392.jpg,6.18
135354756@N0837755041984.jpg,6.73
47000103@N058147939581.jpg,7.08
longreach50135012321.jpg,6.59
151397551@N0448101975762.jpg,6.14
102472425@N0645586376444.jpg,5.72
130281204@N0649994936612.jpg,6.7
130496237@N0841271569724.jpg,6.17
dorianasinnett47417207762.jpg,7.19
90171279@N0035935508985.jpg,5.19
werner_schnell_images25584196723.jpg,6.84
164701945@N0350733588552.jpg,6.63
mindfeather13192277915.jpg,6.06
2006romka50544252243.jpg,5.94
hannelore_b49997575873.jpg,5.54
wackelaugen10778023923.jpg,5.83
silvergold26932200542.jpg,5.14
el_ramon50520496966.jpg,6.63
66517237@N0415426373950.jpg,6.71
erichudson47017457152.jpg,5.87
bjarni199650982617727.jpg,6.36
joeysl48805733368.jpg,6.83
mbatesfoto28815055214.jpg,6.53
110391003@N0714032290601.jpg,6.46
132212220@N0829655044102.jpg,7.03
coolmcflash49753730752.jpg,6.73
126677354@N0623052624513.jpg,6.27
129423280@N0625140663652.jpg,7.25
doug888884542297929.jpg,5.77
30737577@N0026693652677.jpg,5.41
lowrevolution49922589841.jpg,6.14
96160086@N0431696323368.jpg,6.85
mathilda1746350940074.jpg,6.44
elirees19368945124.jpg,5.29
christian_philippe24782476712.jpg,5.58
masterofphotos27657915955.jpg,6.31
frankfullard51030054662.jpg,5.95
162562076@N0645605336342.jpg,5.98
vittoriodellerbaphoto26468396212.jpg,5.9
104890645@N0614075012504.jpg,6.52
rossendgricasas50692719177.jpg,5.88
ndm-photography27485807335.jpg,5.47
146848905@N0840061347225.jpg,5.38
derodeolifant24056223800.jpg,5.61
aylaserg51292212556.jpg,6.71
hartwellphotography47606293731.jpg,5.92
pedro_garcia_01533810399892.jpg,6.47
cmaddison21612321633.jpg,6.11
bellabluestar49200868022.jpg,6.08
95044232@N0325551649594.jpg,5.05
tomabenz19237928335.jpg,6.39
sarahhaleystewart8200215319.jpg,5.94
dtolokonov50382415168.jpg,6.04
mimi090232569137986.jpg,5.71
193223675@N0351252526330.jpg,5.22
kuddelmuddelstore50680238597.jpg,6.04
penguinsailor50224965456.jpg,6.13
eugeng_23456778504.jpg,4.92
seanmrichardson44474126770.jpg,6.34
kirstiecat28236498641.jpg,6.53
25091274@N083199685836.jpg,5.34
bbykeepmyheartbeating3841796638.jpg,6.11
145882555@N0448443685856.jpg,5.04
peony7116858156999.jpg,6.02
pghbuccos21043501610.jpg,5.64
violabuzzi44072828400.jpg,5.49
reyub40105269513.jpg,6.54
pjgv27822936531.jpg,5.55
163878161@N0549997834932.jpg,6.55
martinwacker48749101438.jpg,6.89
leonsetiani25914214685.jpg,5.49
jwhanley32614520887.jpg,5.47
annabarbi49571652037.jpg,7.01
143076455@N0736070552320.jpg,6.04
fondantsurprise31724386757.jpg,5.83
144821054@N0445149793305.jpg,5.1
bvalmont19972105693.jpg,5.87
93067501@N0748701530876.jpg,6.42
ritavitafinzi4150826296.jpg,6.9
danielerossiphoto48085765048.jpg,6.87
krillmerma40079976264.jpg,5.64
drauseaseeker51345878666.jpg,4.83
coollessons200427893117197.jpg,5.5
cgrosskopf48065462608.jpg,6.6
129487633@N0816063167386.jpg,5.96
83194745@N0851162387934.jpg,6.9
grexsys50763223881.jpg,6.33
memoryweaver50841053508.jpg,6.75
129946908@N0432600419445.jpg,6.28
137349496@N0648345075891.jpg,7.3
122159023@N0233460643151.jpg,7.21
168397927@N0848181786196.jpg,5.55
georgea49549997984633.jpg,4.97
186289850@N0849738755886.jpg,6.1
dmh6448171208646.jpg,6.56
90171279@N0048066237428.jpg,5.17
tnolyshooter47056366872.jpg,6.72
66517237@N049976159843.jpg,5.85
yasmine-hens50377463448.jpg,6.34
patiblue24159841780.jpg,5.0
derekmidgley33200620632.jpg,6.11
angelwerx49414229457.jpg,6.0
michael-brunelle33112766026.jpg,4.79
127976186@N0638437499322.jpg,5.04
krillmerma32036676832.jpg,4.98
7359038@N0251362912271.jpg,6.9
120531291@N0224378717116.jpg,6.3
profshot18368809808.jpg,6.22
126962485@N0549757014232.jpg,5.13
theenmoy27859705306.jpg,5.89
saucissonsoixantesix42657917165.jpg,6.38
yveslecoq4887099769.jpg,7.66
lorenzoviolone19890252826.jpg,6.14
diane_rose49998325206.jpg,7.32
vickievilla25244344609.jpg,6.43
156750029@N0349773046853.jpg,6.33
2006romka51271985643.jpg,4.94
xelea134647127455.jpg,6.77
alexander07117750444922112.jpg,6.33
17954089@N0713450888885.jpg,6.62
155330420@N0335056356483.jpg,6.98
joanlopezphoto50078144477.jpg,6.21
27515010@N0422626502467.jpg,6.7
73806732@N0451249582527.jpg,5.62
yasmine-hens49751577923.jpg,7.13
lemonart49569673336.jpg,5.07
yasmine-hens49393328892.jpg,6.73
blakedalry45140650951.jpg,5.76
98491397@N0723888698572.jpg,6.24
frankfullard26544529945.jpg,6.23
francobeccari26141001084.jpg,5.67
ta-koiz9222454116.jpg,5.42
125857418@N0225883924910.jpg,5.44
187098061@N0550738827538.jpg,4.97
albygent24906331938.jpg,6.65
cris_garrido37025096311.jpg,5.99
127521867@N0327539598223.jpg,6.87
128331297@N0427198676044.jpg,7.21
185676756@N0250634494407.jpg,6.71
trinovante48991719112.jpg,6.48
163199244@N0742737424364.jpg,5.88
75184456@N0419427647891.jpg,6.3
darek_drapala22952477210.jpg,7.07
sliepa24255813546.jpg,6.06
130413013@N0226107615344.jpg,6.97
82344448@N0549692480281.jpg,6.28
144122437@N0751256708383.jpg,7.67
bloodybee25602628663.jpg,7.01
106222048@N0625166814511.jpg,7.05
33786947@N0624137218642.jpg,7.3
pati-sl49324846788.jpg,6.11
82463114@N0342581292070.jpg,6.49
jptimmons49255050001.jpg,5.22
eggii40474651503.jpg,6.69
89275439@N0731516874710.jpg,6.21
annarain40131429281.jpg,5.72
elle_florio29516744480.jpg,6.39
jwhanley48860380312.jpg,7.83
gr3g0_6624578442864.jpg,6.37
yasmine-hens29918164438.jpg,6.11
eugeng_20363525472.jpg,5.8
michael_pereira_fotografias30290995795.jpg,7.31
82344448@N0549655337902.jpg,6.08
nzpix50645824211.jpg,6.39
145402505@N0650873281641.jpg,6.73
166151377@N0651172939766.jpg,6.71
mestudiosmicha37944067351.jpg,7.31
157538169@N0249560738622.jpg,5.53
127976186@N0649943192961.jpg,6.02
pati-sl50864082827.jpg,6.35
147518044@N0850275247412.jpg,5.58
100167249@N0742928746492.jpg,6.72
129362368@N0435371621541.jpg,5.92
galina_zitna48292041276.jpg,7.11
127453693@N0322798557318.jpg,5.44
96211389@N0349738075373.jpg,7.63
ceratoll46675370744.jpg,6.51
evolvingengeln37291453490.jpg,5.62
anatyagi6427284182544.jpg,7.03
alessandro_giorgi12454248323.jpg,7.17
94635768@N0431209755344.jpg,6.6
190474469@N0251292860130.jpg,7.05
myrawildmist36017612824.jpg,6.15
1902luce199649897633148.jpg,6.6
grizzleur48860509998.jpg,6.43
bob_wall50811390811.jpg,6.4
182851599@N0649712343202.jpg,6.63
reneeb_sl51208410229.jpg,5.81
81549124@N0732894989068.jpg,6.0
deep_idea5546354490.jpg,5.41
sileneandrade51392787327.jpg,6.98
140682121@N0749997540343.jpg,6.11
164310828@N0850330570676.jpg,6.75
miemoonborn50191507716.jpg,7.16
patrickmilan32162508684.jpg,6.51
lecabri13424732183.jpg,6.61
cyberdel123384390073.jpg,6.94
jg-instants_of_light45079683901.jpg,7.46
ebcreation38205523191.jpg,5.99
neqo_4235523926.jpg,7.2
129362368@N0427453529235.jpg,7.08
aerlinniel_vella46717994945.jpg,5.28
vanclick48133828342.jpg,6.52
136118026@N0231023916635.jpg,7.14
maroylin20577519718.jpg,5.7
94990298@N0520487311114.jpg,6.04
in_inaka49219067007.jpg,5.77
141370389@N0828599499662.jpg,6.86
97529277@N0635875292576.jpg,7.55
mjbella51350591182.jpg,6.22
applica43416402350.jpg,6.15
156178408@N0249997474942.jpg,6.6
seamus_patrick19047491384.jpg,6.87
189570211@N0450296791401.jpg,7.11
108075182@N0426865158474.jpg,7.08
stevechen0744982144181.jpg,7.23
181978777@N0551349593311.jpg,6.28
krpentax46781756695.jpg,5.91
alanpope22536023831.jpg,6.87
126411530@N0551164743787.jpg,6.97
158296050@N0250183168683.jpg,6.4
miemoonborn50914932512.jpg,5.84
40431748@N0349727248788.jpg,7.38
enricodot29843016484.jpg,7.15
saucissonsoixantesix43516410182.jpg,7.04
141951672@N0850208652418.jpg,5.43
157538169@N0250537836322.jpg,6.46
94736249@N0751366274295.jpg,8.06
23614976@N0651323845262.jpg,6.87
gignroll15191619194.jpg,6.0
guettisknippse51120606022.jpg,6.88
marimoon1321740675.jpg,5.7
topfashionista17836595375.jpg,7.43
95044232@N0329038707446.jpg,6.3
michael_pereira_fotografias29635270423.jpg,7.31
141040021@N0851402566468.jpg,7.37
193481528@N0351325106734.jpg,6.56
gormjarl50554401192.jpg,6.39
a_life_shot_in_blackandwhite49887438923.jpg,6.01
stevecrowhurst44548624080.jpg,7.35
155573385@N0424246630467.jpg,6.39
cari_franizzi_pics48635985562.jpg,7.0
182506434@N0651139450017.jpg,6.45
rafaelchacon350507443461.jpg,8.08
1902luce199649897636263.jpg,6.29
capmarcel51001235266.jpg,6.45
pepenera42001499371.jpg,6.12
h_hengelo48067324486.jpg,6.8
pepenera40793355465.jpg,6.62
maffe51214876242.jpg,6.65
147147980@N0450797792288.jpg,6.5
21940787@N0627382593068.jpg,6.92
bernergieu35880115516.jpg,6.6
mahoganysl41125771131.jpg,6.37
flakarolina47066958101.jpg,6.6
139444601@N0530831486181.jpg,6.36
milliepa49210549072.jpg,7.13
95044232@N0350423220073.jpg,5.22
gabi1633806189834.jpg,7.0
17307002@N0249550549942.jpg,6.11
hi-phi50468726.jpg,6.66
alexandre6649739207822.jpg,6.45
pmaried51349210040.jpg,5.76
124870052@N0825493557444.jpg,6.45
piece-of-my-heart3606696486.jpg,5.69
ann_nguyenphotography50926255642.jpg,6.38
wackelaugen24104830812.jpg,6.7
lkbphotographic25719630401.jpg,6.72
184937301@N0551298781332.jpg,5.75
95044232@N0326412385416.jpg,5.59
yasmine-hens36884641180.jpg,7.11
148932751@N0750771305071.jpg,6.62
12934079@N0617229073342.jpg,6.67
47184214@N0333459093050.jpg,6.61
22903885@N0231545594424.jpg,7.23
phredkh50950836093.jpg,6.4
188862896@N0350157067977.jpg,6.04
luaflormoo27417863370.jpg,5.99
belincs48623068358.jpg,6.62
185676756@N0250654494897.jpg,7.17
resatkuleli40515796001.jpg,6.25
102781775@N0435505267640.jpg,6.0
129153719@N0726912710197.jpg,6.46
veeste49727880982.jpg,5.92
patriciastanich43881186234.jpg,6.8
11676623@N0745025466344.jpg,6.72
94635768@N0437500580004.jpg,6.87
158084164@N0332648208247.jpg,6.62
freakshowzsun24149395114.jpg,6.61
mireillel49995945223.jpg,6.92
46484616@N0447129618562.jpg,6.33
lkbphotographic39681955471.jpg,7.04
qmontesano35840922026.jpg,6.67
32648459@N0448786804731.jpg,6.2
ranzino51299043975.jpg,6.92
108382282@N0425175025460.jpg,6.37
191269705@N0851242802872.jpg,7.46
150918813@N0249578674762.jpg,7.28
97018853@N0814638054450.jpg,6.16
191837981@N0851388111242.jpg,7.72
applica24148300618.jpg,7.29
145237886@N0350772141946.jpg,7.53
wandavella47839079662.jpg,6.53
148293862@N0750861367652.jpg,5.97
135846303@N0635074560255.jpg,7.28
65509607@N0846015496074.jpg,6.83
asikiphotography50152762991.jpg,6.65
161275832@N0749076343773.jpg,8.32
allethea28093835568.jpg,7.32
187199226@N0349976476092.jpg,6.79
sadystikasabretooth24463302998.jpg,7.15
129060728@N0337621883912.jpg,6.32
annyzinhphotos26751050535.jpg,8.25
158720550@N0247428601732.jpg,6.8
59926418@N0823699935790.jpg,6.36
hannator31374253760.jpg,7.34
vaaavavoom49667880521.jpg,7.46
155376904@N0749510204757.jpg,7.29
marcelo_montecino4742296.jpg,6.78
thorstenroepke36088213154.jpg,7.35
jessicam_hammontonphotography51224811741.jpg,6.25
bigbadbaz41462589715.jpg,7.32
steve_duman28181575265.jpg,6.46
100234388@N0237241972101.jpg,6.13
96195739@N0849746759978.jpg,6.7
cmhovinga47831454732.jpg,7.41
rayvenous50043967068.jpg,7.17
todorrovic45219348854.jpg,6.71
82200290@N0251117139527.jpg,7.6
mikicabgd23903078790.jpg,7.91
miemoonborn50603567968.jpg,6.01
kikayongho51363345865.jpg,7.94
francoiannello48789845926.jpg,7.38
a-s-t-o-r-i-a37472778451.jpg,6.27
82200290@N0251361891071.jpg,6.95
dav1928054643893.jpg,7.06
hopashinobu35623865453.jpg,7.77
103677187@N0330521723847.jpg,6.55
161278649@N0251398675352.jpg,6.28
justine_lemton31600765004.jpg,5.96
82200290@N0250560934323.jpg,7.27
runacos50618221436.jpg,6.28
angelroxley26599380683.jpg,7.17
steve_duman49725889861.jpg,6.91
blondinchen200914123026123.jpg,8.07
122256055@N0750308808362.jpg,7.38
piratin-6845241343064.jpg,6.81
carlesbaeza35402907500.jpg,7.12
133891120@N0240030700504.jpg,6.78
141356845@N0248132228842.jpg,7.48
109428902@N0246487762805.jpg,6.82
tatiananikolay48307926952.jpg,6.36
shelbywindsor48059395102.jpg,6.91
donald_palansky_photography28615720762.jpg,7.5
132014049@N0438303476066.jpg,6.96
derodeolifant41266000645.jpg,7.44
85553308@N0332294753503.jpg,6.69
ph_otto37402193005.jpg,7.8
clararose50309758723.jpg,8.35
134385668@N0338398360756.jpg,6.66
lendouglas18429311406.jpg,5.89
157314534@N0448909339626.jpg,7.55
mmmlisichka32540693158.jpg,7.83
155863536@N0640661438524.jpg,6.95
emptyinkpen49385530823.jpg,8.34
alessandro_giorgi14272925225.jpg,8.02
journeym50776841062.jpg,7.1
alessandro_giorgi17106586596.jpg,7.98
bluefam19055913595.jpg,7.15
163422660@N0449112822782.jpg,6.61
membaris_grut32261325624.jpg,7.73
143516309@N0849493240121.jpg,7.72
142476138@N0849896450717.jpg,7.59
torstenholst50253473541.jpg,7.88
sweettuttifrutti49640419833.jpg,6.44
hetwie-p49998155797.jpg,6.95
petpetrov49758269572.jpg,7.42
dslr-rookie51207120558.jpg,7.73
96195739@N0849996378201.jpg,7.47
ralphdog50621228041.jpg,8.19
xxstanxx36957412284.jpg,6.35
camillasworld50951226651.jpg,6.32
monikaforman28235644243.jpg,6.56
95044232@N0327183455862.jpg,6.17
alqatam14969201436.jpg,8.36
152387690@N0749650944862.jpg,7.18
moonsoul23421941993.jpg,7.58
ash227647942360923.jpg,7.25
rayvenous49487696578.jpg,7.79
82200290@N0251221637463.jpg,6.69
139647296@N0445350741045.jpg,7.51
soniaadammurray51380978181.jpg,7.47
alfs_flickr39994442123.jpg,7.24
33786947@N0626454529112.jpg,8.22
luizcontreira48349009752.jpg,7.15
rschnaible29337260536.jpg,7.23
ph_otto36031309104.jpg,7.13
fawn_fatal49660322221.jpg,7.05
sculptorli50106840836.jpg,8.02
sunborne51150337540.jpg,6.65
163422660@N0450122272857.jpg,6.92
132708173@N0550938244458.jpg,8.6
141160540@N0447567169972.jpg,6.94
sadystikasabretooth46902272102.jpg,8.3
156807835@N0451315222255.jpg,7.73
156807835@N0451314948374.jpg,7.04
99986429@N0244015760054.jpg,8.18
esale38591372792.jpg,6.51
black_tulip50930367538.jpg,7.94
beuanna49558672767.jpg,7.67
dizzymuse51386709175.jpg,7.55
annyzinhphotos34503839870.jpg,7.88
kryssholmer39627432295.jpg,7.5
167494917@N0651103747722.jpg,7.64
124253104@N0651363149563.jpg,7.79
miemoonborn51372974176.jpg,6.77
anteketborka50154440068.jpg,8.5
blakedevlin51400435461.jpg,7.92
134907643@N0851153513298.jpg,6.44
stevenkemp16754604852.jpg,7.03
aisleaura32626903547.jpg,8.06
