image,score
houry3408326082.jpg,2.25
trykemom2218803336.jpg,2.92
parismadrid6154308062.jpg,2.71
ladyinpurple7337795886.jpg,2.84
56957561@N003695774907.jpg,1.79
biggolf2417227534.jpg,3.15
pcfannet24397161523.jpg,2.32
rachelpennington150755562.jpg,2.81
alisa72482924738628.jpg,3.38
jimbob_pgh7072224537.jpg,3.4
piratas_dos_7_mares4828242341.jpg,2.66
clairegibbs5405971980.jpg,2.09
kjm452170966285.jpg,2.46
90389546@N004626247379.jpg,2.63
31905221@N023026439990.jpg,2.54
yugoq183208994.jpg,2.09
cuppyuppycake9467572920.jpg,2.38
37660404@N075842631162.jpg,2.75
waffles108892320610.jpg,2.49
chickadeed2679466735.jpg,2.62
23190989@N045014456831.jpg,2.26
clickclique3726808090.jpg,3.02
floyfreestyle5602365034.jpg,1.81
alisa72482572749531.jpg,2.91
classyladylegs14599326235.jpg,3.96
24460118@N044173802392.jpg,3.3
almibag2724994355.jpg,3.35
sicilianitaliano2867205147.jpg,2.0
nicholasmartins390352917.jpg,1.75
ollie48724013349515.jpg,2.57
11372905@N024424243669.jpg,3.35
sunny13403003647419.jpg,2.37
memoongirl635305200.jpg,2.83
katiedee4365446955.jpg,3.47
unicorn1236710376505.jpg,2.6
24346129@N022393692721.jpg,1.47
giacominii5303870154.jpg,4.0
18761825@N00548936528.jpg,2.41
kattykinns3322561189.jpg,2.8
24557420@N055062266213.jpg,2.41
kerann3422300470.jpg,2.31
magicattic884608155681.jpg,2.42
ba7reneya_3asola669422501.jpg,3.5
kaptan_ca612566640077.jpg,3.17
andersprintz5777718687.jpg,2.6
woodycheese8219798725.jpg,3.0
28564084671003.jpg,2.34
143512298@N0827749170511.jpg,2.5
hannahs_lens21768162515.jpg,3.29
cherishlovespink743965710.jpg,2.97
parismadrid6154308248.jpg,2.63
impworks2889678766.jpg,3.31
34287392@N065987718397.jpg,2.52
24557420@N052946538269.jpg,2.5
elbeso4689849032.jpg,2.94
hodyfav3984960697.jpg,2.35
nepturamus3138939545.jpg,3.08
ginkgo8828548553865.jpg,2.83
njmommyof3boys6919467546.jpg,3.15
infomastern10190475515.jpg,2.9
susiesphotoshoots3790440968.jpg,2.08
floydee7013992022868.jpg,1.75
beautifulrust4505923324.jpg,2.6
mnb450487960.jpg,3.43
23059510@N062306343301.jpg,3.94
special_grandma409354471.jpg,2.45
23593709@N053194919616.jpg,3.29
78360303@N076870866328.jpg,1.98
abakedcreation2968951365.jpg,2.5
timoteogaspar5565496415.jpg,2.8
bombadil23878669433.jpg,3.02
xandram2630890738.jpg,2.62
janinerussell2334953841.jpg,3.19
14742534@N023101185817.jpg,1.96
12355153@N062799496821.jpg,2.58
36055587@N0616939561572.jpg,2.48
bombadil27444415984.jpg,2.15
chanelchat8084834940.jpg,2.24
61830788@N0312014365624.jpg,3.69
37015678@N0332301113110.jpg,3.1
133629638@N0821388105006.jpg,2.6
iheartcramcream3224966661.jpg,2.21
isadoreberg3040346403.jpg,3.88
emmalamb5786249444.jpg,4.02
patydomingues27525183660.jpg,3.96
126602711@N0615489803206.jpg,2.51
ligthelm5513999253.jpg,3.63
mawie_chan3603065624.jpg,3.06
mnmz22624804338.jpg,3.29
kjm454294761956.jpg,3.65
patmeyer364755584239.jpg,3.26
sicilianitaliano3441112858.jpg,3.5
12104410@N073757013043.jpg,2.54
29290711@N044638683182.jpg,3.6
hexihash7437320596.jpg,4.27
russellwongphoto14382608007.jpg,2.85
jeannot7148678980.jpg,3.71
aspire74554385659.jpg,3.58
10422334@N084572619240.jpg,3.33
21644167@N047812769794.jpg,3.04
cakeebakey4902163770.jpg,3.46
hibiskus-wunder9171021919.jpg,3.46
69864550@N003350199498.jpg,4.37
cindychae4888768605.jpg,4.33
10550313@N0414154869469.jpg,3.71
25996810@N073166746628.jpg,3.19
24557420@N053598048733.jpg,3.71
ladyinpurple2683744013.jpg,3.68
happythings869071939.jpg,4.38
chrissie2003178703319.jpg,3.55
59303791@N001340020433.jpg,3.83
24557420@N055588473657.jpg,4.49
kvaidya6930002670.jpg,2.93
cazzyone17663813883.jpg,3.94
jules792957364677.jpg,3.09
photosbydi716137621527.jpg,3.48
paulasatijn15560756772.jpg,3.25
21644167@N0414682398249.jpg,2.78
debbiehostetler2513712119.jpg,2.82
julielegg4743967344.jpg,2.78
22371451@N062402980910.jpg,3.04
jcbfihhf10250711904.jpg,3.04
62935497@N0223800678361.jpg,3.1
27975485@N045837160721.jpg,3.13
tejanita253404679294.jpg,3.32
queenscents1450653877.jpg,3.5
66541867@N0021590981062.jpg,2.59
rosemarydanielis18457106855.jpg,2.41
kechie-chan218666464.jpg,3.27
houmr135561730263.jpg,3.27
jcbfihhf10250707174.jpg,2.62
lindabowman3573151579.jpg,3.46
chrissie20036085137156.jpg,4.14
geminirj8981990151.jpg,2.3
7877609@N064319274413.jpg,3.5
25488115@N063662614300.jpg,2.56
ninaosmers9680952222.jpg,2.9
billburris1188613396.jpg,3.94
jcbfihhf10250813805.jpg,2.76
voidobjects28990022533.jpg,3.33
rita_freckles2532170282.jpg,3.47
33311000@N002894325762.jpg,3.26
34287392@N064686164853.jpg,2.92
sikaa291106322.jpg,4.44
26797510@N089357010837.jpg,3.33
irene39470872020.jpg,3.67
davidgn3617548342.jpg,3.53
iblushay15418427541.jpg,3.33
118413897@N0618903003489.jpg,3.34
la_bella1465520411.jpg,3.74
29852529@N043470684116.jpg,3.67
bagdadcafe4773644585.jpg,4.79
jasbassiphotography8636813307.jpg,2.92
ekaterinaalexander134241066223.jpg,3.51
yosh_amekago27627448364.jpg,3.98
51605202@N0426765056831.jpg,4.14
138190607@N0623602369516.jpg,3.74
25488115@N066298888579.jpg,3.54
cx-wu26841277746.jpg,3.77
21644167@N0412512098514.jpg,5.08
47249110@N0310215731053.jpg,4.43
31384523@N074524489280.jpg,3.79
joekepieters4908351394.jpg,3.83
rareimagephotography1008016952.jpg,3.53
lou8wil25571121824.jpg,4.32
saravilbergs98249863.jpg,3.25
araswami2606881077.jpg,4.38
132334803@N0821449975654.jpg,4.31
7279921@N033961759667.jpg,4.05
favmark125355110484.jpg,3.89
thelmagatuzzo5818739987.jpg,4.3
picolojojo4222860899.jpg,3.52
nicolaslenaremy29124924750.jpg,3.74
10297079@N033269857924.jpg,4.33
glorioustreats6726629501.jpg,3.51
csuzanne4924517528.jpg,3.96
kvaidya28577781404.jpg,3.69
107852262@N0230268506566.jpg,3.92
thelmagatuzzo5929847643.jpg,4.12
enchantingnature5459824835.jpg,3.77
iloverealestate4339586628.jpg,3.6
67800849@N0325095265185.jpg,4.58
29487672@N0714764512171.jpg,4.27
asarum_images21609876920.jpg,4.15
dorofo250422039963911.jpg,3.77
135213160@N0526750796553.jpg,3.24
10917664@N061308873101.jpg,2.98
goddess463530441767.jpg,4.33
ladyinpurple3296910264.jpg,3.83
celeste7820391354.jpg,4.0
117569844@N0527096740902.jpg,3.06
11462409@N002589765672.jpg,4.12
sara_michael2196816784.jpg,4.11
cielovianzon3479230559.jpg,4.19
101694061@N0220962481204.jpg,4.09
omygodtom20323948150.jpg,4.04
129834572@N0216500350047.jpg,3.87
selenis3201407703.jpg,4.69
105045527@N0313226189093.jpg,4.12
14980862@N033027739232.jpg,4.18
alicemariedesigns521843368.jpg,5.02
marta133765415661.jpg,3.29
bee-ceedee3697700346.jpg,3.38
akebonobeya3433539967.jpg,4.25
93387503@N028747693830.jpg,3.25
davlinste3389869001.jpg,4.29
39699249@N084587321898.jpg,4.23
azyalg3401292426.jpg,3.42
jomak143524068394.jpg,3.71
benjamintheriault15798267062.jpg,3.92
melbo34618585720.jpg,3.95
swamibu2810603583.jpg,3.66
39307070@N025399225055.jpg,3.47
21644167@N044878326652.jpg,5.17
34370937@N0722693186984.jpg,3.79
56075309@N036144945126.jpg,4.26
yanni483482504981.jpg,3.67
hamitey3263949270.jpg,3.51
sdekouadio24581714991.jpg,3.36
80sgirlart17592170936.jpg,3.08
122593684@N0522500902265.jpg,4.17
grazerin25552283233.jpg,4.02
debhut1764642518.jpg,4.14
abrideu-sets6116154775.jpg,3.55
catherinecgray42105323.jpg,3.14
peziphotography13133219173.jpg,4.81
gruesome2663166485.jpg,4.11
21950649@N0716532516645.jpg,4.2
xelor2213494284.jpg,3.95
pjl_images19452636849.jpg,5.24
132462983@N0325264326011.jpg,4.08
117569844@N0527015346322.jpg,4.56
thelmagatuzzo5338956959.jpg,4.61
28327968@N0225759336894.jpg,4.58
68166820@N0817905501392.jpg,4.28
117569844@N0526655246892.jpg,4.59
aires7274703038.jpg,4.62
95815538@N00293004106.jpg,3.83
133446093@N0626695950381.jpg,4.14
157231159@N0336590814586.jpg,3.62
118518206@N0629800243150.jpg,3.69
picolojojo5557696767.jpg,4.55
136595469@N0823563939072.jpg,4.14
ollie_574922592097.jpg,4.46
mamilein3861678746.jpg,4.26
kittywrinkle6811135273.jpg,4.42
127414076@N0522563922626.jpg,4.82
33994534@N063693074608.jpg,3.85
choccupcake27393761593.jpg,4.56
69864550@N002280792675.jpg,4.54
sew-sweet4764539382.jpg,3.67
cx-wu5334729287.jpg,4.73
102709054@N0524731608179.jpg,4.23
maggggie21977805466.jpg,4.28
annfrau2617479533.jpg,4.48
cx-wu27146386305.jpg,4.65
bokis-foto_man26410951960.jpg,4.67
68166820@N0834383477036.jpg,4.12
igork5435043239111.jpg,4.83
cx-wu6040872435.jpg,5.06
mariasherow35293799095.jpg,4.11
43693449@N0524726063992.jpg,5.21
25221954@N044481652628.jpg,5.09
bluehazyjunem2641644780.jpg,3.95
la_bella3405558247.jpg,5.15
30224895@N0025107108703.jpg,5.04
mistydawns3742667810.jpg,4.19
janinerussell3013370239.jpg,4.21
7279921@N033925214739.jpg,4.27
56349968@N0524617975804.jpg,4.53
maggggie13136943804.jpg,4.33
zahirmia481074804.jpg,4.39
tasmifotoz8291475374.jpg,4.17
joka20008086321692.jpg,4.67
abrideu-sets16374667064.jpg,4.42
cokica25339135561.jpg,3.99
61491636@N0321033970798.jpg,4.5
114737857@N0312897754333.jpg,3.84
picolojojo5268629786.jpg,4.32
nycnikonian0073514285228.jpg,5.52
33490836@N083844755261.jpg,3.96
38194498@N064379946565.jpg,5.37
40685807@N0816819649835.jpg,4.84
arekev7116557559.jpg,4.98
haberlea14431701370.jpg,3.89
aspire72890669034.jpg,4.94
28678602@N043297992682.jpg,4.63
flametree22591579547.jpg,3.83
31765147@N079689873364.jpg,4.2
sabinche6051883259.jpg,5.0
tjetjep3613843180.jpg,4.31
91920631@N0525958769373.jpg,4.11
catbosco18361095556.jpg,3.92
bart_rick1052407119.jpg,4.25
64821865@N0819482513409.jpg,4.32
marcovictor4576260150.jpg,3.73
69864550@N002987036064.jpg,5.0
thelmagatuzzo5561850301.jpg,4.81
gr3g0_6613505615604.jpg,3.61
shannonchan7485041820.jpg,5.02
annibel3950648522.jpg,4.52
14980862@N038050419304.jpg,4.37
ballena532303806111.jpg,4.58
diegoantonello2783220459.jpg,4.86
thelmagatuzzo5528719841.jpg,3.94
claudiampm1393964020.jpg,5.11
94881114@N0424853386141.jpg,4.72
69310539@N028519066625.jpg,5.49
134818193@N0624039348704.jpg,4.67
47249110@N038291716933.jpg,4.44
40685807@N0810816552063.jpg,4.75
iloverealestate4941689641.jpg,4.79
moorepix4u2c8570614134.jpg,4.77
43693449@N0525743650546.jpg,4.7
vandaspictures3464625109.jpg,5.47
celeste6168364582.jpg,4.6
archgionni7335232088.jpg,4.28
23198949@N0828449256263.jpg,4.52
acalbright18302666871.jpg,4.03
jannapham2531188581.jpg,3.89
nola_136510379359.jpg,4.54
130593929@N0217280728795.jpg,3.83
21644167@N0414563121719.jpg,5.07
vmelekian21993225445.jpg,4.09
40743443@N054320163934.jpg,3.79
38525843@N043555613671.jpg,5.12
29852529@N048073816920.jpg,5.08
40364278@N059272934105.jpg,4.52
e_liddell15688325875.jpg,4.88
38012066@N0428204223165.jpg,4.62
pierale3802632279.jpg,3.74
maria_jose_almeida2719552916.jpg,4.5
sdpage2963517707.jpg,4.28
rhivu_ray6327047908.jpg,5.2
117569844@N0525684169624.jpg,4.47
mikasato28254028465.jpg,4.23
saravilbergs3391209046.jpg,4.14
meerbabykat3235355356.jpg,5.98
120819794@N0713628666344.jpg,3.88
29487672@N0716075374595.jpg,4.6
jlcummins_photography15331791166.jpg,4.03
59285963@N002346876413.jpg,5.03
117569844@N0525252580453.jpg,4.51
34094515@N0018839423832.jpg,4.26
ale_diana__geaman8241211907.jpg,4.75
fabcakelady3359160910.jpg,4.67
infomastern26100765123.jpg,5.04
lalalands4823512817.jpg,4.64
plitch_plitch17811565384.jpg,4.75
chrissie20031364459957.jpg,4.0
47743368@N0628598012311.jpg,5.64
9422878@N0825270888122.jpg,5.04
chantsign33528510284.jpg,4.84
100143974@N0416907812513.jpg,5.06
52093310@N0628485771143.jpg,5.17
16688871@N0317905328312.jpg,5.29
chrisseee6068700063.jpg,5.42
aeriedesign6231289714.jpg,5.5
mukumbura26761307626.jpg,5.1
stanzim27293423921.jpg,4.09
jarratosh15338288179.jpg,5.21
isapavia6893410360.jpg,4.81
roniyo19374772551.jpg,4.89
93511641@N0317136170348.jpg,5.42
tisdale533868449368.jpg,4.8
scampychamp378153473.jpg,5.54
chiau268208813050.jpg,4.7
greyrose508649045.jpg,5.06
francyyyyyyyy23935402504.jpg,4.48
140548758@N0230107180826.jpg,4.71
flametree24809529386.jpg,3.87
fotomie20098975269301.jpg,4.9
marcipancat5999582368.jpg,5.02
snapsforgeisha760150415.jpg,4.31
56046403@N048233813919.jpg,4.81
10263517@N072937444083.jpg,3.97
khaledak3360465496.jpg,5.83
23631227@N036228590086.jpg,4.62
cher128619040716468.jpg,4.42
noflickr2925211412.jpg,6.83
henry_hemming36962013196.jpg,4.96
yanoks4818613724490.jpg,4.56
picolojojo4421383257.jpg,4.55
23198949@N0826217982340.jpg,5.03
43693449@N0523918091883.jpg,5.87
adettara1765702819.jpg,4.95
stacey_imd20538325694.jpg,5.28
117569844@N0526486147494.jpg,4.51
emiraty911327981106.jpg,4.19
flametree22681395347.jpg,4.37
dh-sthiramani11187535175.jpg,5.62
99390420@N0225866910426.jpg,4.96
28732124@N073664177539.jpg,5.98
130281844@N0725772090613.jpg,4.95
sakura-kame387947601.jpg,4.11
99405820@N0521127491771.jpg,4.79
joka20006202561937.jpg,4.75
117569844@N0527499251055.jpg,5.17
pawprints-photography8634624720.jpg,4.97
zeeleeuw5804936755.jpg,4.79
vickisnature27341251860.jpg,4.98
22769659@N072384807251.jpg,5.47
stgrundy19086419326.jpg,5.23
emilyquinton1212829825.jpg,4.54
wwwcelinestalnl9910792885.jpg,5.74
infomastern26763373735.jpg,5.19
spotteddrum2825382736.jpg,4.16
7271734@N057843216638.jpg,4.53
134818193@N0624782776249.jpg,4.54
adettara7486745472.jpg,6.04
nhamilton35166470221.jpg,5.46
23179744@N032882149691.jpg,4.62
flametree22160222426.jpg,3.95
dart10073862584264.jpg,5.04
26230150@N0811998721326.jpg,4.87
117569844@N0526444078394.jpg,4.5
ddarbela16539779221.jpg,5.57
gitpix15974472629.jpg,5.6
42827815@N0618420289121.jpg,4.85
denisejc1341069935.jpg,5.8
12013762@N045148500194.jpg,4.82
datnhong869161380.jpg,5.1
paulasatijn3491196618.jpg,5.67
43693449@N0526979401085.jpg,4.96
baby74872254078.jpg,5.36
dclick20104510499265.jpg,5.46
solglimt461420392.jpg,6.0
gazman_au20451836848.jpg,5.21
104343515@N0417337549341.jpg,4.99
bluehazyjunem5682854558.jpg,4.73
mamilein5883884414.jpg,5.08
tejanita25311141215.jpg,5.5
21644167@N043794443290.jpg,5.65
ravi-k23834521234.jpg,4.14
jessieleong6069671568.jpg,5.13
svjetlost1506767460.jpg,4.93
chantsign21703945336.jpg,4.17
scorpiol1329511329591.jpg,4.9
56046403@N046735399943.jpg,4.65
chrissie200333976307604.jpg,4.71
bluegreycat985636895.jpg,5.23
wimvanbezouw27219842424.jpg,4.67
syu-28361561486.jpg,4.42
26230150@N088691545996.jpg,4.67
59611104@N0614092337441.jpg,4.85
picolojojo4175643619.jpg,4.29
23631227@N032681010309.jpg,5.13
yelu700793120.jpg,5.17
80011528@N089337939402.jpg,5.23
serchswitch4479068007.jpg,5.37
mukumbura17779631615.jpg,5.14
artsylens2724008416.jpg,4.85
ollie_578408218498.jpg,5.41
60073719@N0426345474764.jpg,4.61
56046403@N048022165321.jpg,5.13
rosemarydanielis19556161003.jpg,5.72
stevenscott10576774604.jpg,5.27
cher1286122115487331.jpg,4.79
abrideu-sets21158217586.jpg,4.71
28461105@N052854268002.jpg,4.79
7524487@N056202989865.jpg,4.17
joka20008648494022.jpg,4.88
janinerussell5054231543.jpg,5.29
bridgy20082773738641.jpg,3.94
pax128804315442.jpg,4.86
ollie_576166216071.jpg,5.35
janinerussell3489605474.jpg,4.97
kjm453010384224.jpg,4.34
iliaal4303003603.jpg,4.73
35628955@N0226995541192.jpg,5.35
30967901@N0730067669413.jpg,5.04
23187053@N043116071925.jpg,4.85
thelmagatuzzo4906853771.jpg,5.58
foryou2see25786935532.jpg,4.82
jwhanley17187417776.jpg,5.58
137248865@N0524558772233.jpg,4.33
40605869@N045693976019.jpg,5.92
23179744@N037233390028.jpg,5.13
marsmith727346929962.jpg,5.12
irene20055588627686.jpg,4.01
8249511@N072291039139.jpg,5.12
24904322@N022844355122.jpg,5.6
infomastern27787427322.jpg,4.74
zstincer11427426043.jpg,4.39
99178087@N0327112745673.jpg,5.28
e_liddell16238695124.jpg,4.42
43693449@N0527501450373.jpg,4.99
me_the_wanderer2260458560.jpg,5.34
pixel_weaver34228068795.jpg,4.89
asug412830354.jpg,5.23
50777853@N0717778610820.jpg,5.25
elisabethadams2973444031.jpg,5.56
131053902@N0826152892605.jpg,5.15
iloverealestate3799738200.jpg,4.56
43693449@N0525852355032.jpg,4.85
149012108@N0830793035291.jpg,4.6
swatimage6990403944.jpg,4.65
joka200010345935533.jpg,5.35
38324696@N00928778872.jpg,5.06
chrissie200330000524160.jpg,4.11
124844778@N0627125685363.jpg,4.67
tdlucas500026445882280.jpg,4.62
onsager8563842880.jpg,4.83
97530381@N0513774114093.jpg,4.66
21644167@N0419380753590.jpg,5.38
pm_clicks27475374782.jpg,5.22
paigebaird2717767210.jpg,4.3
h_hengelo25587524822.jpg,4.56
nemi19686214843066.jpg,4.85
cher128618002260021.jpg,4.62
40605869@N045638357037.jpg,4.58
oki213228509.jpg,5.65
14980862@N035468443824.jpg,5.57
giandysphotocollection15823784629.jpg,5.03
nm_flowergirl13257871774.jpg,5.71
127836661@N0316569698309.jpg,4.81
rattus4531287034342.jpg,4.88
steo7114673773294.jpg,5.92
54679325@N005642973410.jpg,5.77
sabinche419979647.jpg,5.61
roniyo21189739785.jpg,5.49
trameez1212771105.jpg,5.97
gmwilliams15679241422.jpg,4.92
janinerussell3051281526.jpg,5.73
wwwcelinestalnl8945694388.jpg,5.6
aniao3965027765.jpg,5.03
johnofdublin1460663380.jpg,5.39
plitch_plitch15548782574.jpg,5.39
toriejayne5048138392.jpg,6.31
abhishekverma5530495193523.jpg,5.89
115522963@N0515155677870.jpg,5.37
sabinche124861675.jpg,5.65
fotomie20098157830566.jpg,5.64
mik51561017824361.jpg,5.95
mbmoliveira24604074106.jpg,5.2
bagdadcafe6982087296.jpg,6.04
paige-pics516972979.jpg,5.08
99178087@N0326361445153.jpg,6.08
mattcph32873486303.jpg,5.3
lindagail299212614.jpg,5.77
23179744@N037488445160.jpg,5.8
mukumbura32597016264.jpg,5.52
thewarbs115268218312.jpg,5.42
117569844@N0526919247341.jpg,5.45
thelmagatuzzo8437177471.jpg,5.83
49568271@N039216338035.jpg,5.54
123795897@N0226633618314.jpg,5.27
foxtrail1409497343.jpg,5.13
abrideu-sets16967294317.jpg,5.58
43693449@N0526865003420.jpg,5.73
tracyhughes2586473569.jpg,5.26
81445942@N058710127983.jpg,5.61
roniyo25682324740.jpg,5.7
127860470@N0729319141763.jpg,5.83
16155421@N0625042524529.jpg,5.69
bxavierphotography16530918087.jpg,5.41
53477149@N0220365444659.jpg,5.11
flametree20620162668.jpg,4.68
casienserio13523538594.jpg,4.71
30590207@N0234019261124.jpg,4.9
komotini492644581057.jpg,5.71
9550033@N0422275831759.jpg,6.07
whitepinecourt21406320233.jpg,5.62
haribosphotos2368683318.jpg,5.86
stefanfricke33319934465.jpg,5.29
flametree20830619431.jpg,4.98
kawaima_15553154391.jpg,5.05
by_lady_di2440788588.jpg,5.48
bob817028767243.jpg,6.23
70406163@N068004196957.jpg,5.06
chikako_nobuhara16670418283.jpg,5.28
14980862@N035790270926.jpg,5.86
mamilein5534479980.jpg,5.77
40605869@N044299340314.jpg,5.95
borealnz27954402635.jpg,4.87
sarahjj3330868662.jpg,5.32
56046403@N0410955035474.jpg,5.42
81838550@N0329618700672.jpg,5.69
134137669@N0723314817982.jpg,5.75
rebeccar118755042796.jpg,5.4
vandaspictures3299147485.jpg,5.58
mako_peko17566978614.jpg,4.32
melbo34873708231.jpg,5.7
roniyo29985996784.jpg,5.43
8676537@N048705415097.jpg,5.93
130728760@N0828735326456.jpg,5.86
wwwcelinestalnl10995401793.jpg,5.0
tdlucas500023218095805.jpg,5.36
roniyo27045561244.jpg,5.62
beritsundman6808186699.jpg,5.46
carol_collins11419467335.jpg,5.46
platinumblondelife5403562663.jpg,5.3
107543316@N0511911036904.jpg,4.95
silversolo26601522861.jpg,5.9
lisaholdernc17120720896.jpg,5.46
ioankal28784721292.jpg,5.28
moniqe3591826438.jpg,4.94
23179744@N033213069910.jpg,5.37
105050464@N0725204003971.jpg,5.62
99178087@N0327012386322.jpg,4.81
chrissie2003277084807.jpg,5.83
a_picture_is_worth----6981619525.jpg,5.43
30323350@N023018231903.jpg,5.01
niteshbhatia9116803685.jpg,5.88
29487672@N0726687956894.jpg,5.52
aizawasu5688826422.jpg,6.14
127836661@N0322517176302.jpg,5.75
117569844@N0525509622703.jpg,5.52
47490514@N0223137308481.jpg,5.88
picolojojo4810284223.jpg,5.97
bjh107424291830129.jpg,5.45
peterscherub16674962588.jpg,5.1
31903092@N053987368265.jpg,5.58
keith_bowden_photos32887167863.jpg,5.62
30590207@N0234019261154.jpg,5.08
95904430@N0419503363801.jpg,5.46
ollie_575753868713.jpg,5.19
infomastern26395575100.jpg,5.89
mukumbura3332878074.jpg,5.67
maria_jose_almeida2903896609.jpg,5.52
840410114361146934.jpg,5.44
beritsundman4990680029.jpg,5.7
moniqe3482763250.jpg,6.05
47249110@N038254569572.jpg,5.33
alicemariedesigns466185870.jpg,6.06
stanzim26434506624.jpg,5.28
130443954@N0617018938532.jpg,5.27
joka20004030973069.jpg,5.91
bob_wright19731022649.jpg,5.95
halhalli18699721763.jpg,5.54
142236769@N0835827198731.jpg,5.22
43693449@N0527246728821.jpg,5.37
bettycrockerrecipes4977081907.jpg,4.74
43693449@N0527948512730.jpg,5.38
victoriadelena10925941603.jpg,5.33
bluehazyjunem34215971815.jpg,5.19
meadowviewstudios27540472914.jpg,5.01
adettara6790554635.jpg,5.47
pawprints-photography14247207676.jpg,5.11
jk109762221942561.jpg,5.24
silandi22866141533.jpg,4.62
23198949@N0826708899091.jpg,5.84
orionsm23373192871.jpg,5.27
97530381@N0513962677738.jpg,5.29
affinity55780367803.jpg,5.75
mlrogers542539593.jpg,5.12
janinerussell5032125795.jpg,5.54
ksolfjeld27595878064.jpg,5.56
127836661@N0336465839535.jpg,5.16
mszippycat8375865101.jpg,5.22
138211506@N0326677298091.jpg,5.61
konaboy90574067.jpg,5.79
10917664@N061796720448.jpg,5.54
zedzap25514916815.jpg,6.03
flametree21043499945.jpg,5.35
55198400@N0514504592744.jpg,5.89
haberlea27370508041.jpg,5.5
omygodtom20208738780.jpg,5.13
masahiko_futami10639808376.jpg,5.33
43693449@N0526517479323.jpg,5.86
50921686@N0016923494485.jpg,5.3
34425053@N025453209693.jpg,5.59
jandimin530723054.jpg,5.75
special_grandma2841916483.jpg,5.35
wannwannmaru12500768465.jpg,5.4
13354782@N072382523853.jpg,6.54
argosphotos4480990568.jpg,4.96
137702593@N0325737946595.jpg,5.83
fredericgombert24459913039.jpg,5.69
leoladurant17950589212.jpg,6.14
ushmitahira11944193745.jpg,5.88
117569844@N0526587401473.jpg,4.97
jessieleong6508014867.jpg,4.79
celeste4867934926.jpg,6.47
always_busy18483672679.jpg,6.02
87185102@N0017264073985.jpg,5.13
bagdadcafe7004190370.jpg,5.85
52428195@N0213564413284.jpg,4.33
42766545@N0726310146165.jpg,5.15
bob816920811720.jpg,5.27
keith_bowden_photos14625299503.jpg,5.44
lagodigarda186779395.jpg,5.62
marionchantal14029183190.jpg,5.21
mifrira36402091106.jpg,5.68
merrillie20995360539.jpg,5.12
38012066@N0425143764793.jpg,6.13
bluelunarrose5102083266.jpg,6.61
7181801@N027887386214.jpg,5.76
134696025@N0321139152963.jpg,5.33
117569844@N0526251241325.jpg,5.37
infomastern25967400863.jpg,5.49
txabe7002442020.jpg,5.19
goodnatureone10069725165.jpg,5.7
asiandesert19630615654.jpg,5.37
123877403@N0629302631242.jpg,6.03
137207784@N0422585871383.jpg,5.87
gaphiker8736374787.jpg,6.62
queensy5567765854.jpg,5.88
117569844@N0526319629380.jpg,5.64
patiblue2921765496.jpg,6.23
omygodtom20489402681.jpg,5.71
imageclear22429958221.jpg,6.28
38815309@N0430622054544.jpg,6.19
sakura-kame1803897621.jpg,6.11
esther5huis22162652890.jpg,4.9
flametree22415833570.jpg,5.48
akhombre34321839635.jpg,5.55
dimitriospi25907453323.jpg,5.88
123686708@N0527175095980.jpg,5.83
autumnwaters8493488727.jpg,7.05
rebeccaelliott19602121393.jpg,6.46
noracarol2291116625.jpg,6.17
michytz3482885514.jpg,6.37
moni_liza14780218314.jpg,6.5
benshell18646479733.jpg,6.35
zstincer19584627484.jpg,5.94
99390420@N0230103487343.jpg,6.01
99178087@N0327225152866.jpg,6.1
janinerussell8419847681.jpg,6.0
queensy6309211226.jpg,6.5
machris473465747.jpg,5.7
56046403@N0415622759898.jpg,6.08
mlrogers1422999246.jpg,5.68
jill-photo16135583149.jpg,5.65
bycalamatto15161328504.jpg,6.19
108382282@N0416422639226.jpg,5.47
drifs3187806425.jpg,6.84
flametree21176287350.jpg,5.01
145270835@N0735384758576.jpg,5.37
vandaspictures1496789246.jpg,5.61
117569844@N0525978002361.jpg,6.12
shannonlite25622790386.jpg,6.11
23198949@N0826191231824.jpg,6.01
steo7125702586973.jpg,6.0
139056264@N0228853492506.jpg,6.07
aspire73903795521.jpg,6.64
orangey349550767299.jpg,6.27
peterscherub18201388805.jpg,5.7
r_ivanova25758441031.jpg,5.67
rosemarydanielis21220839736.jpg,5.32
129360348@N0634737284245.jpg,5.81
_nise_21202584445.jpg,5.39
8077006@N043228386037.jpg,5.75
100143974@N0413875228203.jpg,5.92
149012108@N0825376136989.jpg,5.7
tracyhughes3104868769.jpg,6.85
130823561@N0232194017650.jpg,5.59
127836661@N0327343921363.jpg,5.71
esther5huis23237046514.jpg,6.42
zstincer14287061590.jpg,5.63
37254912@N0516435657327.jpg,6.16
sundance73527449131.jpg,6.83
56046403@N047934975076.jpg,5.88
wulf00730288703046.jpg,5.63
omygodtom18951765804.jpg,5.07
77411963@N0724853696536.jpg,5.67
86838237@N0414066330546.jpg,6.25
yuccayellow17855982914.jpg,6.0
stanzim27472010964.jpg,5.91
onsager13172949113.jpg,5.85
87185102@N0020348362446.jpg,6.08
126963874@N0527182460711.jpg,5.56
janinerussell17148918608.jpg,6.32
malcom_lang23521752856.jpg,6.17
ninayak550135486.jpg,6.31
131091449@N0224014560844.jpg,5.61
puzzler487914624355263.jpg,5.72
dengee3603849632.jpg,6.29
illawarra16878251917.jpg,5.47
stellawind25856943462.jpg,7.57
abrideu-sets23211521746.jpg,6.48
141357139@N0327076185993.jpg,5.9
fredericgombert28281991202.jpg,6.23
126975242@N0220054103516.jpg,5.58
aeriedesign20511506070.jpg,6.45
30590207@N0235147414112.jpg,5.38
digitallux4684541807.jpg,6.58
130021923@N0731540344694.jpg,5.85
tvwriter2840014148.jpg,6.8
108382282@N0424109015331.jpg,5.7
tresed4730597162754.jpg,6.03
48814374@N006146452492.jpg,6.5
noracarol2092319474.jpg,6.36
99178087@N0327942150323.jpg,5.69
stevetaylors5402439592.jpg,6.11
gazman_au17004238308.jpg,6.1
queensy5712415443.jpg,6.13
janoid402865994.jpg,5.92
30590207@N0230566017181.jpg,5.47
127836661@N0328509011116.jpg,6.98
137207784@N0423150117402.jpg,6.23
illawarra17055781860.jpg,5.35
23179744@N034253784965.jpg,5.91
100087202@N0615581674446.jpg,5.9
13893571@N042847585339.jpg,6.82
josentoos3034815375.jpg,6.47
tilley__black20542187420.jpg,5.7
flametree21901557344.jpg,5.51
esther5huis23677506326.jpg,7.17
77974574@N0316479126374.jpg,5.46
pilechko27381631651.jpg,5.8
janinerussell2891418924.jpg,6.09
joka200018070364908.jpg,5.73
42964440@N0827815635895.jpg,6.06
sherielizabethphotography14832818647.jpg,6.06
zstincer24778635554.jpg,5.63
stanzim24104586293.jpg,5.48
wandavella15287626832.jpg,5.64
sewerdoc3094585560.jpg,5.96
115135909@N0325620703830.jpg,5.72
abrideu-sets25487168241.jpg,6.1
56046403@N047793588706.jpg,5.65
23922770@N063179141583.jpg,5.67
138470676@N0527441778832.jpg,5.87
89550548@N0617732021541.jpg,6.27
126478940@N0219739949526.jpg,5.98
thelmagatuzzo4568246818.jpg,6.46
117569844@N0516756918670.jpg,5.97
rowan__ashlar5820268259.jpg,7.03
99390420@N0227453219996.jpg,6.0
jill-photo15521460702.jpg,6.19
34202025@N086492676563.jpg,5.54
eyesplash3512513260.jpg,6.12
98179361@N0315202757128.jpg,5.52
13634983@N062372121995.jpg,5.93
special_grandma757115990.jpg,6.33
mlrogers3984307061.jpg,7.06
poppis303056864.jpg,5.25
tracyhughes2768213475.jpg,6.15
carolyneaton26342572044.jpg,6.23
flametree22421760662.jpg,5.29
123877403@N0629069677402.jpg,5.63
baby73786628184.jpg,6.43
filsaahmed23733999971.jpg,5.83
bagdadcafe4614288239.jpg,6.75
jamieanderson697061653.jpg,5.17
dphock3335011239.jpg,5.89
24483707@N025624501646.jpg,5.76
130281844@N0727215063266.jpg,5.88
fotomie20098876207765.jpg,6.13
12013762@N043055982686.jpg,6.08
panorama_indah14308586517.jpg,5.85
108075182@N0425873756754.jpg,6.27
31540474@N086271566171.jpg,5.05
langkawi27133447081.jpg,6.27
baby73971774576.jpg,6.14
lacarter25740489474.jpg,5.46
juliek196727589857361.jpg,5.26
gazman_au25497996963.jpg,6.02
emranhoque13996166287.jpg,6.14
127836661@N0317210771135.jpg,5.71
11248476@N0633356666820.jpg,6.19
roniyo24600407334.jpg,6.44
8525214@N061401517939.jpg,5.73
99178087@N0326761681384.jpg,5.86
137207784@N0422453549039.jpg,5.64
grahamrobb19874361503.jpg,6.05
54679325@N004810080004.jpg,6.03
37116665@N044422027641.jpg,5.58
plitch_plitch15520539360.jpg,6.49
vijayphulwadhawa6248873796.jpg,6.2
tdlucas500026429357053.jpg,6.42
joekepieters20757312630.jpg,5.98
33286260@N0019388425608.jpg,6.14
theopendoor16099722650.jpg,6.61
mikasato36882239411.jpg,6.87
g_en_d25143209361.jpg,7.01
123616369@N0532869647534.jpg,6.32
baby73304967926.jpg,6.38
nana03138211662900.jpg,6.71
29487672@N0723836826793.jpg,6.43
angel_luz2963401887.jpg,6.23
rosanacafe16236980377.jpg,6.88
94704573@N0314177775457.jpg,6.08
corkneyfonz6116454184.jpg,6.56
skriesten24836968169.jpg,5.92
91393867@N0027325730490.jpg,6.6
24483707@N0230530536274.jpg,7.06
pearlwinch20031427345.jpg,5.99
23187053@N0420170591654.jpg,6.21
125761169@N0620155119090.jpg,6.42
aushiker25851500393.jpg,6.41
tracyhughes2759514759.jpg,7.65
76772596@N0026931821044.jpg,6.21
126975242@N0224433082675.jpg,6.25
117569844@N0526040728596.jpg,6.39
100701994@N0526168573946.jpg,6.94
shannonlite27288880900.jpg,6.54
24748600@N042451327453.jpg,6.22
brian10420368764733.jpg,6.2
rosanacafe17906945678.jpg,5.83
pearlwinch20494312306.jpg,6.27
yuyulike26857183173.jpg,6.57
108382282@N0425626876751.jpg,5.88
cissalarsson14914001574.jpg,7.14
47093873@N0812747303703.jpg,6.27
poocher734731676285.jpg,6.47
isabeljulia33962814270.jpg,6.65
alanpope27681484571.jpg,6.22
saeah23625271170.jpg,5.94
laurakirkpatrick26175734505.jpg,6.42
tracyhughes3013514041.jpg,7.24
maureenbracewell28579979510.jpg,7.01
47193820@N0823017287841.jpg,6.6
127578142@N0625882160274.jpg,6.44
9550033@N0425666238302.jpg,7.45
flametree27468779203.jpg,6.28
126478940@N0227230413551.jpg,5.96
63649804@N0828061107102.jpg,6.2
borealnz8269469518.jpg,6.66
theenmoy15738393905.jpg,6.33
130823561@N0226169889000.jpg,6.58
127836661@N0327057436812.jpg,6.94
aoa-26540156906.jpg,6.58
roniyo16699699080.jpg,6.34
129648924@N0427703788906.jpg,6.93
mukumbura18229596316.jpg,6.39
pordeshia25715938715.jpg,6.38
47093873@N0827708456664.jpg,6.67
105050464@N0724979683385.jpg,6.28
infomastern26748005705.jpg,6.58
93211533@N0417999191714.jpg,6.15
komotini4914195626813.jpg,6.58
sammikins19766642415523.jpg,6.96
40364278@N056706881267.jpg,6.73
9852245@N065579804184.jpg,6.77
mahip26723066941.jpg,6.38
cluckyjoesphotos18780063251.jpg,5.91
43693449@N0525556417584.jpg,6.83
abrideu-sets22009774043.jpg,7.14
15465292@N0017026532478.jpg,6.83
43693449@N0527150589820.jpg,6.28
13505973@N0524796298309.jpg,6.39
gottcha78566150258.jpg,7.36
pearlwinch18744667988.jpg,6.47
144281643@N0227814282114.jpg,6.3
lacarter25742592643.jpg,5.97
132692681@N0827776719505.jpg,6.13
43693449@N0526558787056.jpg,6.94
joka20008119168830.jpg,5.69
carolyneaton30022777751.jpg,6.67
michaelandannabel25112328959.jpg,6.12
janoid2050328286.jpg,6.45
49511688@N0420698910013.jpg,6.45
nickies453786580.jpg,6.79
a_picture_is_worth----4520551490.jpg,6.88
16706350@N0019280180134.jpg,6.1
113496162@N0216973233776.jpg,6.88
124976195@N0726425439184.jpg,7.03
134864272@N0227274863520.jpg,6.44
137207784@N0422608552851.jpg,5.88
noemiechapron9723128840409.jpg,6.42
haribosphotos2381801865.jpg,6.21
faisals4537397610.jpg,6.38
spotteddrum2368813832.jpg,7.56
silvanunes9676936552.jpg,6.35
77274666@N0627712271275.jpg,7.23
joanacmf16110255455.jpg,5.84
illawarra17035922047.jpg,6.56
rowanhill14479580476.jpg,6.52
cluckyjoesphotos20847769635.jpg,6.47
121339627@N0615937027216.jpg,6.62
29487672@N0716703126524.jpg,6.25
stuben-hocker26175631215.jpg,6.72
ewka22055326725516.jpg,6.25
cindyprins4547429997.jpg,5.32
nemi196813147568415.jpg,6.73
47193820@N0820160145859.jpg,6.55
11810733@N072189345500.jpg,6.62
rosemuch16619068096.jpg,6.71
bettyvlasiu36730956015.jpg,7.25
intui-pro26705812104.jpg,6.54
gfs_photo25322252944.jpg,6.46
mary_wv2567484024.jpg,7.4
pablo13572658987.jpg,6.79
stellawind33969876355.jpg,7.1
phamhothanh22827258794.jpg,6.4
134818193@N0624998775681.jpg,5.83
138281381@N0425149307582.jpg,6.0
ballena533091842215.jpg,6.43
stanzim28115365303.jpg,6.35
130711967@N0517019040608.jpg,6.71
28726735@N0815818477130.jpg,7.37
pearlwinch24768837129.jpg,6.4
134864272@N0231729789452.jpg,6.19
milliganpuss24821826793.jpg,6.48
peterscherub20435942809.jpg,6.41
maureenbracewell20784297063.jpg,6.22
locosphotos17258720851.jpg,6.63
26230150@N0814334116201.jpg,6.0
asimpletune17193734026.jpg,6.39
73949996@N0016583794735.jpg,6.88
117569844@N0526714027710.jpg,6.65
amethyst7727263161644.jpg,5.71
haduki9934607953812.jpg,6.56
_annalaura_2951722948.jpg,7.62
pcamma18932613714.jpg,5.88
elenaleong26462615982.jpg,6.54
frazze46392637332.jpg,7.0
mik51562145548421.jpg,7.06
peterscherub23400018985.jpg,6.55
43693449@N0530842565523.jpg,6.94
fabriziodutto23494034913.jpg,6.75
102617753@N0419198582218.jpg,6.79
131351292@N0316917301595.jpg,6.63
141306637@N0332236728546.jpg,6.69
87127914@N0626736824973.jpg,7.29
81950116@N0733032521724.jpg,7.05
peterscherub16883573532.jpg,7.38
124587351@N0616872670878.jpg,7.69
138516139@N0225690974100.jpg,6.79
129623207@N0626814064996.jpg,7.11
smile_time_photography27199485623.jpg,6.73
102717418@N0313042481915.jpg,7.31
cgre-photos34473652375.jpg,7.09
michaelandannabel26406045154.jpg,6.8
47481028@N0526906138104.jpg,7.38
141386400@N0733784735591.jpg,7.17
chrissie200313441793103.jpg,7.04
christophersmith_photo26826202706.jpg,6.9
129487633@N0816061528986.jpg,6.85
filsaahmed25943832813.jpg,7.25
dameboudicca26743669251.jpg,6.83
helly_watson7211524794.jpg,7.41
39877441@N0527449827454.jpg,7.39
christie_by_the_river24743119273.jpg,6.56
jenny_photos19361688540.jpg,6.91
39877441@N0526872843464.jpg,7.08
filsaahmed24567192311.jpg,7.12
137207784@N0424732456240.jpg,7.46
47193820@N0828363314495.jpg,6.83
mucahitcetin27376257155.jpg,6.88
smile_time_photography27692216892.jpg,6.56
komotini4927616131540.jpg,6.67
bracomfotografie18611189875.jpg,7.19
61580017@N0624467531864.jpg,7.25
12355559@N0318227658170.jpg,6.75
47193820@N0827758151556.jpg,7.38
124706007@N0518652834704.jpg,6.22
99585003@N0814148367093.jpg,7.35
patrickjack17686160484.jpg,6.8
chiis_cake15174136786.jpg,7.27
cluckyjoesphotos26728414375.jpg,6.79
69745829@N0433569229944.jpg,6.91
joka20008799151518.jpg,7.03
127442920@N0327639554800.jpg,7.5
123656301@N0326211355246.jpg,7.29
jacksooksan21295868105.jpg,6.96
122483654@N0734231668985.jpg,7.08
fionnlukphotography3748488216.jpg,6.54
perfectoarts3305279443.jpg,7.37
natureloving5274710385.jpg,7.48
16706350@N0019281010362.jpg,6.77
rockinmonique14182173551.jpg,7.02
p47koji17072892717.jpg,6.62
108382282@N0426855526892.jpg,6.85
ramona_rr19455497864.jpg,7.42
varshinimj25653028603.jpg,7.11
136328698@N0225114635062.jpg,7.19
16706350@N0017363161875.jpg,7.46
yuccayellow28169113431.jpg,6.75
142432893@N0831705162215.jpg,7.38
tresed4733938993145.jpg,6.8
16706350@N0019281801693.jpg,7.03
47193820@N0822767319922.jpg,7.68
yantra_x27587405086.jpg,6.56
sarahfraser6321126216991.jpg,7.08
cluckyjoesphotos21246692616.jpg,7.58
124587351@N0616763700329.jpg,6.6
108075182@N0430622152331.jpg,7.45
dasa-frenz21243680624.jpg,6.64
39877441@N0517455082212.jpg,6.64
noooody5917381666.jpg,7.52
23179744@N0322962290901.jpg,6.54
paulchang_photography19422725034.jpg,7.46
hmxxyy23286979663.jpg,6.54
126478940@N0227878231926.jpg,6.55
tresed4733578822571.jpg,7.22
stevetaylors9416742013.jpg,7.37
bagdadcafe5096425986.jpg,7.71
66741485@N0730368145304.jpg,7.49
marsider0726804351433.jpg,6.29
estevinho20306779159.jpg,7.1
timederveen17971466854.jpg,6.79
roniyo29361127926.jpg,7.52
annabelleny31318909283.jpg,6.61
89550548@N0620356947623.jpg,7.17
cluckyjoesphotos21137338665.jpg,6.79
nemi196816493982945.jpg,6.7
jeanmarieshelton23791419256.jpg,7.08
nemi196814785440690.jpg,7.01
laurakirkpatrick26436975353.jpg,6.29
josefschmid26466159785.jpg,7.21
91976414@N0417159312101.jpg,6.93
rolandbrugge24834965184.jpg,7.12
95823068@N0635275919753.jpg,6.45
47093873@N0819667111491.jpg,6.93
stanzim26375265505.jpg,7.06
queensy8600183148.jpg,7.58
47193820@N0817787081035.jpg,7.12
jessieleong17102072692.jpg,6.58
pearlwinch17657542853.jpg,6.67
plusbeautumeurs27932567242.jpg,6.68
filsaahmed24170997775.jpg,7.12
mik51561756190767.jpg,7.14
nico-heinrich26373742333.jpg,6.77
39877441@N0521261241256.jpg,7.36
stevetaylors8604989032.jpg,6.25
diarnst28278999960.jpg,7.57
flametree28067997966.jpg,6.55
sandy_leidholdt35951272384.jpg,6.54
60193291@N0428092108091.jpg,6.95
njk19514414309208.jpg,7.38
nemi196814233792858.jpg,7.0
121339627@N0625061853694.jpg,7.95
23179744@N0327177318204.jpg,7.19
cindyprins5057214258.jpg,7.4
94429298@N0817021571680.jpg,7.12
ramona_rr20761741398.jpg,7.41
rosanacafe26674309006.jpg,6.46
47193820@N0824010161109.jpg,7.02
arvinderphotos16889399960.jpg,7.34
39877441@N0523438794972.jpg,7.38
mlrogers1469564843.jpg,6.53
theopendoor22623199895.jpg,6.93
goodnatureone21469527395.jpg,6.97
95823068@N0624231084653.jpg,6.33
108075182@N0429233562531.jpg,7.36
nemi196816752781005.jpg,7.44
108075182@N0427315264386.jpg,7.67
129487633@N0817597719335.jpg,7.89
beritsundman19419492140.jpg,7.67
sostenesmonteiro17118806936.jpg,7.27
fred_boonstra32543521971.jpg,7.2
126845365@N0827645701521.jpg,6.84
64457777@N0626545736063.jpg,8.02
111871926@N0616176918304.jpg,6.97
116185858@N0318995399040.jpg,6.94
124130353@N0818035793201.jpg,7.03
theopendoor26703317036.jpg,6.93
rvtn26207995800.jpg,7.34
sandythompson28349022395.jpg,7.31
12355559@N0319105722670.jpg,8.31
126845365@N0826228962762.jpg,8.34
135843650@N0423656683674.jpg,7.66
gfs_photo26528618746.jpg,7.71
129560388@N0728076052805.jpg,7.67
theopendoor26185452661.jpg,7.36
12355559@N0316320284643.jpg,8.35
sarahfraser6320983146935.jpg,8.27
135298794@N0824895849525.jpg,7.98
maria_jose_almeida5246425330.jpg,7.55
111871926@N0619602302590.jpg,6.89
theopendoor25749306982.jpg,7.17
leafypages30089779362.jpg,7.45
iffat17109175356.jpg,7.15
130754245@N0716908622660.jpg,7.64
124130353@N0814969930569.jpg,7.36
129623207@N0630000129061.jpg,7.92
41280056@N058828208512.jpg,7.83
maffezzolli18752527056.jpg,7.84
12355559@N0326700468216.jpg,7.47
