image,score
37871469@N036696319011.jpg,3.33
ducknotes2125557235.jpg,3.29
itzick4213580880.jpg,3.15
40025248@N044766474192.jpg,2.95
itzick3830583220.jpg,3.91
moreen223182143378.jpg,2.54
exzibit_abdullah2347303973.jpg,3.25
davers2400508507.jpg,2.34
pattpoom2807669769.jpg,2.79
itzick2872181921.jpg,2.9
47418151@N024697520256.jpg,2.08
kurgan693725999420.jpg,3.22
itzick4288367620.jpg,3.38
rosping3256804054.jpg,4.2
itzick1692205398.jpg,2.76
itzick4008763082.jpg,3.35
itzick2097999638.jpg,2.73
itzick3041457610.jpg,3.19
itzick2342705371.jpg,3.29
itzick3043079997.jpg,3.32
00frenk3455790568.jpg,3.35
dharmendrasingh3751383939.jpg,2.54
abstract_effects289749418.jpg,1.65
bricefwi4919370992.jpg,3.83
itzick3858838533.jpg,3.67
matteorocchi440077267.jpg,2.77
itzick3618989327.jpg,3.17
itzick3983566791.jpg,3.31
ladybugdi3691109237.jpg,3.09
annick7771072857166.jpg,2.51
itzick3822809365.jpg,3.62
sicano4046294636.jpg,2.5
annick7771322687071.jpg,2.81
paine6662229380296.jpg,2.69
itzick2200685217.jpg,2.87
simplecamolive4425473725.jpg,2.58
itzick2328398005.jpg,2.88
itzick3009921697.jpg,3.41
ankha105079500.jpg,4.37
belle_fleur2548886602.jpg,2.75
sjose2179527647.jpg,3.12
davelightseer4586734770.jpg,3.15
rasec1404106170.jpg,2.86
itzick3861561055.jpg,3.23
bobdonkin4550781781.jpg,3.55
napix2508890041.jpg,4.02
sabineinsingapore6333110245.jpg,2.96
itzick3848920916.jpg,3.85
7823190@N034821447934.jpg,2.79
farfando2472831698.jpg,3.38
cinziarizzo215389791.jpg,2.09
itzick2836627772.jpg,3.42
itzick4404394674.jpg,3.34
chip15206883205.jpg,3.6
hereward99347146904.jpg,3.03
lorih3733456852.jpg,3.48
d-l5154515461.jpg,2.98
paolettaskilly2164617242.jpg,3.53
30321755@N053340032824.jpg,3.17
biggreymare3245203894.jpg,4.42
itzick4589411988.jpg,4.02
49589284@N076812559946.jpg,2.14
itzick3997678247.jpg,3.5
39252865@N00421357960.jpg,2.35
43304964@N026967407724.jpg,2.86
stephenadcox3385731405.jpg,2.55
46775357@N074561693575.jpg,2.79
47268944@N0411185977444.jpg,2.29
swatiagarwalmishra3952298193.jpg,3.85
ashleechae3979201186.jpg,3.19
itzick2983029617.jpg,3.41
sifro2647007701.jpg,3.67
wolfgangfoto2366948123.jpg,1.88
itzick4474029138.jpg,3.44
itzick3815240730.jpg,3.37
colinapaco41485181304.jpg,4.04
18286504@N001639861536.jpg,4.17
zeeyolqpictures22651177198.jpg,3.04
zubillaga6132927380618.jpg,4.57
pedrosimoes727165079913.jpg,3.72
hansduedal3442364122.jpg,3.71
127786158@N0329060770747.jpg,4.54
134514510@N0227931068800.jpg,3.45
135811834@N0726891160652.jpg,4.46
raffacama10071117213.jpg,3.38
itzick4127968297.jpg,4.07
89894472@N0224264337659.jpg,3.85
strafer_ru4567675279.jpg,3.67
joelhwilliams4452105179.jpg,3.67
riderblues4779212328.jpg,4.21
nimbus5731270369093.jpg,4.12
raffacama10071218283.jpg,3.67
paolo_carpo40684057323.jpg,4.53
hvolkancengiz2768426917.jpg,3.85
26741430@N034141445606.jpg,3.38
97176092@N0429196926555.jpg,2.23
serrator2119158147.jpg,3.71
teresaicente41431872254.jpg,2.96
imremeszaros39890863432.jpg,4.17
eudaimos1833404011.jpg,3.71
colinapaco39312421540.jpg,3.9
zabela5457465126.jpg,4.61
colinapaco41474114084.jpg,4.61
colinapaco47466233911.jpg,4.36
84935187@N0414510154959.jpg,3.81
76879614@N0730346348607.jpg,4.17
25145776@N0626796659560.jpg,4.6
natali_antonovich20725821506.jpg,3.98
colinapaco42168207792.jpg,4.53
doyeedt_annahaal5233167665.jpg,4.29
125461161@N0343219359790.jpg,4.6
128800068@N0425383032291.jpg,4.4
fobosobn5585827388473412.jpg,5.44
zeiford29097055457.jpg,4.13
natali_antonovich32814719411.jpg,2.83
ervemiozzo29704394247.jpg,4.75
jimlaskowicz31616060348.jpg,2.77
colinapaco25490746747.jpg,5.21
colinapaco45596576961.jpg,3.48
kapay2503376268.jpg,5.06
142020754@N0630125446542.jpg,4.58
132107931@N0618497332684.jpg,3.82
natali_antonovich26066637263.jpg,4.12
david-gomez31491165861.jpg,4.24
natali_antonovich31438917464.jpg,3.56
natali_antonovich27381246953.jpg,3.21
wajdys27854501069.jpg,3.53
natali_antonovich22112689406.jpg,4.12
bymc22478572529.jpg,4.22
natali_antonovich21971348550.jpg,3.65
parismadrid25163677762.jpg,3.98
natali_antonovich26284931335.jpg,3.63
runemyreng31288172452.jpg,3.71
150378223@N0540350215865.jpg,3.56
nico-heinrich40188799222.jpg,3.71
jangelo6829065571908.jpg,4.8
113867095@N0438989656981.jpg,3.81
enrico_tosello20906798030.jpg,4.28
rebecca_george30000658935.jpg,4.27
colinapaco46682814464.jpg,5.46
colinapaco45775387152.jpg,3.62
76061256@N0846472759605.jpg,4.27
117679407@N0828111590081.jpg,4.04
ghostinthecamera28186056768.jpg,3.98
ervemiozzo28645564548.jpg,4.13
tomfenskephotography31175012394.jpg,4.12
andreacreativi31183833871.jpg,4.28
margfoley37751707815.jpg,4.54
137983866@N0727302770236.jpg,5.55
faystephens-artwork30848857832.jpg,2.96
155962306@N0747467260351.jpg,4.13
81701014@N0225172497930.jpg,4.26
21644167@N0423676967024.jpg,4.36
natali_antonovich32264735420.jpg,3.58
navithshariff46679930874.jpg,4.75
142977182@N0640937570074.jpg,4.93
neil_j4630283830.jpg,5.73
91944619@N0525583934415.jpg,5.21
natali_antonovich31969371992.jpg,3.9
vagpic40810614741.jpg,4.93
natali_antonovich20262780359.jpg,4.34
natali_antonovich30823865501.jpg,4.29
lavilotte-rolle24600490837.jpg,5.82
142977182@N0626581338687.jpg,5.36
natali_antonovich31131876620.jpg,4.21
natali_antonovich25009852463.jpg,3.51
natali_antonovich29008860526.jpg,4.14
natali_antonovich34082425262.jpg,4.75
quimgranell16295019079.jpg,5.47
vincentkarcher36569711923.jpg,4.76
134385668@N0329199254212.jpg,3.76
natali_antonovich28651097742.jpg,3.33
ghostandrose21984239801.jpg,3.71
itzick20874643300.jpg,5.69
teban97425818008721.jpg,5.71
142984947@N0831780900268.jpg,3.6
135056700@N0422448552248.jpg,4.22
javierpalaciosprieto33116849423.jpg,4.32
robinraj18734470614.jpg,4.25
81701014@N0226586584711.jpg,3.73
natali_antonovich28277307780.jpg,4.31
lancemills27099132436.jpg,3.94
louisraphael27678585766.jpg,5.13
raffacama11236954573.jpg,4.47
sarahchia33758317784.jpg,3.68
21644167@N046518819611.jpg,5.27
grexsys42224751524.jpg,4.58
natali_antonovich34561071591.jpg,4.38
76879614@N0727808729177.jpg,4.81
natali_antonovich33623473391.jpg,4.12
colinapaco47085261921.jpg,5.18
andreliebling42684983151.jpg,4.36
91944619@N0525112669180.jpg,5.08
eaglewing23221316184.jpg,5.52
natali_antonovich34588969132.jpg,4.9
76879614@N0732142456747.jpg,4.9
natali_antonovich26929333124.jpg,4.21
andresinhotapia40688562580.jpg,4.53
145235512@N0639777741725.jpg,4.94
55325009@N0226471819198.jpg,5.4
jangelo6840729123770.jpg,4.63
142977182@N0641372208515.jpg,4.8
132939636@N0225331254732.jpg,4.79
21644167@N0421142198846.jpg,4.78
21644167@N047040812025.jpg,4.64
natali_antonovich30806921303.jpg,4.67
c-u-b40814198391.jpg,5.73
natali_antonovich20917238160.jpg,4.73
natali_antonovich25156372541.jpg,4.75
naturea40774885535.jpg,5.36
jesspictures28271912132.jpg,4.18
natali_antonovich21078016110.jpg,4.4
lavilotte-rolle25223629188.jpg,4.55
kjkmep39664752160.jpg,4.3
natali_antonovich25656086732.jpg,4.65
natali_antonovich30381981205.jpg,5.08
jmboyer38491901244.jpg,5.17
frantisim32491038427.jpg,5.6
natali_antonovich22973321831.jpg,4.38
natali_antonovich28756182075.jpg,4.71
natali_antonovich25321126394.jpg,4.9
pego2824702639731.jpg,4.73
pjgrillo28404072245.jpg,4.76
ervemiozzo41100236791.jpg,4.35
101260769@N0524800806281.jpg,4.9
edwarddullardphotography4583604159.jpg,5.31
69325425@N0730302007451.jpg,5.52
andreliebling27531899668.jpg,4.92
natali_antonovich22148577204.jpg,4.72
131000719@N0426483617967.jpg,4.62
natali_antonovich27695528810.jpg,4.7
natali_antonovich12045729294.jpg,4.65
iammarkletheren24570062203.jpg,4.67
reneromand39058948942.jpg,4.5
fineartfotograf29948404862.jpg,4.87
136259223@N0330078753868.jpg,4.65
natali_antonovich29611934243.jpg,3.88
natali_antonovich26062229121.jpg,4.21
21644167@N042104807806.jpg,5.71
naturea46371899455.jpg,5.02
psxdadz26092266774.jpg,5.21
natali_antonovich24219729196.jpg,3.8
124495495@N0523283419574.jpg,5.01
pinomangione32164029610.jpg,4.48
natali_antonovich33715907224.jpg,4.54
natali_antonovich26054314212.jpg,4.4
13209165@N056822134421.jpg,4.71
natali_antonovich32018355241.jpg,4.15
143013414@N0536507864491.jpg,4.19
tomfenskephotography37521690514.jpg,3.53
65324337@N0724222706150.jpg,5.04
natali_antonovich28157366666.jpg,4.59
natali_antonovich27400103484.jpg,4.53
marcus8646678788294.jpg,4.7
gomezjosem40350791935.jpg,5.04
149929479@N0335974260606.jpg,4.48
151481480@N0339272270754.jpg,5.36
rafffaellagirod34693258985.jpg,3.82
b-graulus46663739834.jpg,4.7
natali_antonovich20725864826.jpg,4.58
25145776@N0622681188405.jpg,4.64
natali_antonovich28073980315.jpg,4.12
natali_antonovich32266128662.jpg,4.5
ilsiciliano_36641331914.jpg,4.31
natali_antonovich26433962981.jpg,4.46
natali_antonovich30817166176.jpg,4.38
ervemiozzo31020251108.jpg,4.94
81701014@N0225129833709.jpg,4.26
134415734@N0430771612147.jpg,4.54
zedzap47203843081.jpg,4.81
dietermichalek41580976414.jpg,4.15
luajr21265888919.jpg,4.67
pinomangione27175102434.jpg,4.88
134415734@N0429741530767.jpg,5.19
157578696@N0736840824463.jpg,4.01
natali_antonovich32396476146.jpg,4.03
geniussonar46789445534.jpg,3.91
140984817@N0342640499670.jpg,5.2
43191208@N0219494389605.jpg,4.79
natali_antonovich26134474702.jpg,5.0
ommphotographie41459996275.jpg,5.6
130819462@N0430413516310.jpg,4.81
eulenfan32164488207.jpg,5.63
natali_antonovich26737178160.jpg,4.99
glassholic25197079110.jpg,4.96
116575428@N0337929845601.jpg,4.31
natali_antonovich27811751774.jpg,5.19
raineralbrecht46665521174.jpg,5.9
vincentdevincennes21345769202.jpg,5.38
ervemiozzo45227755961.jpg,5.49
natali_antonovich32607233482.jpg,3.68
natali_antonovich22025552322.jpg,4.45
natali_antonovich15243871962.jpg,5.57
natali_antonovich32232777463.jpg,5.06
jesspictures30240630330.jpg,5.44
127542255@N0729808169868.jpg,5.47
jangelo6836571242244.jpg,5.19
natali_antonovich29275303606.jpg,5.52
pepenera25214502517.jpg,5.21
pinomangione33351281246.jpg,4.92
natali_antonovich24911376995.jpg,4.65
luajr21440509129.jpg,5.16
131391806@N0725882687914.jpg,5.48
natali_antonovich33812251886.jpg,5.21
vincentkarcher37325003861.jpg,5.38
natali_antonovich25037115996.jpg,4.92
162814817@N0646716211605.jpg,5.67
natali_antonovich23848285853.jpg,5.08
natali_antonovich34399674525.jpg,4.8
zinosat7126502925562.jpg,5.4
colinapaco24613151437.jpg,5.92
natali_antonovich31762348392.jpg,4.26
natali_antonovich32977463726.jpg,5.41
makushin45925680562.jpg,6.45
natali_antonovich28570522016.jpg,4.44
natali_antonovich32579454743.jpg,5.26
natali_antonovich29244913703.jpg,4.58
natali_antonovich25030903031.jpg,4.9
natali_antonovich31448645842.jpg,4.61
ichauvel37335903551.jpg,5.22
natali_antonovich34824541880.jpg,5.04
natali_antonovich28610031312.jpg,5.6
ommphotographie45799741742.jpg,5.21
135560206@N0622528196939.jpg,5.85
124014656780994.jpg,5.99
vagpic24218169648.jpg,5.92
pinomangione30735794593.jpg,5.25
natali_antonovich31762392482.jpg,5.5
natali_antonovich21255613342.jpg,5.17
nhblevins40104044552.jpg,5.17
natali_antonovich34274656786.jpg,4.92
natali_antonovich22058889051.jpg,4.89
natali_antonovich20291175048.jpg,5.29
geniussonar30926143318.jpg,5.57
natali_antonovich25682203323.jpg,4.85
natali_antonovich31408739300.jpg,5.28
natali_antonovich27940867266.jpg,5.05
natali_antonovich34881419195.jpg,5.19
casty6236991260340.jpg,5.12
146618359@N0344734900830.jpg,5.54
tarang-jagannath26785121151.jpg,4.87
natali_antonovich32882521463.jpg,5.04
natali_antonovich31234657283.jpg,4.87
fercamara29051166985.jpg,5.23
natali_antonovich30233989080.jpg,5.02
natali_antonovich24849435695.jpg,5.1
maxguitare26653064588.jpg,4.53
natali_antonovich29751489314.jpg,5.66
vagpic27073628498.jpg,5.52
natali_antonovich33331137324.jpg,4.76
natali_antonovich22814868630.jpg,5.42
lavilotte-rolle38151077235.jpg,5.56
150378223@N0545926608672.jpg,6.0
162814817@N0643730628005.jpg,5.13
natali_antonovich29836339296.jpg,4.35
natali_antonovich32795461044.jpg,5.02
natali_antonovich14779809240.jpg,5.36
natali_antonovich31149450722.jpg,4.55
natali_antonovich34024303331.jpg,4.34
natali_antonovich27967236223.jpg,5.55
natali_antonovich25476335990.jpg,4.75
35240543@N0225916673337.jpg,5.71
natali_antonovich17494470273.jpg,5.61
96224489@N0235770732673.jpg,5.17
natali_antonovich29667733030.jpg,4.24
jocarlo28905393858.jpg,5.02
kjkmep30542700102.jpg,5.02
35240543@N0247189077201.jpg,5.19
natali_antonovich31479567864.jpg,4.78
jimlaskowicz44347938114.jpg,5.04
64163787@N0232209010894.jpg,4.7
natali_antonovich25872258374.jpg,4.81
81701014@N0224725086071.jpg,4.44
cfriel18406415656.jpg,4.98
natali_antonovich32097375215.jpg,4.65
traveller_4026922039613.jpg,5.42
kjkmep29128692795.jpg,4.85
117153356@N0621451272593.jpg,5.6
pinomangione32842417913.jpg,5.96
manoncmmrs27426351836.jpg,5.2
luajr21335781380.jpg,5.17
eulenfan21661314975.jpg,5.4
naturea30703330898.jpg,4.96
natali_antonovich23000210570.jpg,4.96
claudiamerighi28258890878.jpg,5.23
natali_antonovich23450930121.jpg,5.22
natali_antonovich33331152344.jpg,5.09
natali_antonovich19573491165.jpg,5.45
natali_antonovich25282741652.jpg,5.38
107354816@N0842801729962.jpg,5.35
natali_antonovich32558188300.jpg,4.2
69349549@N0621655599625.jpg,5.21
natali_antonovich19287354373.jpg,5.25
leoecao5389520311.jpg,5.6
philocycler38713906282.jpg,5.33
natali_antonovich32160763421.jpg,3.88
nepalai30625412118.jpg,5.79
cycosmos27442771936.jpg,5.46
pinomangione27049077846.jpg,5.36
geniussonar33547340965.jpg,5.43
natali_antonovich31187909992.jpg,4.83
natali_antonovich32288423094.jpg,4.27
96224489@N0235579919914.jpg,4.7
natali_antonovich33500779192.jpg,4.45
69349549@N0634067782503.jpg,5.31
jangelo6824267866635.jpg,5.5
geniussonar29205639230.jpg,3.83
rom4rio7425312308977.jpg,5.98
97293489@N0719241685716.jpg,6.4
jangelo6840536923032.jpg,5.67
fabioitri7151813303.jpg,5.63
natali_antonovich28283585511.jpg,5.17
natali_antonovich30862246450.jpg,5.15
natali_antonovich34270883494.jpg,4.74
132170180@N0342295042285.jpg,6.59
64163787@N0230440481035.jpg,4.66
natali_antonovich23215120220.jpg,5.54
129332100@N0522376186043.jpg,5.17
balatonijozsef40578092273.jpg,5.77
cubagallery7379165946.jpg,5.03
geniussonar28381765097.jpg,4.56
natali_antonovich30422440553.jpg,5.42
kjkmep38438272095.jpg,4.71
natali_antonovich25340872710.jpg,4.69
glosackmd39092346865.jpg,5.24
geniussonar40539106643.jpg,4.38
cryo75543162730.jpg,6.21
natali_antonovich30971640263.jpg,4.8
natali_antonovich19339331582.jpg,4.78
97528368@N0525894034224.jpg,5.63
jallen448631436247626.jpg,4.72
raineralbrecht32522701457.jpg,6.04
natali_antonovich27111140704.jpg,5.53
claudiamerighi24943860428.jpg,5.27
raffacama4717342347.jpg,5.03
shutterscreamer44325718355.jpg,4.92
natali_antonovich25001285640.jpg,5.44
natali_antonovich23579900605.jpg,4.97
133832776@N0342078618130.jpg,4.01
gaelvaroquaux26309500128.jpg,4.58
natali_antonovich32112877802.jpg,4.99
158296050@N0246678999571.jpg,5.83
natali_antonovich33335730886.jpg,5.49
natali_antonovich33433252905.jpg,4.5
geniussonar26719756356.jpg,4.66
35240543@N0228373399287.jpg,5.73
pinomangione30245771075.jpg,5.2
patrickmilan27881975218.jpg,5.34
maxguitare40531119491.jpg,4.33
lohmannfotografie25204279891.jpg,6.26
marhyv3123741337911.jpg,5.95
natali_antonovich23291540296.jpg,5.31
natali_antonovich28769164941.jpg,4.62
natali_antonovich24787918195.jpg,4.77
qp197729948048630.jpg,5.11
64163787@N0231073863621.jpg,5.23
the-maksimov21334107709.jpg,5.75
catchlightsa4945256757.jpg,5.52
tekson10988011965.jpg,5.21
natali_antonovich33741505761.jpg,5.96
156413789@N0825471764848.jpg,6.5
natali_antonovich24305584934.jpg,5.25
frantisim41115015435.jpg,6.39
vagpic27052492788.jpg,6.55
vagpic36941108376.jpg,5.46
therringshaw25948375000.jpg,5.52
makushin44833063395.jpg,5.75
vagpic26377065437.jpg,5.89
eulenfan39889578613.jpg,6.39
ommphotographie42465671920.jpg,6.17
anttsichlas25533395967.jpg,4.39
127523566@N0819747153438.jpg,5.65
natali_antonovich34367254832.jpg,5.86
natali_antonovich34423895725.jpg,5.85
b5829284199378.jpg,6.21
photoksenia35201825974.jpg,6.04
cfriel18651927845.jpg,5.5
natali_antonovich26539269272.jpg,5.6
110805203@N0434460356031.jpg,6.42
natali_antonovich31401805774.jpg,5.36
natali_antonovich23174055851.jpg,6.15
21644167@N048526063293.jpg,6.58
sigikolbe7555751852.jpg,6.06
natali_antonovich33390647652.jpg,5.96
zimoch27960957380.jpg,5.08
64163787@N0243404760301.jpg,5.21
frantisim41819319991.jpg,6.83
51952287@N0245983716905.jpg,6.48
monikamm6368339127.jpg,5.71
shutterscreamer23491860608.jpg,5.39
vagpic39309610905.jpg,5.15
natali_antonovich34407945512.jpg,4.64
instame24263797592.jpg,4.22
ervemiozzo32462275867.jpg,6.07
natali_antonovich30013716572.jpg,5.75
ervemiozzo31750324228.jpg,6.31
lisa_guhl26185208365.jpg,5.5
emirato41690711831.jpg,5.83
163830047@N0842719652760.jpg,5.12
the-maksimov19617972284.jpg,5.91
natali_antonovich25015343886.jpg,5.1
natali_antonovich26080427631.jpg,5.61
146788393@N0241505771234.jpg,5.52
shutterscreamer26381731078.jpg,5.53
lilion4442733607.jpg,6.62
maxguitare41968822614.jpg,5.61
frantisim41396063702.jpg,6.26
raineralbrecht47375496932.jpg,6.31
lavilotte-rolle32546887316.jpg,5.71
127724532@N0529119238121.jpg,6.55
ervemiozzo32631816277.jpg,5.6
shutterscreamer28123154940.jpg,5.26
145363603@N0840650226550.jpg,5.39
the-maksimov20054021139.jpg,6.21
natali_antonovich32115098143.jpg,5.26
the-maksimov19617973724.jpg,6.06
frantisim33767237558.jpg,6.17
natali_antonovich26773376992.jpg,5.23
pinomangione27372476552.jpg,6.33
paslematin39880750470.jpg,6.02
geniussonar27240163513.jpg,5.77
vagpic39603659844.jpg,6.29
natali_antonovich24700279550.jpg,5.78
bercolly44947218915.jpg,6.03
natali_antonovich27664404564.jpg,5.89
natali_antonovich34172729670.jpg,6.08
ommphotographie10497019313.jpg,6.06
100er23864002207.jpg,5.23
frantisim47555040751.jpg,6.5
raffacama10071025214.jpg,6.22
natali_antonovich29230466361.jpg,5.97
eulenfan42404047082.jpg,5.6
natali_antonovich33173887531.jpg,5.0
hanskune45594322941.jpg,6.64
natali_antonovich25296875225.jpg,6.15
natali_antonovich14800081759.jpg,5.8
natali_antonovich25400989575.jpg,5.64
frantisim46639312585.jpg,6.17
channz27946945585.jpg,6.54
natali_antonovich32376827586.jpg,5.27
shutterscreamer42693824092.jpg,5.71
frantisim32657743867.jpg,6.75
frantisim27670683137.jpg,6.33
128347925@N0833029732216.jpg,5.12
kjkmep38700766041.jpg,5.75
cashreno33461013781.jpg,5.34
natali_antonovich30113960696.jpg,5.56
wolfgangfoto31378937723.jpg,6.54
94848665@N0725650300367.jpg,5.67
natali_antonovich29358474130.jpg,5.81
juro6718839572348.jpg,6.44
135560206@N0622947822082.jpg,5.72
96224489@N0240704623151.jpg,5.6
elsherten39463743130.jpg,5.52
natali_antonovich18410924822.jpg,5.92
plusbeautumeurs32088115091.jpg,5.85
toonmanimage40517338353.jpg,5.73
pinomangione38953575421.jpg,5.25
the-maksimov20709279413.jpg,5.51
the-maksimov20052614328.jpg,6.14
patrickmilan39183967962.jpg,5.35
frantisim41445648711.jpg,6.21
64163787@N0230909294231.jpg,5.54
paslematin29725921908.jpg,5.12
93319057@N0734882325850.jpg,5.33
vzhukov31431544932.jpg,5.17
bercolly44043631360.jpg,6.29
natali_antonovich34670794696.jpg,5.78
natali_antonovich29706404320.jpg,5.28
120833037@N0625665800547.jpg,4.69
64163787@N0230462766901.jpg,5.33
jocarlo38336653496.jpg,5.08
onemanifest40279956650.jpg,5.04
paslematin44478141515.jpg,5.42
viviz_world39004742522.jpg,6.36
elalbaricoqueazul21646927628.jpg,6.17
134864272@N0244258998034.jpg,5.21
158987665@N0541634598455.jpg,4.61
132921541@N0738421135501.jpg,6.66
64163787@N0230538725366.jpg,5.25
jordicalvera31050043317.jpg,5.81
venkane15364928520.jpg,6.52
natali_antonovich27894385220.jpg,6.18
natali_antonovich32362385712.jpg,5.92
natali_antonovich24451298560.jpg,5.73
makushin44860051804.jpg,5.94
natali_antonovich34025680085.jpg,5.18
natali_antonovich30962406356.jpg,5.17
130582221@N0825943771205.jpg,5.81
94265950@N0526723006732.jpg,5.5
glosackmd23442233999.jpg,5.98
frantisim40887533334.jpg,5.96
natali_antonovich32617611181.jpg,5.95
francescogriselli33322030370.jpg,6.01
jocarlo38256157122.jpg,5.9
eulenfan27248486548.jpg,5.78
natali_antonovich29334854373.jpg,5.94
159129402@N0228871691917.jpg,6.56
frantisim40693619230.jpg,6.57
vagpic26217525287.jpg,6.33
64163787@N0234971950380.jpg,5.27
natali_antonovich19161124072.jpg,5.63
darcyg43043346450.jpg,5.53
64163787@N0230294345983.jpg,5.24
natali_antonovich20484259163.jpg,5.78
natali_antonovich32835567804.jpg,5.43
frantisim28285477268.jpg,6.27
natali_antonovich25949050972.jpg,5.94
xavierlegall40046076410.jpg,4.88
louisraphael27667266006.jpg,6.17
138555325@N0324285815098.jpg,6.27
natali_antonovich33695815415.jpg,5.2
jpdefay21631905770.jpg,6.12
natali_antonovich33382051643.jpg,5.38
natali_antonovich31334294866.jpg,5.43
natali_antonovich33876616474.jpg,5.47
natali_antonovich29458441523.jpg,5.74
natali_antonovich27790831354.jpg,5.25
natali_antonovich32251189683.jpg,4.65
tarang-jagannath34577267954.jpg,6.47
jessicafressica44913315681.jpg,6.88
56172467@N0226014038514.jpg,5.96
101233776@N0221814126924.jpg,6.09
natali_antonovich33241931796.jpg,4.78
jmsf4158452553392.jpg,6.19
philocycler43263851432.jpg,6.3
21644167@N046324456081.jpg,5.65
natali_antonovich34015124000.jpg,5.67
natali_antonovich34802001142.jpg,5.25
isse736536381923.jpg,5.65
frantisim28986272358.jpg,6.21
134320943@N0833600907265.jpg,6.08
sha3olah6780774782.jpg,5.86
64163787@N0230418925675.jpg,5.41
158616520@N0328432465639.jpg,6.34
khunk27178840174.jpg,6.54
frantisim40056975704.jpg,6.84
frantisim26295864007.jpg,6.92
jbell14916992834140.jpg,6.48
the-maksimov20663403991.jpg,6.81
frantisim40724073634.jpg,6.71
98675689@N0626596200770.jpg,6.17
natali_antonovich34818991826.jpg,6.21
veeste35878022701.jpg,6.4
frantisim37681373456.jpg,6.29
the-maksimov21844781294.jpg,6.19
ogre155029082175757.jpg,6.83
the-maksimov23160676772.jpg,6.51
the-maksimov20052591180.jpg,6.58
frantisim40319326084.jpg,6.94
emirato43015050121.jpg,6.23
thomas_tassy46030258684.jpg,7.12
143124652@N0238003319182.jpg,6.3
eaglewing14388975483.jpg,7.17
64163787@N0239271097995.jpg,6.75
frantisim27134588487.jpg,6.62
the-maksimov22411878047.jpg,6.28
oldtor43124038121.jpg,5.8
chris-latho-daar8821883260.jpg,7.08
64163787@N0233679089036.jpg,5.76
frantisim44510814460.jpg,6.54
frantisim33452730798.jpg,6.75
andreliebling32604214207.jpg,6.96
frantisim41325999985.jpg,6.88
frantisim39724269350.jpg,6.89
steffos_198643250279941.jpg,6.29
challenge_fx29530808571.jpg,6.38
frantisim27609108468.jpg,6.62
vagpic40642522481.jpg,6.49
glosackmd38814868061.jpg,6.44
marindeespinosa34661017196.jpg,6.21
frantisim27154368639.jpg,6.34
the-maksimov24189751700.jpg,6.07
natali_antonovich34204483954.jpg,5.75
yavuzselimturan21661632152.jpg,6.35
frantisim37812856031.jpg,6.75
frantisim40709856262.jpg,6.79
frantisim39830532080.jpg,6.72
zakir134626052406188.jpg,6.06
the-maksimov26480059522.jpg,6.25
emirato38076394906.jpg,6.14
the-maksimov20246440301.jpg,6.38
frantisim41115470805.jpg,7.06
brenda-starr14074886788.jpg,6.65
frantisim39194399885.jpg,6.73
frantisim40723523824.jpg,7.11
picsessionarts37984292622.jpg,6.17
the-maksimov22216737305.jpg,6.61
shutterscreamer30565854057.jpg,6.46
frantisim42163118461.jpg,6.88
the-maksimov24195795613.jpg,6.94
the-maksimov25076015202.jpg,6.45
frantisim25092011507.jpg,6.62
shutterscreamer19151655700.jpg,6.79
138555325@N0338337605551.jpg,6.98
chrisbilodeau19342670025.jpg,6.25
frantisim38100232022.jpg,6.5
grzegorek23334068061.jpg,5.57
peopleofplatt21203731950.jpg,5.2
64163787@N0230613285382.jpg,5.7
davidjp6445938975582.jpg,5.55
134320943@N0840587511484.jpg,6.16
natali_antonovich34286832000.jpg,5.85
135984351@N0721346640462.jpg,7.4
frantisim38444797324.jpg,6.79
58624321@N0716571295673.jpg,6.04
64163787@N0241804643594.jpg,6.13
andreliebling46809783834.jpg,7.0
frantisim40736598470.jpg,6.72
kalinaw29572467894.jpg,6.34
64163787@N0243357031102.jpg,6.38
the-maksimov22799544900.jpg,6.8
frantisim40590200124.jpg,6.55
brunosnapshot24495684556.jpg,6.68
cubagallery5011572369.jpg,7.04
frantisim24088582097.jpg,6.66
159955690@N0339210902012.jpg,6.15
21644167@N042104403631.jpg,7.88
154667661@N0445290330771.jpg,6.52
natali_antonovich31418240426.jpg,5.93
frantisim40454652674.jpg,6.77
ommphotographie12911814435.jpg,5.86
frantisim30283019037.jpg,6.89
pierrotwebb25354915716.jpg,6.62
the-maksimov20240623475.jpg,6.38
bercolly44947217675.jpg,7.08
161945909@N0342079012632.jpg,5.54
64163787@N0245003202961.jpg,5.97
the-maksimov25076069722.jpg,6.54
philocycler34054542863.jpg,6.6
beat201331863954058.jpg,6.36
the-maksimov20246440891.jpg,6.54
natali_antonovich34881434305.jpg,5.97
shutterscreamer19460535561.jpg,6.55
shutterscreamer25558536497.jpg,5.92
semjaja12122618316.jpg,6.02
cfriel19669258660.jpg,6.27
128331297@N0416683817239.jpg,6.98
frantisim40805674944.jpg,6.9
paolotrapella30031357997.jpg,6.19
64163787@N0233647713000.jpg,6.0
natali_antonovich35134394246.jpg,6.33
maxguitare45404430361.jpg,6.31
radekbayek44661330071.jpg,5.73
frantisim41592926632.jpg,7.51
perilouc26201943876.jpg,6.78
frantisim39690863232.jpg,6.71
philocycler26998031842.jpg,6.12
mdnphotos28371435601.jpg,6.87
frantisim37689820555.jpg,6.57
63371891@N0040154733661.jpg,6.36
natali_antonovich25948426904.jpg,6.28
130496237@N0828676702427.jpg,5.86
frantisim26431284617.jpg,6.64
the_lightwave14966787349.jpg,7.46
frantisim38716660934.jpg,6.72
53366429@N0720827348510.jpg,6.34
grexsys41132937770.jpg,6.37
frantisim39804707731.jpg,6.61
natali_antonovich33503518960.jpg,5.79
the-maksimov23752411073.jpg,6.35
frantisim24957451278.jpg,6.67
shutterscreamer42154482265.jpg,6.04
frantisim28497560198.jpg,7.0
64163787@N0230591277340.jpg,6.72
frantisim40730350180.jpg,6.72
the-maksimov24656673352.jpg,6.3
jesspictures33710978694.jpg,6.36
cheishichiyo11459384213.jpg,6.3
the-maksimov31076641486.jpg,6.62
frantisim28763677078.jpg,6.89
the-maksimov24063488283.jpg,6.67
frantisim42318795121.jpg,7.61
145457253@N0632880272025.jpg,6.6
131091449@N0230824026791.jpg,6.5
127724532@N0527876137724.jpg,7.06
hanskune46922059862.jpg,4.95
frantisim26867479669.jpg,6.79
frantisim32454573668.jpg,6.45
jfreund146625402024.jpg,6.21
oldtor43933329255.jpg,6.17
frantisim40975365041.jpg,6.88
the-maksimov28019609700.jpg,6.15
frantisim40683325062.jpg,6.79
gunnisal27966188109.jpg,6.92
frantisim27504502969.jpg,6.73
the-maksimov19619666513.jpg,6.1
the-maksimov21109336346.jpg,7.16
frantisim26927334279.jpg,6.58
alyssamort25223661865.jpg,6.73
thomas_tassy44001526701.jpg,6.27
64163787@N0224907669818.jpg,6.04
137620031@N0531954823662.jpg,6.53
vagpic39077825190.jpg,6.52
fred-bervoets33116577118.jpg,7.13
the-maksimov26103427844.jpg,7.03
jfreund147295921982.jpg,6.51
shutterscreamer30586966327.jpg,5.97
oldtor46748382782.jpg,5.76
natali_antonovich30639183354.jpg,6.22
gianstefanofontana20701034489.jpg,7.56
isisdesmoulins43451057862.jpg,5.6
the-maksimov20468722890.jpg,6.81
64163787@N0240265009110.jpg,5.98
cubagallery3397838996.jpg,6.53
75184456@N0424639943715.jpg,6.35
maritbay43822245084.jpg,6.58
frantisim40463101881.jpg,6.8
danielle-tunstall4150087460.jpg,5.75
paslematin41701488990.jpg,5.63
pinomangione25627324822.jpg,7.0
the_boxer46879582205.jpg,6.4
vagpic24972272287.jpg,6.58
37906604@N0642706826480.jpg,6.4
64163787@N0226902254867.jpg,6.39
shutterscreamer44884433524.jpg,6.15
64163787@N0239927547171.jpg,6.24
zakir134626659276185.jpg,6.84
frantisim40073369271.jpg,6.88
frantisim41647991961.jpg,7.21
emirato25010759157.jpg,6.08
the-maksimov21166965801.jpg,6.62
79629123@N0541158467945.jpg,5.86
frantisim26621711698.jpg,6.99
the-maksimov28999385922.jpg,6.42
frantisim39804170041.jpg,6.54
frantisim46892913325.jpg,6.36
64163787@N0227037642417.jpg,5.73
130496237@N0828355660978.jpg,7.1
117679407@N0838581423286.jpg,5.9
frantisim43120137194.jpg,6.29
frantisim39673499620.jpg,7.69
the-maksimov24721866759.jpg,7.27
150689779@N0836572573132.jpg,6.88
the-maksimov23646657813.jpg,6.9
vagpic36750431754.jpg,7.17
the-maksimov30813519911.jpg,7.65
art_phil_photographie44303706471.jpg,6.14
steffos_198644615534901.jpg,6.54
the-maksimov22225567535.jpg,7.19
gianstefanofontana21252122576.jpg,7.17
shutterscreamer43743417200.jpg,7.4
frantisim26726255597.jpg,7.95
the-maksimov24496963363.jpg,6.92
frantisim36284614511.jpg,7.42
perilouc23684051644.jpg,7.67
the-maksimov23381657453.jpg,7.03
the-maksimov20240617195.jpg,7.63
janbures_com40377637825.jpg,6.89
derodeolifant38731947745.jpg,5.92
frantisim42828874701.jpg,7.52
benoitcourti16686271580.jpg,7.42
frantisim41960529425.jpg,7.42
frantisim38933413355.jpg,7.3
the-maksimov24789588974.jpg,6.88
diasgallery34520060382.jpg,7.12
64163787@N0240331210504.jpg,6.63
the-maksimov25737514361.jpg,7.04
cubagallery3397026717.jpg,7.79
the-maksimov20785424946.jpg,7.0
rohtas2586966888.jpg,8.0
the-maksimov24265282769.jpg,6.97
the-maksimov23487053566.jpg,7.69
28309135@N0339543546541.jpg,6.29
grizzleur38475794900.jpg,6.52
133348547@N0439095845710.jpg,7.72
91378408@N0242253775260.jpg,6.6
chiile31344348672.jpg,6.29
emilytebbettsphotography5143855977.jpg,6.65
picsessionarts27663815107.jpg,6.41
107858535@N0610724288014.jpg,6.39
frantisim36533228256.jpg,7.15
the-maksimov23877190731.jpg,7.13
zemotion5960733525.jpg,6.33
frantisim38952134662.jpg,6.99
geirvika21424889231.jpg,7.6
frantisim38422012754.jpg,7.39
-annaphotography-15642168613.jpg,7.18
the-maksimov23199988499.jpg,7.55
frantisim40121003205.jpg,6.63
chrisbilodeau31312244550.jpg,6.98
64163787@N0225341037869.jpg,7.14
the-maksimov25515860080.jpg,7.07
the-maksimov23529657960.jpg,6.85
frantisim39960288782.jpg,7.49
natali_antonovich20082055701.jpg,6.89
the-maksimov29730521486.jpg,7.33
135037635@N0330712390515.jpg,6.86
frantisim45171970772.jpg,7.59
cheishichiyo9652079210.jpg,6.52
judit_t36914135864.jpg,7.14
142241716@N0337740296842.jpg,7.26
133348547@N0441466717341.jpg,6.57
the-maksimov24764435761.jpg,7.2
sappho_et_amicae25714860844.jpg,7.5
the-maksimov30632906953.jpg,6.8
the-maksimov27596986833.jpg,7.48
dougsooley16108871316.jpg,7.0
94265950@N0532490769501.jpg,6.58
frantisim40419945572.jpg,7.27
brian_tomlinson29888225806.jpg,7.49
frantisim27111557568.jpg,7.71
esteecha16489040788.jpg,6.14
the-maksimov21186087515.jpg,7.01
the-maksimov24379273055.jpg,7.14
the-maksimov28375725446.jpg,7.41
pedro_garcia_01543880225075.jpg,6.95
the-maksimov24042499880.jpg,6.67
the-maksimov27286119365.jpg,7.06
frantisim24654820668.jpg,7.23
dougsooley15910098657.jpg,6.79
andrejtrnkoczy21483785161.jpg,6.78
frantisim26894361068.jpg,7.38
frantisim40196272010.jpg,7.36
cubagallery4748733508.jpg,6.81
the-maksimov23188410255.jpg,6.68
frantisim45138945432.jpg,7.33
the-maksimov22361080489.jpg,7.03
cheishichiyo8022372537.jpg,6.97
frantisim36538883145.jpg,7.28
24904322@N0213131684314.jpg,7.05
jldum30191378440.jpg,7.17
the-maksimov25350137061.jpg,7.27
frantisim31299851388.jpg,6.93
steffos_198644449547091.jpg,6.5
michaelmu26078463982.jpg,7.55
amdgilmore12329481753.jpg,7.0
the-maksimov21981229793.jpg,6.92
the-maksimov23054771130.jpg,7.21
the-maksimov25667572493.jpg,7.07
109511385@N0643685921881.jpg,6.39
53366429@N0724768539171.jpg,6.29
132107931@N0631516698241.jpg,7.17
125902172@N0334823751402.jpg,6.4
marijkemooy22956907259.jpg,7.36
lohmannfotografie25420250560.jpg,7.22
126330948@N0522456762849.jpg,6.53
64163787@N0233655317055.jpg,6.53
the-maksimov22929745013.jpg,7.33
100807543@N0320183851288.jpg,7.09
jsebouvi44068282434.jpg,6.92
fmclik22064011450.jpg,7.45
64163787@N0233367240733.jpg,7.08
the-maksimov24099061873.jpg,7.11
costantinomichele34337253165.jpg,6.21
the-maksimov29982488915.jpg,7.03
frantisim42282034414.jpg,7.3
vagpic37503789430.jpg,6.71
frantisim26419626987.jpg,7.28
frantisim27331500277.jpg,7.23
94265950@N0547328375701.jpg,6.91
cristinamateos23757270132.jpg,6.61
the-maksimov31403059923.jpg,6.86
the-maksimov25996593312.jpg,7.05
the-maksimov24415445323.jpg,6.98
bernardogarcia33432380192.jpg,6.94
the-maksimov26563055723.jpg,7.33
emirato24899458717.jpg,7.06
the-maksimov24505511315.jpg,6.9
nellyverne32912576287.jpg,6.56
64163787@N0239087243124.jpg,6.7
shutterscreamer44833820914.jpg,6.5
frantisim39169294014.jpg,7.21
vagpic33921378936.jpg,6.92
frantisim38421042134.jpg,7.39
amdgilmore14207359689.jpg,6.15
jlphoto201315935788689.jpg,7.04
therobbstory15095605006.jpg,6.42
135037635@N0330080209384.jpg,6.5
the-maksimov21188603259.jpg,7.53
paslematin27088026598.jpg,7.03
art_phil_photographie44303707251.jpg,6.36
meeche41888298741.jpg,7.33
frantisim38581963426.jpg,6.95
126070884@N0624807836231.jpg,6.93
the-maksimov21317372633.jpg,6.61
the-maksimov25606660971.jpg,6.88
the-maksimov23167322309.jpg,6.88
sniidu15202084463.jpg,6.14
the-maksimov26085919963.jpg,6.41
emirato47251301731.jpg,6.98
the-maksimov27959544231.jpg,6.12
the-maksimov21676122585.jpg,6.67
frantisim41594032811.jpg,7.62
jamesfox32454397714.jpg,7.19
yavuzselimturan8598675454.jpg,7.39
the-maksimov29193104156.jpg,7.6
janeway8613276231.jpg,5.63
frantisim37650275075.jpg,7.42
the-maksimov31926802020.jpg,7.35
frantisim40710878222.jpg,7.15
the-maksimov26169496515.jpg,6.82
frantisim40356737300.jpg,7.69
ichauvel26257127635.jpg,7.2
janbures_com33847970876.jpg,6.64
64163787@N0233797781092.jpg,7.07
the-maksimov23068962763.jpg,6.54
jilldimassimo14097897654.jpg,6.5
cheishichiyo8266575690.jpg,6.91
137620031@N0541606457235.jpg,6.31
the-maksimov26469099065.jpg,7.3
natali_antonovich31761204423.jpg,6.81
shutterscreamer45483450401.jpg,7.21
dorieo2136432629974.jpg,6.69
eau_de__se32935354082.jpg,7.87
frantisim37695105274.jpg,7.37
the-maksimov25822795413.jpg,7.07
harshalorawala38826628764.jpg,7.1
frantisim25593077707.jpg,7.53
frantisim26262925488.jpg,7.64
chrisbilodeau30279274864.jpg,6.43
the-maksimov25427837613.jpg,7.38
ms-photographe20075058932.jpg,6.9
meliseye34277384326.jpg,7.04
53366429@N0722938875696.jpg,6.81
89884634@N0626001862330.jpg,7.81
the-maksimov25280739649.jpg,8.21
101743283@N0831766913362.jpg,7.46
the-maksimov26056948932.jpg,7.85
the-maksimov28258706920.jpg,7.74
alessioalbi14536690495.jpg,7.18
dominet24183667552.jpg,8.02
frantisim28285308289.jpg,8.04
svklimkin35957503865.jpg,6.9
thierry786631306427753.jpg,7.33
148020413@N0833259580780.jpg,7.54
jordicorbillaphotography36914027870.jpg,7.17
the-maksimov27198784430.jpg,7.47
wernerkrause27006716005.jpg,7.62
gretatu7178371762.jpg,8.44
natali_antonovich35466715740.jpg,6.71
frantisim40011958470.jpg,8.45
131226413@N0839143612844.jpg,6.84
rogerdanny25758602676.jpg,7.11
elliotjimenez7391181022.jpg,7.06
pseudo_hatred5980838612.jpg,6.67
16146765@N086179482593.jpg,7.77
dannysantos17215699730.jpg,6.93
the-maksimov25853752816.jpg,7.46
the-maksimov20956184910.jpg,8.48
the-maksimov27141521343.jpg,7.13
the-maksimov25602247811.jpg,7.56
natali_antonovich35857912355.jpg,6.61
the-maksimov29242046925.jpg,7.99
the-maksimov23226211483.jpg,8.07
svklimkin39114227641.jpg,7.0
the-maksimov24581129530.jpg,7.32
133348547@N0439254881645.jpg,7.75
picsessionarts33318993414.jpg,7.32
the-maksimov20052597060.jpg,7.42
the-maksimov23661380459.jpg,7.25
natali_antonovich35814027856.jpg,7.08
dorieo2136432628614.jpg,7.21
125864675@N0427640872543.jpg,7.75
18186142@N0529698871767.jpg,7.53
pinomangione32402907716.jpg,6.96
alessioalbi16445248883.jpg,7.05
eulenfan42421008302.jpg,7.17
94265950@N0524654798012.jpg,6.94
124040057@N0825853150224.jpg,7.69
toshofosho11200836356.jpg,7.22
cubagallery8351018629.jpg,8.0
zventure31131610682.jpg,7.86
gianstefanofontana33122173791.jpg,8.0
svklimkin31573181518.jpg,7.29
imtiazkabir28303529076.jpg,6.94
the-maksimov25594799055.jpg,7.65
153779403@N0543837242681.jpg,7.29
the-maksimov26150903950.jpg,7.13
dominet24313174410.jpg,8.14
77136928@N0425051228448.jpg,7.4
bidun31284270796.jpg,7.9
110112922@N0227230905870.jpg,7.89
kostakis37193176284.jpg,7.22
frantisim27596872709.jpg,8.3
geezaweezer43349987874.jpg,7.65
geezaweezer30241402788.jpg,7.88
148020413@N0833475014705.jpg,8.69
beatrice3d24805843905.jpg,8.46
towytopper25956738926.jpg,7.75
svklimkin37025683923.jpg,7.93
