image,score
barbstur1150414744.jpg,3.0
hengbok-nikita4330694662.jpg,2.6
10059955@N044256134717.jpg,2.71
63526336@N0829215944230.jpg,2.83
vallys_baxter5153459293.jpg,2.09
mde58896054560.jpg,2.34
whiteshadowphotography2379382435.jpg,2.25
icinity3665885877.jpg,3.36
julev693949959549.jpg,2.56
14989398@N053437546133.jpg,3.82
estevesm2467250770.jpg,2.92
8266535@N051102663065.jpg,3.96
sure20104985605237.jpg,2.4
stefan_cioata_photography3286960831.jpg,3.55
nicholaspap3440691087.jpg,4.37
27486251@N033656159827.jpg,3.75
thebraindead7376668380.jpg,2.39
from_tam540141618.jpg,2.64
27516608@N083798195993.jpg,2.77
idgie2552115168.jpg,2.46
47246995@N00174060589.jpg,2.88
ms_holmes4709207426.jpg,2.65
vallys_baxter3068812868.jpg,3.31
uelis2866675915.jpg,3.35
thehidaway6861541184.jpg,3.53
85724188@N005052310999.jpg,2.54
z-al9an33674404241.jpg,2.25
saint16044613941047.jpg,2.89
myri_bonnie2316368748.jpg,2.96
akras3808389066.jpg,2.88
29427667@N033889840555.jpg,3.32
hk2006127463202.jpg,3.92
anaybromelia2291470205.jpg,3.36
37978092@N026297371162.jpg,3.29
90171279@N002607388294.jpg,2.96
evolutionofray26729215164.jpg,3.19
48479991@N0624481197220.jpg,2.9
35687633@N023661138860.jpg,2.23
34554850@N005044755796.jpg,2.57
natasharuzynski5501063512.jpg,2.09
nikolailiev4273742111.jpg,3.03
juventina_s44952429.jpg,3.5
dkd290667332.jpg,2.69
loca-bandoca3617620188.jpg,2.0
alberto_de_marco5040892877.jpg,2.69
plastimodelismo_akira3898028059.jpg,2.15
hengbok-nikita3462778996.jpg,2.58
sure20105362490061.jpg,2.09
transgress390125311.jpg,2.98
chikache172618547.jpg,2.42
billy_wilson3348330536.jpg,2.54
aloalosabine6185748290.jpg,2.75
lucy704187655201.jpg,2.38
mari_ella4293789374.jpg,1.71
rashyd2812844041.jpg,2.79
sizima364548184.jpg,2.35
arnistm2986924151.jpg,3.63
135557871@N0524349508434.jpg,2.46
osa_photo_life4846626959.jpg,3.5
eagle1effi31569263936.jpg,3.34
harryshots5452232677.jpg,3.18
danayeager42982891890.jpg,3.42
korniliakoukoutsi3043372006.jpg,3.19
14228038@N0643955918440.jpg,4.12
humie3402346998.jpg,3.41
101217468@N0733226621086.jpg,3.39
focusman5383522420.jpg,2.83
91014938@N0522871620063.jpg,3.71
araswami3735493540.jpg,3.92
sdpage2768503014.jpg,4.22
hilmiringi2907517444.jpg,3.37
writing22673106313.jpg,3.27
parismadrid3163482498.jpg,3.79
hc_nielsen45272163881.jpg,2.95
flint12326585415764.jpg,4.46
jazziebaz31783341064.jpg,4.03
bonespics28759622796.jpg,3.33
ricco-t2323109221.jpg,3.48
nzsofika25707273088.jpg,2.95
drewdaviesphotography47795581091.jpg,4.55
orianaitaly3052119180.jpg,3.52
134937053@N0425613950500.jpg,4.06
sundance73367051460.jpg,3.98
136257077@N0326241849129.jpg,3.83
infomastern25702327894.jpg,3.62
bigalginn16875471639.jpg,3.77
arimm46803618162.jpg,3.53
bjamel33037515770.jpg,3.58
faroau30418513264.jpg,2.96
barbarissima26757876850.jpg,2.97
justme421394271260.jpg,3.96
patiblue2485304595.jpg,3.58
annieta_photography_nl22328158296.jpg,3.6
jarrowka24416655686.jpg,4.51
enginszensokakta31822360638.jpg,3.65
goldi_lichtbilder18702147895.jpg,3.67
30847724@N067121597787.jpg,3.74
145104060@N0328849609763.jpg,3.02
brucetopher31097442241.jpg,3.71
magic_rainer27647843382.jpg,3.81
mathieu_tomasino36974146262.jpg,3.44
94694563@N0523499584412.jpg,2.9
hayashina26152986513.jpg,3.85
thenbman9518864990.jpg,3.58
disenchantedaisy2227720457.jpg,4.08
134901642@N0329430638910.jpg,3.21
eagle1effi23990225121.jpg,2.96
131256734@N0423687501684.jpg,3.53
eddieross5146558217.jpg,4.67
c-s-n37944722962.jpg,3.9
something2see41801974821.jpg,3.61
sfurusho5950803064.jpg,3.33
11815777@N0739922963302.jpg,3.62
96185638@N00326434090.jpg,3.23
130443954@N0622003667619.jpg,3.88
119764663@N0219943285838.jpg,4.54
stanzim40833784644.jpg,3.85
koaxial42570623830.jpg,3.81
56098857@N0427258935392.jpg,3.39
robynhooz39414107250.jpg,4.79
damienwalmsley31169605503.jpg,3.81
litewriter21059871825.jpg,3.92
dn_o24072381949.jpg,4.17
85474712@N0627732536735.jpg,3.87
strocchi28536519784.jpg,4.23
65039623@N0522043010166.jpg,4.14
106679516@N0624260683660.jpg,4.29
29482098@N048122521071.jpg,3.43
zeeyolqpictures22601224402.jpg,3.74
panos_adgr44433209025.jpg,4.62
kerann16514682429.jpg,3.79
infomastern27157859782.jpg,3.81
mihil43923212054.jpg,4.18
janbt36820573796.jpg,3.92
devansh2523138451.jpg,5.27
fallykillradio22772003670.jpg,3.31
mauro_hilario_perspective31036809412.jpg,4.02
hendraxu30513720714.jpg,4.45
nardell2862700041.jpg,4.01
anselmoportes27494682107.jpg,5.05
karolfranks40163955104.jpg,4.47
danayeager44794333651.jpg,4.03
karenmcq28222720196.jpg,3.88
kondexxx32520635896.jpg,3.18
sabinche542275210.jpg,4.53
vintagevix22593041014.jpg,4.12
hstachel36554868024.jpg,4.45
zeeyolqpictures27908654951.jpg,3.92
celticsong2225046362528.jpg,2.71
carbully26624398641.jpg,4.45
119509436@N0620047452349.jpg,4.13
apollo2012sungod29232179172.jpg,3.02
infomastern22616958140.jpg,4.5
rh_photographic_art43300728091.jpg,4.38
f_stop1324295023633.jpg,4.1
infomastern26594216302.jpg,3.8
fallykillradio30216919113.jpg,4.29
e_liddell15247799940.jpg,4.3
eliehuang207574464880.jpg,4.4
rcmcm32501423061.jpg,4.63
138545215@N0730026806313.jpg,3.89
93140826@N0727116735251.jpg,3.5
lynket533987465120.jpg,3.79
imaeland40803518562.jpg,4.21
kerann16602554318.jpg,4.11
jrubels34451607416.jpg,3.77
davidmcclean6714806861079.jpg,3.88
mcteacher24149866273.jpg,4.1
barbaraelaw23079863683.jpg,4.62
albygent25924781018.jpg,4.21
infomastern25073742916.jpg,4.04
kdxweaver4725642423.jpg,4.46
mkh_ewu6185516361.jpg,3.62
frata6015342292110.jpg,4.62
masteriksi26197184039.jpg,4.08
kerann16336098550.jpg,4.54
franzrenan8948293226.jpg,3.1
fallykillradio29359048476.jpg,3.65
pln-photography16347872119.jpg,4.78
davidyuweb28989578196.jpg,3.71
143135599@N0439063557500.jpg,4.77
124026026607234.jpg,4.21
martynstarkey3562511744.jpg,5.15
brucetopher34409327482.jpg,3.6
135721434@N0630229395886.jpg,4.58
geoffwi10037024583464.jpg,4.18
131931152@N0833636602250.jpg,4.99
102583985@N0524510718567.jpg,3.87
astroguigeek24471088462.jpg,3.7
terje-helberg-photography29800887264.jpg,4.67
kimtashjian43389020192.jpg,4.75
carlcohen_pics24671336779.jpg,4.34
sue_zamecnik37810229452.jpg,4.08
115536588@N0828235907256.jpg,3.67
136784402@N0623159019550.jpg,4.56
67966149@N0416987266812.jpg,4.19
25028645@N002566528059.jpg,4.25
44236944@N0736053597323.jpg,3.63
28429128@N0511778426774.jpg,3.97
144677466@N0528789002113.jpg,4.5
amury19902660990.jpg,3.5
rkottakkal21713322833.jpg,5.06
infomastern19193490540.jpg,3.75
natali_antonovich34088479242.jpg,3.21
tonio06fr28890710140.jpg,4.21
csl211230260485358.jpg,4.85
imme36276933591.jpg,4.97
jimiboe23703596706.jpg,5.0
karenmcq39867495261.jpg,4.38
mondonack24553885017.jpg,4.09
goran7426995892618.jpg,4.52
weserkind41067885974.jpg,4.04
ronald_g_garcia25258734977.jpg,3.88
illawarra4732137207.jpg,4.05
127159703@N0421167005413.jpg,3.27
stephanexpose39020028190.jpg,3.67
thomasreissnecker27041068494.jpg,4.27
11994078@N048561228996.jpg,5.24
laurinovakphotography40666657763.jpg,5.01
nzpix40191083881.jpg,4.52
squarequilter14854044874.jpg,3.12
127563121@N0820981198293.jpg,5.1
edsaunders26158490759.jpg,5.74
annieta_photography_nl30351517883.jpg,4.39
46818265@N0238416370296.jpg,4.11
135557871@N0526750253175.jpg,3.02
stefaniejeske34437005526.jpg,3.83
fallykillradio31473273535.jpg,4.21
dordrecht-holland39436409314.jpg,4.18
15465292@N0016126265189.jpg,4.1
infomastern27025078631.jpg,4.23
73806732@N0437927297474.jpg,3.79
mthana6945183632274.jpg,4.02
emmanuelle_baudry38706515542.jpg,3.21
seanwatson37360939915.jpg,4.52
patiblue2701344935.jpg,4.3
andystones6425977425333.jpg,3.45
fang-ching-lee26628096056.jpg,4.53
shikher27320416474.jpg,3.75
kendo2629862792020.jpg,3.83
28429128@N0519506375188.jpg,3.6
144486236@N0743555743250.jpg,4.04
27940925@N0736978336705.jpg,3.2
kendo2622466056484.jpg,3.27
137731904@N0530190658147.jpg,2.83
beritsundman32061858836.jpg,4.79
danielhopkins18329046826.jpg,4.16
ksiphotography3936408835.jpg,5.18
gmorlando43370178360.jpg,3.88
91014938@N0528230391041.jpg,4.35
pixelgewitter25416523950.jpg,4.82
fallykillradio30550362203.jpg,3.86
lebelge43493085661.jpg,4.21
90133211@N0520258075879.jpg,4.19
woodhick44461264672.jpg,5.06
134371499@N0336575416190.jpg,4.57
juliajbm21474416713.jpg,3.58
103465176@N0529484000553.jpg,3.58
buzzby091475917308.jpg,4.02
viv3rai23890239677.jpg,3.73
geoffeccles39363763434.jpg,4.46
alex-de-haas32163981786.jpg,4.17
infomastern25707605220.jpg,4.68
iainmerchant40801902234.jpg,3.96
133037723@N0526773468264.jpg,3.92
28429128@N0517087913701.jpg,4.61
imaginaryguy36550450916.jpg,4.58
109694135@N0524727405276.jpg,5.25
andyb237826536500330.jpg,5.76
89765119@N0614531663919.jpg,4.45
fallykillradio38200618302.jpg,4.11
fallykillradio32689932112.jpg,4.47
galepiccar29001517052.jpg,3.78
76913284@N0617738865083.jpg,5.44
97088698@N0623215341883.jpg,5.37
130389079@N0716453870851.jpg,5.11
paulmalcolm18172446708.jpg,5.22
damienwalmsley40986157654.jpg,4.54
mau_tweety3466657398.jpg,4.75
115302921@N0224971470641.jpg,4.74
gmorlando45063259545.jpg,3.87
steo7114464561800.jpg,3.97
100475562@N0527923694933.jpg,4.97
joceykinghorn31070425498.jpg,4.54
zeeyolqpictures31709178780.jpg,4.85
127840959@N0416892921466.jpg,4.88
85474712@N0628142867921.jpg,4.83
predragbubalo39144232502.jpg,4.32
kendo2637456316572.jpg,5.22
lawatt46765379495.jpg,3.62
69325234@N0614952439447.jpg,5.12
robynhooz25248406187.jpg,5.97
marichris9506479101.jpg,5.14
infomastern18202661571.jpg,4.43
840410127312420722.jpg,4.52
gmorlando27876673439.jpg,5.14
kota-g17489890698.jpg,4.96
crosslens2483852820.jpg,4.06
magdabanach1337218457460.jpg,4.83
holfo14996448119.jpg,5.25
fallykillradio35795913872.jpg,5.35
andygocher23411551320.jpg,4.01
88198496@N0426063238912.jpg,4.53
stardex4579622657.jpg,5.15
miroslavhajduk18513637322.jpg,5.13
137167666@N0828603850162.jpg,4.88
che-burashka2642788256.jpg,5.06
ikoonan46805282154.jpg,4.79
lotharheller35853329014.jpg,5.04
149819210@N0526670838888.jpg,5.46
24483707@N0247411361802.jpg,4.86
orbed14221469937.jpg,3.81
76913284@N0617951112384.jpg,5.35
robinbirdman31248277784.jpg,4.71
eagle1effi31230731405.jpg,4.64
126735816@N0442810495930.jpg,5.02
113979535@N0617851277593.jpg,3.83
47115420@N0631627727860.jpg,5.06
140704537@N0829960018505.jpg,4.29
jdwcurtis27839402603.jpg,4.49
131661477@N0624014841106.jpg,5.22
zeeyolqpictures28723742530.jpg,5.99
magz130224915501467.jpg,5.07
infomastern24183435482.jpg,4.42
kendo2633577118506.jpg,5.0
bigbrowneyez47225263751.jpg,5.01
fallykillradio29142780677.jpg,4.34
crimsonbelt16640293020.jpg,3.7
156805248@N0631640246178.jpg,3.7
120578638@N0822860336387.jpg,4.51
100202255@N0826526876668.jpg,4.91
natali_antonovich34305873376.jpg,3.5
zeeyolqpictures29260352502.jpg,6.38
143850343@N0633555084925.jpg,4.73
marcelopodesta32082461564.jpg,4.85
32532032@N0621727445310.jpg,4.81
mnasr8822783959636.jpg,5.57
80270136760310165.jpg,5.1
kendo2633720432201.jpg,4.33
41296339@N065852627086.jpg,4.35
by103_1529228650402.jpg,4.0
lookatleannespictures25500425594.jpg,3.99
infomastern24782691373.jpg,4.15
lense2331251425415.jpg,4.1
dariomanfrinatiph26434881606.jpg,5.2
106879657@N0826101577950.jpg,3.9
rharanczak21072300246.jpg,4.88
126330948@N0526387295663.jpg,4.47
suzannamars27849095132.jpg,4.62
robinbirdman32200171376.jpg,4.27
28429128@N0522392472364.jpg,5.33
139445086@N0340000221594.jpg,4.32
jrdoe200920482754939.jpg,4.75
carmemfarina3253623825.jpg,4.02
colinsd4044128734835.jpg,4.88
light-and-colour42469064801.jpg,3.38
gailp2rt8354987716.jpg,4.42
javierdiazb40530104195.jpg,5.21
48912849@N005057931223.jpg,5.3
81838550@N0335017362135.jpg,4.5
109402616@N0736284860934.jpg,4.88
ariejand33515924103.jpg,4.25
131137621@N0642220069232.jpg,3.71
question_everything35631579164.jpg,4.45
128372614@N0716254600851.jpg,3.5
donvucl29433343064.jpg,5.22
brartist33889688213.jpg,4.31
130671887@N0839621699905.jpg,4.44
lawatt32735118447.jpg,3.45
zstincer5053302366.jpg,4.15
134605693@N0626360924406.jpg,5.05
142747081@N0528594057601.jpg,3.79
powerfocus9663890189.jpg,5.22
rosemarydanielis28784476633.jpg,5.04
fallykillradio45009379182.jpg,4.63
eulenfan26943941621.jpg,4.64
eddie_crutchley26068089261.jpg,4.71
103890477@N0331078772515.jpg,4.42
lol_im_bored30627772924.jpg,4.1
94803194@N0826375634033.jpg,4.61
129121669@N0438220732482.jpg,5.35
natali_antonovich34071431511.jpg,3.85
150084797@N0337512956250.jpg,4.46
61500086@N0333414013570.jpg,4.94
lindayaecker41440121630.jpg,4.56
rschnaible8660990213.jpg,4.24
carlcohen_pics25521341006.jpg,4.58
infomastern28285432632.jpg,4.65
thelightningman45720740912.jpg,4.75
127298521@N0225204322380.jpg,5.69
la_collina_dei_criceti36545550326.jpg,4.58
103141185@N0716231726276.jpg,4.44
54904770@N0433227313711.jpg,4.96
carbumba27548412303.jpg,4.23
11890078@N0215304047042.jpg,4.64
tisdale5346123642575.jpg,5.16
88198496@N0437103523111.jpg,4.13
126584454@N0822773285263.jpg,4.61
125567240@N0221931199884.jpg,3.88
cordan1275309278.jpg,3.94
pop383076056550.jpg,5.12
kendo2647226916981.jpg,4.97
117320393@N0419661085502.jpg,5.38
fallykillradio45170121551.jpg,4.87
nondesigner18956244660.jpg,5.5
mmoments28484427360.jpg,5.29
alexrg34368510593.jpg,4.54
arekev40860463541.jpg,4.99
howiemudge43669881111.jpg,4.63
g_a_photography7670750086.jpg,5.17
116029933@N0236995725690.jpg,4.78
lynket533503757284.jpg,5.26
gr3g0_6637670827186.jpg,4.32
129654140@N0539027308881.jpg,5.47
130734354@N0435076982820.jpg,4.51
andyb237822510472959.jpg,5.42
sonieta42480879132.jpg,5.21
88282827@N0030800727966.jpg,5.82
126232476@N0626542169795.jpg,6.33
122052914@N0537228478456.jpg,4.94
anto4744916088032.jpg,5.9
fogline40826371162.jpg,4.71
iainmerchant30408615206.jpg,5.56
fallykillradio30361378638.jpg,5.31
106879657@N0832383499706.jpg,5.2
eggii14772011621.jpg,5.12
127981057@N0536439355225.jpg,4.83
regina_austria2843241752.jpg,5.99
blueocean6428610545902.jpg,5.45
malcbawn28021630599.jpg,6.33
lupogrande25749543307.jpg,5.88
nora-meszoly23427863025.jpg,5.29
kendo2627305624619.jpg,5.84
142432893@N0830801732204.jpg,4.75
lunaryuna15488107800.jpg,5.59
fallykillradio22470458796.jpg,5.03
148293862@N0746682928784.jpg,3.96
jorditroguet19294771396.jpg,5.75
fallykillradio22242993984.jpg,5.03
davelawler28289599898.jpg,5.11
che-burashka3515120520.jpg,4.46
29487672@N0741713015904.jpg,5.48
wdterp43496047885.jpg,4.55
840410121039653686.jpg,4.61
132569667@N0319866237696.jpg,5.92
luz-marsen21360470600.jpg,5.34
bigbrowneyez30155390837.jpg,5.31
jwhanley24906549515.jpg,5.97
14488898@N0237936464974.jpg,5.05
frostnip33715423202.jpg,6.43
iainmerchant32693231171.jpg,5.73
fallykillradio20552077618.jpg,4.91
shastajak28363042810.jpg,5.0
ille4324801602822.jpg,5.28
127195991@N0719107909081.jpg,5.29
131370909@N0433267265815.jpg,5.12
137040299@N0528611521148.jpg,5.54
shotsbyrocky27582505189.jpg,4.75
a_walden43784581031.jpg,4.86
essale29541551486.jpg,5.2
peteandgayle36358993444.jpg,5.7
128459627@N0723265069543.jpg,5.78
celerrimus16708678838.jpg,6.08
ted_bowman_photography46247108214.jpg,5.96
jpleo28124516297.jpg,5.81
hiway7731791443418.jpg,4.71
porthmeor32472583731.jpg,6.04
fallykillradio30871820886.jpg,4.36
helminadia3833194357.jpg,6.34
marie-elises28436191923.jpg,5.1
144265228@N0637283366604.jpg,3.75
dinkelpizzaessenbeipizzamum26096537755.jpg,4.89
135538231@N0525900381716.jpg,5.56
andystones6431857826210.jpg,4.87
jeanmclane26759825514.jpg,5.13
124506989@N0726984409613.jpg,6.04
ranz21443759266.jpg,5.64
100814590@N0634634412646.jpg,6.17
55955186@N0436374390664.jpg,6.13
kimtashjian21723836129.jpg,6.07
137746646@N0324738104309.jpg,5.88
ozkantayfun38232394966.jpg,5.13
131542641@N0638197732971.jpg,5.33
andyb237822314500574.jpg,5.29
pentlandpirate38623961981.jpg,5.57
100455311@N0724197543443.jpg,5.29
kendo2639163677152.jpg,4.67
purifm27599663377.jpg,5.29
caledoniafan28515239371.jpg,4.41
94902477@N0529156966522.jpg,5.96
hawksky8189612842.jpg,4.9
lindsaywhimsy43296508922.jpg,6.15
crybaby7526680393053.jpg,5.2
mzappano33349718888.jpg,4.53
normanjackson44264682804.jpg,5.13
9668509@N0728537360266.jpg,4.67
annemiekeprozee12256607695.jpg,4.75
125756599@N0637202300716.jpg,5.21
kendo2634609425693.jpg,5.79
brian_doucette1113256784.jpg,4.92
esbunuh32731147090.jpg,4.78
129648924@N0430423652178.jpg,6.17
jaf_photo17160324613.jpg,5.77
marcinkoczyk38252385496.jpg,5.99
110186192@N0415936392915.jpg,5.05
steven_peachey24632448801.jpg,4.83
natali_antonovich33051601706.jpg,4.56
98474349@N0038900987002.jpg,5.98
128702929@N0331579476857.jpg,5.97
rockartwolfy15793737534.jpg,5.79
aram_bagdasaryan43994335084.jpg,4.96
24557420@N0520464107571.jpg,5.57
145402505@N0637010463635.jpg,5.1
84788026@N0617140813987.jpg,4.33
126232476@N0619422710460.jpg,5.54
kendo2637979486585.jpg,5.58
cq_alex30040492394.jpg,6.72
martijnvdnat36736458675.jpg,6.12
99585003@N0830700595231.jpg,4.8
andystones6426901001972.jpg,4.65
ennev8734248983.jpg,4.55
49304401@N0034354083613.jpg,5.05
dmh6441311477361.jpg,5.05
olbezki30101905781.jpg,6.44
100313280@N0827721609895.jpg,6.43
the-father5026294901.jpg,4.94
145402505@N0646848320151.jpg,6.23
ivanterziisky23383227509.jpg,5.42
103186186@N0531056505975.jpg,4.79
16021433@N0727418650714.jpg,5.18
eulenfan27810695915.jpg,4.58
moonjazz44083314360.jpg,5.65
136993554@N0538959745574.jpg,5.86
photofool868024383.jpg,6.05
30939846@N0729670889325.jpg,5.15
96767980@N0735945313594.jpg,4.5
142432893@N0831694435271.jpg,4.37
fallykillradio42620967460.jpg,4.88
jadedirishgryphon45444397775.jpg,4.62
tony-bueno27913271945.jpg,5.05
atassberg16903577170.jpg,4.95
mcclanahan10956414.jpg,4.26
44719343@N0330507640916.jpg,4.78
soniaadammurray25123201270.jpg,4.44
irene342967006732.jpg,4.87
46228501@N0839240919065.jpg,6.25
142432893@N0830405143072.jpg,4.45
hphil201143686922381.jpg,4.58
lindsaywhimsy41657914790.jpg,4.25
fallykillradio24102864211.jpg,5.6
mcham26237715908.jpg,5.61
34467963@N0216960413232.jpg,3.9
sdekouadio33804528778.jpg,6.32
stunixus29930981937.jpg,5.54
126330948@N0528107997890.jpg,4.21
133826524@N0224935658250.jpg,4.71
karamanis_stavros31964096365.jpg,5.09
andystones6426498253001.jpg,4.81
80136879@N0533790524910.jpg,5.05
cjcory41077054652.jpg,4.96
missy_jussy43028008845.jpg,5.45
sdup47259779512.jpg,6.28
99255026@N0728208096531.jpg,4.52
103186186@N0537797674195.jpg,4.27
mrphilmy39647050070.jpg,6.05
sabinche17928699754.jpg,5.2
rtaphotography31926643216.jpg,6.5
ssabphotos16375377551.jpg,5.13
littletinperson26425210807.jpg,3.69
146401744@N0833731488164.jpg,6.14
155094275@N0839768727974.jpg,5.29
141657472@N0731612909843.jpg,5.31
129635229@N0219458261038.jpg,6.12
-londonlights40628371461.jpg,5.91
parismadrid26464826212.jpg,6.57
marumeganechan15554693723.jpg,6.11
michelegrazia15765478871.jpg,5.51
134882310@N0521642846606.jpg,5.79
lotharheller36521239046.jpg,6.42
simonealbini42950895244.jpg,4.99
mcmac_7014605220458.jpg,4.81
luishernandez2338116652671.jpg,4.94
102472425@N0631939024145.jpg,4.56
56662332@N0432393268836.jpg,5.56
cjcory36884214845.jpg,4.96
117410045@N0521691954438.jpg,5.59
no_ok23992993262.jpg,5.12
146618359@N0340800749104.jpg,5.66
bigbrowneyez24075969594.jpg,5.65
jeffclow4513544652.jpg,5.58
s_inagaki26159514814.jpg,5.8
flametree25335420534.jpg,5.55
carlcohen_pics29953392131.jpg,5.11
22108884@N0443162106512.jpg,5.87
heimatiater2398231964.jpg,6.42
134371499@N0339679947420.jpg,5.68
claudiamarlene31669461930.jpg,5.97
carsten_k26733191362.jpg,5.94
144281643@N0233007751745.jpg,6.42
artiste24_artiste2426831122337.jpg,5.96
essale26963914053.jpg,5.26
benush24693037192.jpg,5.42
73949996@N0016693667789.jpg,4.96
142432893@N0832904853890.jpg,5.15
116683234@N0415006291614.jpg,6.52
alex-de-haas39342776930.jpg,6.91
patrickmilan40775650264.jpg,5.46
corpsehatch14308681961.jpg,5.31
77818539@N0815618918639.jpg,5.65
142432893@N0830854667440.jpg,5.67
stone6519763076963.jpg,5.33
pilou658141652.jpg,6.61
vbvaphotos34358379162.jpg,4.88
94447942@N0330903037940.jpg,5.87
68669953@N0432131679233.jpg,5.83
by_ljucsu29769125231.jpg,4.72
silvia_photog32301129615.jpg,5.78
66176388@N0013937927298.jpg,5.66
doods-euphoria25280677711.jpg,4.95
greenwaters20893485686.jpg,5.36
ojeffrey32052757087.jpg,6.64
pohlhaus35509004950.jpg,6.11
134825529@N0723884284458.jpg,5.65
129654140@N0531388779580.jpg,6.48
155586639@N0344032051710.jpg,6.21
66646423@N0425247705210.jpg,6.1
94400000@N0626187156138.jpg,5.85
panos_adgr34558169313.jpg,5.73
60179651@N038678471548.jpg,5.95
almostinfamous4839793123.jpg,6.1
piscesromance2637967967.jpg,6.03
dan456424045104929.jpg,6.15
pilou3545632944.jpg,6.49
lakota4124577622113.jpg,6.38
73949996@N0016692232708.jpg,5.1
ncamill27841096173.jpg,5.49
theopendoor30865481310.jpg,5.75
145959388@N0834858269872.jpg,5.42
heinzkren28002050919.jpg,5.65
soniaadammurray24151125822.jpg,5.1
gilbertdogs30076113811.jpg,6.04
154217310@N0730567472087.jpg,5.79
billy_d24457208742.jpg,6.28
alanpope22552940903.jpg,5.7
61500086@N0333856164806.jpg,5.92
natureloving478297526.jpg,4.72
142828283@N0227302940193.jpg,5.83
hiker5624747945252.jpg,5.96
124824821@N0628741280990.jpg,5.57
dalmatino5595616245.jpg,6.06
cnajhar24530487683.jpg,5.67
studioferullo33600831554.jpg,6.42
umingmak_productions32434579655.jpg,6.24
144729932@N0237078611954.jpg,5.94
40629145@N0245878743841.jpg,6.23
erik_van_hassel30998746686.jpg,6.04
134237162@N0522483243878.jpg,6.06
139518155@N0526067369418.jpg,6.61
bavare5128201660579.jpg,6.23
ille4326055346520.jpg,5.26
101450720@N0534752468751.jpg,5.27
puzzola_family3504670596.jpg,6.03
148293862@N0738798801131.jpg,5.6
130881643@N0441694657170.jpg,4.92
gmorlando22274568558.jpg,5.17
derodeolifant33797717943.jpg,4.4
135782975@N0732651649593.jpg,5.56
fallykillradio31002029428.jpg,6.44
strocchi46156650542.jpg,7.11
30939846@N0745924843682.jpg,5.55
blueocean6426523661293.jpg,5.38
darek_drapala46225265334.jpg,5.21
cluckyjoesphotos25045959705.jpg,5.58
92527814@N0629332737823.jpg,5.89
99255026@N0732067363424.jpg,5.27
vaeltaja4247439632.jpg,4.56
fallykillradio32102788614.jpg,5.65
138072983@N0833604491882.jpg,6.26
francoiannello29958738437.jpg,5.02
135782975@N0732675117204.jpg,6.02
134240148@N0619670597778.jpg,5.72
gtsimis33621825340.jpg,6.22
14017876@N0243153433850.jpg,5.74
ulliottj15582354941.jpg,6.13
helmet_1324133430818.jpg,5.5
22297595@N023482945457.jpg,5.95
127350202@N0219588132539.jpg,5.62
sussexscorpio31177323005.jpg,5.96
nana03138241873366.jpg,5.44
klausficker6578357747.jpg,6.71
56218409@N0329124646825.jpg,5.37
nmaicas37454368654.jpg,6.29
patrickmilan40820311474.jpg,5.72
kristine_ann25749409636.jpg,5.76
smiller99937812810582.jpg,5.52
151209268@N0228492126058.jpg,6.06
mikeyphillips20450308602.jpg,5.62
cordan14508486914.jpg,6.03
74774206@N0428965364592.jpg,5.42
justin-time33295992852.jpg,6.9
noahbw32929148726.jpg,4.87
94447942@N0331109426922.jpg,6.78
manonvanderburg20845174044.jpg,6.18
kerkaya14438231244.jpg,6.71
mmawad7628092969190.jpg,5.67
mau_tweety3046698452.jpg,6.92
106802698@N0821948311194.jpg,6.82
mikedanneman28326689815.jpg,7.0
jessieleong7186594958.jpg,6.88
photofool2765119346.jpg,6.85
simonthgolfer23158630276.jpg,6.58
romano_201324575461816.jpg,6.79
ololiuqui15382161004.jpg,5.14
stefanobosso216607686046.jpg,5.78
137746646@N0323881382249.jpg,6.19
33984475@N0210613868606.jpg,6.75
abnjunior25614240733.jpg,6.7
144062484@N0636742025041.jpg,5.72
darek_drapala31832615172.jpg,5.92
andreealoredana29538856355.jpg,5.21
pkub14230653555.jpg,6.84
c_theodorou37659167435.jpg,5.57
christian_heller27921959079.jpg,6.57
115188198@N0331109776350.jpg,6.0
ystenes3576173505.jpg,6.27
126616561@N0819326610848.jpg,6.17
pilou291292569.jpg,7.35
115392786@N0524142384626.jpg,6.64
juleann37888047954.jpg,5.03
richard-north27085000876.jpg,6.63
116189596@N0533273730288.jpg,5.53
circledthrice20393141959.jpg,5.65
ololiuqui14350178046.jpg,5.87
92051962@N0226151503753.jpg,6.52
kerstinsworldofimages27903611980.jpg,6.65
baddogdiabolo8601578576.jpg,6.97
mattgranz14279074705.jpg,7.21
131319372@N0628064682241.jpg,6.75
142520976@N0536643182420.jpg,6.68
kartaba40149817155.jpg,5.96
73949996@N0019513442544.jpg,5.56
natugraphy32447606584.jpg,7.27
shcolsson31227439835.jpg,6.8
93714235@N0830016115397.jpg,6.62
85314460@N0231500519428.jpg,6.14
andrzej-skaluba39419383240.jpg,5.8
zeeyolqpictures27249117653.jpg,6.64
91550765@N0638499870196.jpg,5.79
melystu32258529812.jpg,6.43
chrishamiltonphotos41833924434.jpg,6.74
63977906@N0038534263272.jpg,6.53
153474719@N0324314579948.jpg,6.67
vizzardik45576463211.jpg,6.0
holfo27676063860.jpg,6.45
andyorozco10322125954.jpg,5.88
129852415@N0727657113670.jpg,6.24
bobgeilings36243423042.jpg,6.1
cnajhar26249622911.jpg,7.04
kerriemeister26267281279.jpg,7.0
jimladeroute33367162845.jpg,5.46
baldmike201246937351641.jpg,7.58
slknatureandwildlifephotography39818730041.jpg,6.42
bugtris32650240665.jpg,5.45
141241843@N0839562543680.jpg,6.47
91550765@N0630132873897.jpg,5.86
126330948@N0522693263614.jpg,5.23
gianfloridia24707779559.jpg,6.39
flocvroff40775723721.jpg,5.34
152725045@N0740779902055.jpg,6.36
cnajhar25022196330.jpg,6.01
88203791@N0046701023565.jpg,5.87
westrock-bob15707046864.jpg,6.58
40629145@N0224983160367.jpg,6.47
46019178@N0544802563785.jpg,6.15
99255026@N0732151679240.jpg,5.06
mswansonphoto40238782764.jpg,6.58
elenaleong27733357402.jpg,6.62
pattyk6217179055646.jpg,6.4
dameboudicca18567006801.jpg,5.64
omygodtom38651303930.jpg,5.71
130685832@N0238312343961.jpg,6.48
iainmerchant39343594950.jpg,7.08
148293862@N0740425817513.jpg,5.88
jwhanley25451178757.jpg,6.15
136024221@N0525001068856.jpg,5.83
68449261@N0831297386546.jpg,6.04
theenmoy15426508014.jpg,5.78
adrians_art7198429292.jpg,5.53
sampost14892602287.jpg,6.53
olana25145242869.jpg,5.67
jelly-js42161937380.jpg,5.58
152965534@N0630260826348.jpg,6.39
darek_drapala34334033424.jpg,6.48
ulinea23662775578.jpg,6.59
nordtegn36239234502.jpg,6.54
zakopaneinthesierras32685340188.jpg,6.15
lkbphotographic43769073025.jpg,5.33
kitchou21817132612.jpg,5.75
lexdennphotos5448003003.jpg,7.3
103890477@N0326252440643.jpg,6.26
88198496@N0438045027401.jpg,5.83
maxum120127836872854.jpg,6.51
roseen31459007483.jpg,5.99
fabio_greco19699736136.jpg,5.64
fallykillradio23552076036.jpg,6.16
dameboudicca17652404916.jpg,5.62
kalakeli30089798048.jpg,5.83
jwhanley46625427964.jpg,6.18
129852415@N0724553752463.jpg,6.67
29577150@N0444572563314.jpg,6.08
124587351@N0619413698832.jpg,6.61
129887298@N0323716510293.jpg,6.72
derodeolifant43891870554.jpg,5.51
142432893@N0831750540715.jpg,5.53
grigoripetrov15486429455.jpg,5.85
37034324@N0524960980254.jpg,5.47
a350wg22306080646.jpg,6.25
sarahfraser6331591381908.jpg,6.72
risquillo2991680677.jpg,6.9
jarnasen22808524325.jpg,6.21
116189596@N0538638688095.jpg,5.95
l_chalmers23757868063.jpg,6.61
xela20138166979497.jpg,6.89
91550765@N0645061184812.jpg,6.58
tobi040614065022780.jpg,6.24
150919326@N0542512384005.jpg,6.49
zahidur-rahman29639652843.jpg,6.28
nicolariley20307422973.jpg,5.94
128000902@N0615995395680.jpg,6.96
dimmilan39787198492.jpg,6.72
mikeyphillips15775081154.jpg,6.11
121340447@N0337473897340.jpg,5.36
61357175@N0815506823931.jpg,5.67
lawsphotography27514552373.jpg,6.73
142183438@N0229651890861.jpg,7.09
kimtashjian39905997402.jpg,7.13
darek_drapala22062703322.jpg,6.62
helis-galerie36354766443.jpg,7.42
145104479@N0328200072562.jpg,6.44
91550765@N0622779287972.jpg,7.33
vrocha50024432727568.jpg,5.99
mariamk_201123019822561.jpg,5.64
123895834@N0831100225315.jpg,6.0
albertwirtz28446391543.jpg,7.42
93211533@N0440212254452.jpg,7.5
dameboudicca22617263474.jpg,6.4
markw1177photography39140629691.jpg,6.12
namhdyk36003550105.jpg,6.9
kingnik25027480665.jpg,7.36
ksg_fotografie27820292109.jpg,7.5
hunter190928468218625.jpg,7.34
clk_8314831962482.jpg,6.41
100184150@N0245630747282.jpg,6.84
radhkrishna17297077691.jpg,6.89
lindsaywhimsy43848357675.jpg,6.12
_siegl33292914090.jpg,6.49
intui-pro23266725400.jpg,6.69
98299122@N0525163171296.jpg,6.56
kerann16451742221.jpg,7.08
betsienel26359410784.jpg,7.42
chicagostyles5751407096.jpg,6.14
cnajhar26591931502.jpg,6.43
trm4222268617089.jpg,7.56
64254971@N0842534072030.jpg,6.88
martinzurek17919263563.jpg,8.12
56046403@N0433615453723.jpg,6.98
kayjen43130746494.jpg,5.6
arlete200633197147482.jpg,6.33
darek_drapala24149604261.jpg,6.83
theopendoor38423808714.jpg,6.47
54576605@N0039007728051.jpg,6.91
roymichelsensphoto3115692938.jpg,6.33
steff8088433542080.jpg,7.65
131963089@N0829414461701.jpg,5.96
161978893@N0227247128808.jpg,7.17
propeakphotography40877622173.jpg,6.92
stefanorugolo14243995436.jpg,6.75
papyjack29656451771.jpg,7.29
hlif_asgrimsdottir16898088051.jpg,6.44
alecrain38575834986.jpg,7.75
anders_333220640702.jpg,6.71
dwblakey45656873222.jpg,6.53
sue_zamecnik28157930766.jpg,7.04
97493871@N0632384942606.jpg,6.96
137373815@N0436603096736.jpg,7.31
cubagallery20597800141.jpg,7.45
sue_zamecnik29538952783.jpg,6.97
32114880@N0727122529678.jpg,7.92
9077088@N0225041813290.jpg,6.39
92990410@N0227286790551.jpg,6.77
zeeyolqpictures32680817005.jpg,7.25
ctfoto201323921480210.jpg,6.88
95381792@N0523384915373.jpg,6.53
johnalandut15626196150.jpg,7.55
126616561@N0827159091782.jpg,6.9
orry_200022253127994.jpg,7.73
justin-time21711507422.jpg,7.33
yasmine-hens34631780875.jpg,6.7
jeetgurjeet6678974155.jpg,6.81
kerriemeister32783673594.jpg,6.96
macnetpix36919398106.jpg,7.2
ololiuqui18960683649.jpg,5.88
ambilusion15741790588.jpg,7.08
gmorlando28164752482.jpg,6.6
takako_r_kitamura40234556811.jpg,7.17
armanayva25236702419.jpg,7.79
mikeyphillips16200963129.jpg,7.36
108161225@N0440380279442.jpg,6.78
katsrcool23581395488.jpg,6.88
kritayuga37074161491.jpg,8.17
yasmine-hens34178175273.jpg,7.08
olym2627660156806.jpg,6.58
95438214@N0031548459025.jpg,5.67
kayjen40174235561.jpg,6.95
delfilongo21733635112.jpg,6.19
ep_jhu25877228013.jpg,6.86
mikemezphoto17179618955.jpg,7.29
eric_12198631033611.jpg,7.61
jwhanley39169676251.jpg,7.34
129560388@N0732349675957.jpg,6.81
steven_peachey38749345642.jpg,7.94
124444990@N0525850463062.jpg,5.94
sgreeneptx29219946432.jpg,7.16
50566514@N0223881955648.jpg,7.35
16706350@N0024248031782.jpg,7.15
115188198@N0323495430192.jpg,7.46
131159122@N0531550404900.jpg,6.5
flowerweaver26970308353.jpg,6.29
133243349@N0523006394839.jpg,6.5
christie_by_the_river30276219444.jpg,6.67
jeanmclane29457243906.jpg,7.24
94400000@N0638155574605.jpg,5.52
mariovisser28841729807.jpg,6.75
matt_zanetti31752035367.jpg,7.52
mark_holt_photography23583879508.jpg,6.83
111350025@N0625315926561.jpg,5.51
fantommst30124735187.jpg,6.46
ftsai0122255036271.jpg,6.09
104161577@N0628446027240.jpg,6.61
arpitau31215852715.jpg,7.13
tigaf619531087912.jpg,7.77
dameboudicca16523870164.jpg,6.3
jarnasen15882497539.jpg,7.67
stevemillward18421654179.jpg,6.61
110211459@N0847656050981.jpg,6.64
123220137@N0616422305255.jpg,7.44
ablok26834865350.jpg,6.76
cladae40557983690.jpg,6.87
soniaadammurray24550117414.jpg,5.71
136390377@N0242204322730.jpg,6.93
jeanmclane30864945493.jpg,8.15
elenaleong23943140458.jpg,7.99
119959206@N0824578939617.jpg,7.17
97664410@N0215333333690.jpg,7.44
93560853@N0617672045715.jpg,7.99
134932046@N0322368982633.jpg,6.9
melvinschar37640209306.jpg,7.21
138209459@N0424517934183.jpg,7.71
images-twiston42942096125.jpg,7.71
63501627@N0615789123763.jpg,7.79
84935187@N0428752802226.jpg,7.42
kjkmep29387757018.jpg,7.87
photofool2458975272.jpg,8.37
79875133@N0436409064704.jpg,7.02
100860509@N0721718934893.jpg,7.7
7422037@N0637172616092.jpg,8.28
cluckyjoesphotos36990480563.jpg,7.27
98763899@N0746004781845.jpg,7.9
133889206@N0629414264863.jpg,6.79
126878806@N0424374106331.jpg,6.73
eric_12199840923036.jpg,8.14
124093236@N0418683447016.jpg,7.4
jwhanley46937967951.jpg,7.46
croydonclicker32009526478.jpg,7.54
darek_drapala47629868781.jpg,7.35
7422037@N0626522264392.jpg,6.71
alice24016108558128.jpg,7.71
130408998@N0237081915471.jpg,7.34
129313265@N0322032286540.jpg,6.74
93371050@N0241049504160.jpg,6.58
125992382@N0422793630366.jpg,7.04
135786738@N0732029595060.jpg,6.99
ahweilungwei22574657733.jpg,6.35
133090461@N0646156754402.jpg,6.67
kikomeinkater36802081920.jpg,7.25
159388097@N0640997003485.jpg,6.36
129455227@N0824948077072.jpg,7.11
tungchechang27332396262.jpg,6.19
153554993@N0839905030853.jpg,7.22
photos_buzzes_with_partcom27023249270.jpg,7.12
130408998@N0233494950633.jpg,7.79
130284270@N0418970609293.jpg,6.88
150151855@N0435702975232.jpg,6.22
bracomfotografie31219270176.jpg,8.26
117410045@N0530145923950.jpg,6.65
soniacm37677755644.jpg,8.41
117291948@N0829924993336.jpg,6.73
jenshaggren23040736341.jpg,6.93
bracomfotografie45753504141.jpg,7.71
dameboudicca22982906390.jpg,6.78
keithmidson28911588524.jpg,7.73
philocycler24431213032.jpg,7.99
wbeebe9122040308.jpg,7.39
123220137@N0620739540594.jpg,7.7
gregoryrohan38182498215.jpg,7.39
98395686@N0730129349795.jpg,6.61
stackofhay26224207045.jpg,7.75
bamawester23505367684.jpg,8.0
115188198@N0340532903441.jpg,7.12
kingnik29869942728.jpg,7.27
116424075@N0639815234785.jpg,7.66
149762673@N0228854981288.jpg,7.4
117410045@N0537709420671.jpg,6.68
65805628@N0532306658887.jpg,7.37
143898035@N0732540474385.jpg,8.02
eric_12197938680570.jpg,8.12
johnny9116027909728768.jpg,8.1
hunter190928202707420.jpg,7.75
alexfedoseenko42031213391.jpg,7.55
127332132@N0642324863622.jpg,7.77
rnewton15730272171.jpg,6.84
pilarski_rudy15454924997.jpg,7.8
darek_drapala14916310756.jpg,6.37
143851215@N0829351843941.jpg,6.58
albertwirtz26932608058.jpg,7.79
130284270@N0427453116166.jpg,6.86
132271845@N0532041192664.jpg,7.12
kitchou26931474164.jpg,8.38
kayjen36260403050.jpg,6.42
kerstinsworldofimages27554673893.jpg,6.63
ljsilver7135826185922.jpg,7.84
126878806@N0416749906756.jpg,7.56
stefanorugolo36404471043.jpg,7.78
143966226@N0642851563171.jpg,5.89
tglow7084959171.jpg,8.28
bricelambertpict28967818211.jpg,8.11
fallykillradio25242412253.jpg,7.53
elenaleong25550957067.jpg,7.52
thomasdruyen23048109821.jpg,7.35
123286953@N0724780887325.jpg,6.98
agrusoft46961636372.jpg,7.21
155590631@N0445840043895.jpg,7.17
anavicor42754946701.jpg,7.04
powerloader15835435946.jpg,7.48
115188198@N0338869133221.jpg,8.37
lrod39469538711.jpg,8.1
7422037@N0626147559483.jpg,7.0
olym2625609664672.jpg,7.23
cnajhar26412479893.jpg,8.04
elenaleong37624270952.jpg,8.04
7422037@N0628035615693.jpg,6.83
yasmine-hens35292444222.jpg,6.89
majamacanovic25744922668.jpg,5.9
163227033@N0245955999955.jpg,7.03
150775681@N0537879809654.jpg,7.12
64534310@N0728111769067.jpg,7.81
44991205@N0324735990815.jpg,7.81
150689779@N0829255034367.jpg,7.95
fstige25710213223.jpg,6.63
jarnasen34683054041.jpg,8.16
sabinakurt6236878684653.jpg,7.77
145089184@N0440091708354.jpg,7.6
ptanja7116836485229.jpg,7.4
125045416@N0730638895323.jpg,5.9
123895834@N0815917991454.jpg,7.67
sml10615680065925.jpg,7.41
jwhanley43000692965.jpg,7.47
lfsis28865109357.jpg,6.83
iain_harris32266983786.jpg,6.83
115188198@N0322524950813.jpg,7.38
126676966@N0325455419436.jpg,7.66
hengki_koentjoro11664961605.jpg,6.84
lorenoir20523031835.jpg,7.28
dameboudicca16488019637.jpg,7.46
147224867@N0642141354722.jpg,8.33
kingnik42052193675.jpg,7.56
josh15243690533481.jpg,7.21
alexrg32442078917.jpg,7.33
150689779@N0846607421434.jpg,5.79
142085622@N0632313533245.jpg,7.53
jup3nep25103932856.jpg,7.71
55864922@N0529242625782.jpg,7.15
149762673@N0244135309305.jpg,7.38
nemi196823936918892.jpg,8.08
47290259@N0624719453539.jpg,8.1
ljsilver7132938963841.jpg,7.53
135786738@N0730760706163.jpg,7.63
blavandmaster31458115065.jpg,7.64
blavandmaster32121570334.jpg,7.5
agrusoft30979872197.jpg,8.06
136852301@N0538262534281.jpg,7.75
kingnik32190562442.jpg,8.91
131355885@N0831568542072.jpg,7.57
blavandmaster37342083796.jpg,7.29
129487633@N0822249400875.jpg,7.7
blavandmaster26014716926.jpg,8.35
55812609@N0721594460613.jpg,6.87
149762673@N0242252200864.jpg,8.04
149732725@N0838844707464.jpg,8.17
105061735@N0729425394704.jpg,7.11
damaz34492342385.jpg,7.83
a350wg44254402992.jpg,7.83
arcierisaverio26804850758.jpg,8.11
ljsilver7131971727364.jpg,8.25
132414696@N0827315140052.jpg,7.9
7257399@N0429719328866.jpg,7.96
130671933@N0435882474253.jpg,8.56
kjkmep32002584877.jpg,8.66
gazcreativediver16485391469.jpg,8.83
91501156@N0839779876370.jpg,8.2
moustafakz26369885693.jpg,8.19
stellagrimsdale36602988521.jpg,7.37
raphaelmelloul26654368995.jpg,7.66
129365673@N0542982542591.jpg,7.73
alexolmi40577570824.jpg,7.7
blavandmaster40477586335.jpg,8.16
granitseika43605664390.jpg,7.08
104028235@N0523861147044.jpg,7.99
ljsilver7132435103456.jpg,8.57
lrod20066268388.jpg,7.97
75230083@N0725628741012.jpg,7.46
143044316@N0644080244194.jpg,7.03
ljsilver7135207867433.jpg,7.76
ljsilver7135164848363.jpg,8.68
ljsilver7138817822670.jpg,7.92
ljsilver7125033294536.jpg,8.34
shutterjack27086023465.jpg,8.1
102086516@N0725171080916.jpg,7.59
