image,score
sekihan7410214442.jpg,2.61
jason8703029280230492.jpg,2.65
damienwalmsley24991755327.jpg,3.43
joannarb200924723160301.jpg,2.66
nora-meszoly22468579141.jpg,3.15
85793406@N0321566569134.jpg,2.3
joekepieters45547916111.jpg,2.46
justafuckingname5271874584.jpg,2.48
javi_cadiz2137990745392.jpg,3.28
gym_master1016096033289.jpg,2.38
72226765@N002201490183.jpg,2.67
derwisz40926279850.jpg,3.4
42767052@N0841168367282.jpg,2.62
mromero3698003233.jpg,2.71
a-lis-e23188913949.jpg,3.06
matty-hst37387716094.jpg,3.5
100128570@N0725916618574.jpg,2.9
ajtorres4526464330.jpg,4.0
photodepoche6580633375.jpg,3.52
andysancestors5868719076.jpg,3.31
quiquecvflickr25996405713.jpg,3.63
vasilgochev31604271108.jpg,2.45
giannipaoloziliani30376018086.jpg,3.5
zemzem3274569062.jpg,2.81
wildoutdoors0938046186816.jpg,3.12
10059955@N046069499760.jpg,2.97
drq_emylyan42161465442.jpg,3.04
joannarb200924816054525.jpg,2.7
bel200026171395525.jpg,3.48
joekepieters45557274261.jpg,3.1
enricarchivell3173598377.jpg,3.12
134293867@N0328687348078.jpg,3.53
joannarb200923160342306.jpg,3.27
petec2124737458927.jpg,3.12
68449261@N0831601412236.jpg,3.92
agrzegorz15076453822.jpg,3.12
eddie_crutchley32113734998.jpg,3.29
benoitrouchaleau23606987812.jpg,3.75
wernerkrause30018709365.jpg,3.81
himynameispaolo18227420006434.jpg,3.75
fredrik_lindedal46853186191.jpg,4.26
23016207@N0529654789037.jpg,3.62
fotopeterschneider32068275916.jpg,3.56
44292341@N0324586347069.jpg,4.49
131137621@N0641712473862.jpg,3.19
61206119@N0536610508924.jpg,2.87
danielerossiphoto32503601821.jpg,3.71
wintala37431035051.jpg,3.33
mberesin24360843127.jpg,3.54
steve__s22124460126.jpg,4.33
jayztrainz25367192232.jpg,3.19
joannarb200931753063146.jpg,2.96
147119965@N0743725605695.jpg,3.34
markw31467346638.jpg,3.75
arekev43078271072.jpg,3.51
joannarb200923199039301.jpg,3.25
133774833@N0325942301115.jpg,4.42
100087202@N0625832607987.jpg,3.25
sugar_mamas_cakes_and_desserts28980116242.jpg,3.31
9077088@N0214853176389.jpg,3.25
powerfocus39385400031.jpg,3.14
joannarb200924680262842.jpg,3.58
quicog31270600915.jpg,3.71
41890366@N0328146699195.jpg,3.52
miguelcanijo25208723880.jpg,4.33
claigle4422311520250.jpg,3.44
28841566@N0545891577674.jpg,4.19
lotharheller17638994702.jpg,3.69
126240964@N0832727163217.jpg,4.3
nzpix41382447634.jpg,3.65
ulrichneitzel37018433224.jpg,2.71
123637302@N0526642246071.jpg,3.69
eddie_crutchley30332534114.jpg,3.2
24020707reves40602877174.jpg,3.99
ennioxx33045063668.jpg,4.17
carlos-pinho42179458372.jpg,4.39
lorinleecary41399041102.jpg,3.05
bel200020127928140.jpg,3.89
142835563@N0531617378983.jpg,3.27
markolino27746279939.jpg,3.12
rodrigoramo28291241412.jpg,3.79
vr2my26252868405.jpg,3.92
marine_travel22299765610.jpg,3.0
147153897@N0646155220642.jpg,4.1
nls45114642052936.jpg,3.16
151036964@N0242717626404.jpg,4.21
91904845@N0737633903465.jpg,3.42
light-and-colour46122429375.jpg,2.5
wansa1234537605962612.jpg,3.64
kavas45700940105.jpg,3.85
joannarb200923330177325.jpg,3.68
davidrallen29107387498.jpg,3.25
bon_espoir20820705985.jpg,4.21
81852034@N0744851199022.jpg,4.18
kebeard47801827352.jpg,3.4
michael_hamburg26267003118.jpg,3.52
138128908@N0625315886059.jpg,2.84
rsavin_sergey39628210380.jpg,3.16
joannarb200924479136370.jpg,3.13
margall6939145292940.jpg,4.1
125687425@N0246893189275.jpg,3.65
mamuangsuk30656297687.jpg,3.24
jsollows30424095547.jpg,3.48
chris_breebaart41401852654.jpg,3.2
poul_werner43272873054.jpg,4.21
75570698@N0343735501861.jpg,3.54
superpepelu5622543286.jpg,4.54
126265661@N0540874819255.jpg,3.95
giannipaoloziliani26577651897.jpg,4.29
44292341@N0325041305245.jpg,4.32
142835563@N0541699170000.jpg,3.81
obsessivephotography24233407246.jpg,3.48
29487672@N0730911897670.jpg,2.8
17288983@N0741559150270.jpg,3.01
133909440@N0637577183125.jpg,3.23
ignacioleal42650637345.jpg,4.57
barbarissima39621808174.jpg,3.02
amurr12346824535312.jpg,2.83
joannarb200924146812354.jpg,3.8
66646423@N0442370782460.jpg,3.4
99687907@N0226062313634.jpg,3.31
l4ts26740159239.jpg,3.59
51952287@N0241347855460.jpg,4.63
144310854@N0531258979218.jpg,4.0
35663521@N0441838954142.jpg,3.02
m-gianca44928785024.jpg,3.37
128695962@N0336942318060.jpg,4.18
joekepieters41889632120.jpg,3.62
joannarb200931543237466.jpg,3.25
krtz0745938830702.jpg,4.29
thefreerangekid42998217800.jpg,4.5
135656803@N0428536018391.jpg,4.06
nwinspeare45170160614.jpg,4.05
harshilshah24159881614.jpg,3.62
hqn17114624166.jpg,3.53
jason8703028095460551.jpg,3.51
125756599@N0640324892290.jpg,3.75
carlos-pinho41504043264.jpg,4.46
42767052@N0833763977138.jpg,3.85
joannarb200923199685502.jpg,2.94
ben_akers41464931215.jpg,3.51
danielenchev42074292262.jpg,3.51
128387335@N0222180046093.jpg,3.23
viyan995359712572.jpg,3.21
pineappletree36973610223.jpg,2.71
lara_101239168869575.jpg,4.2
mmorawski20903118293.jpg,4.1
octopuzz25100761014.jpg,3.81
143910505@N0833513928448.jpg,3.59
nora-meszoly21836479153.jpg,3.62
153537832@N0244316330394.jpg,3.77
adrianmcgarry18636380642.jpg,3.33
shuttles35547651496.jpg,3.88
masteriksi29857824020.jpg,3.08
42964440@N0823224790254.jpg,3.85
135705551@N0722356723652.jpg,4.08
janeybranigan_electra22624565766.jpg,3.69
rainernowotny25328224297.jpg,3.42
pedrolarrea28273213761.jpg,2.92
146342802@N0741316614352.jpg,4.0
105564348@N0641451902575.jpg,3.74
roberto_rubiliani38809804985.jpg,3.85
kasa5124617482963.jpg,3.11
144310854@N0531366147498.jpg,3.54
90645302@N0729068961032.jpg,3.58
derwisz27823091887.jpg,3.81
125jrs40498063292.jpg,3.5
wollis24395208737.jpg,2.93
153910941@N0446745107922.jpg,3.67
polder30130194207.jpg,4.3
wipeoutdave46075708584.jpg,3.4
122567347@N0838557514730.jpg,4.27
29940556@N0731423625153.jpg,4.11
165000368@N0844022197432.jpg,4.45
134891668@N0327115161900.jpg,4.29
35710031@N0647064601514.jpg,3.16
jorgecastilla39097187992.jpg,4.95
marcrodriguez2427600111691.jpg,3.44
liwatson27402296803.jpg,3.98
ugoc28100850591.jpg,3.83
brartist47507187812.jpg,4.39
fightman24779060358.jpg,3.94
138542440@N0427514335737.jpg,4.44
ignoreyourignorance26157055300.jpg,4.36
darek_drapala25400856644.jpg,3.27
duanemoore23371722710.jpg,4.12
91904845@N0738139297234.jpg,4.1
134058068@N0821533700943.jpg,4.23
baldmike201245152027044.jpg,3.81
133774833@N0325846960241.jpg,4.78
nabilboukala16976020601.jpg,4.22
giannipaoloziliani41154151565.jpg,3.95
90866884@N0619919056985.jpg,4.65
katrinaspix40462202561.jpg,4.41
28330648@N0328446182728.jpg,3.51
zaretchnaia37004230073.jpg,3.88
137664535@N0740713288410.jpg,3.48
rotrauds-kleine-welt16951904016.jpg,3.82
mario_alpha47214501192.jpg,4.17
hyshoots46801928695.jpg,3.65
mybabysume29496054955.jpg,3.58
ekovalev144850982134.jpg,3.65
91393867@N0029284346577.jpg,3.94
127393462@N0424464952053.jpg,3.88
francoisescriva44101237224.jpg,4.08
66376552@N0543491698430.jpg,4.38
eddie_crutchley26451651186.jpg,3.87
99350878@N0316636670638.jpg,4.75
59020843@N0226458335876.jpg,4.61
126148542@N0440512738821.jpg,3.62
marioaprea28701764898.jpg,4.71
lowemj38649185462.jpg,4.29
131811344@N0240572229745.jpg,4.65
evergreen200523100167912.jpg,3.56
wollis33159838658.jpg,3.94
jrjohanson23826832125.jpg,4.68
camdiary32291035775.jpg,3.92
danielenchev40051549634.jpg,4.37
142393945@N0337376251132.jpg,4.55
annalisaceolin40986538454.jpg,3.96
eddie_crutchley31340818054.jpg,3.56
123605963@N0539653450462.jpg,3.34
ntrinkhaus38946201642.jpg,4.67
keleka65624284583705.jpg,4.23
jviegas32437432376.jpg,4.92
rappduane28313563325.jpg,3.5
163431590@N0440890685283.jpg,4.17
adrianoviajante00727836391730.jpg,3.65
phredkh41726006202.jpg,3.84
44292341@N0324671985533.jpg,5.03
vasilgochev25514618867.jpg,5.04
jb_198431391264711.jpg,4.72
143205761@N0737251385614.jpg,4.21
95594808@N0540158599362.jpg,4.33
147897821@N0542413854351.jpg,4.36
joannarb200931204155510.jpg,4.02
ricgeorge28002021884.jpg,4.82
107354816@N0829051118515.jpg,4.46
125687425@N0240574784080.jpg,4.06
eric_duquenoy29950311065.jpg,3.38
77162714@N0238594086262.jpg,4.37
153537832@N0229491403697.jpg,4.14
larrybraun24634063781.jpg,4.06
arayphoto26138918354.jpg,4.72
dilly201238326375192.jpg,4.65
danielnebreda26950700236.jpg,4.21
dicksnaterse42458270382.jpg,4.23
arimm24412234972.jpg,3.81
145743838@N0829591268511.jpg,3.93
130302973@N0616510381069.jpg,4.27
nik_kir25395939256.jpg,4.61
147153897@N0647678777531.jpg,3.96
jangelo6831735857387.jpg,4.71
jrdoe200927279598014.jpg,4.35
88198496@N0442073044470.jpg,3.77
joannarb200920880711311.jpg,4.11
primatologist27148386142.jpg,3.77
wags196614018115313.jpg,4.71
158551334@N0224751502318.jpg,4.29
eytoreno27828715767.jpg,3.92
jayztrainz26486011444.jpg,3.94
9524771@N0621741374814.jpg,4.62
135868470@N0226873835429.jpg,3.79
tooloose-letrek26416105669.jpg,3.92
antoniosimula-photographer25384081081.jpg,4.8
ripensis23883521020.jpg,4.64
60818901@N0738867994390.jpg,4.69
128837976@N0220760132244.jpg,4.78
91904845@N0739654442692.jpg,4.83
149467991@N0439372074490.jpg,4.19
redlensfoto23547846084.jpg,4.35
koaxial46696798872.jpg,4.21
154667661@N0446886909652.jpg,3.46
blazingpictures22495818096.jpg,3.7
r_rodriguez30921029828.jpg,3.78
pilarski_rudy40608498010.jpg,4.4
maria_noci24539673948.jpg,4.58
orbed39562761011.jpg,4.64
18171644@N0347662796352.jpg,4.33
138450832@N0727686651913.jpg,4.29
camdiary45059019904.jpg,4.54
jeanmclane39869834225.jpg,4.23
wheniwas1429904478427.jpg,4.28
m-guerra29855352107.jpg,3.97
crcasela44152982411.jpg,4.66
155576267@N0636827920494.jpg,3.67
49214499@N0626287926391.jpg,4.35
126265661@N0543075289052.jpg,4.83
106309526@N0824031590268.jpg,4.12
hig_3716776676145.jpg,3.98
55422022@N0343628529055.jpg,4.05
24557420@N056353980073.jpg,4.12
carloslacano22184938644.jpg,4.15
10894947@N0627532101437.jpg,3.62
picture2day30297052318.jpg,3.52
95594808@N0537479534981.jpg,4.44
trainsruleandroll41235402570.jpg,3.42
126757219@N0339236292560.jpg,3.88
crcasela27355335678.jpg,4.04
picturesmathew22102361441.jpg,4.23
carlosaaviles39609455875.jpg,4.35
79003050@N0527772076625.jpg,3.92
80987623@N0025752761628.jpg,4.59
118157355@N0540830157300.jpg,4.02
holle2226398890161.jpg,3.94
arekev29182477610.jpg,4.59
koaxial40199213523.jpg,4.1
131335514@N0622115358854.jpg,5.1
hyshoots25915408848.jpg,4.73
arekev29238396850.jpg,4.65
joannarb200931516665100.jpg,3.41
derwisz42584126002.jpg,4.75
49214499@N0639013167171.jpg,4.08
weshicks25959763665.jpg,4.39
stephenk197729979758780.jpg,4.33
fymers25508391763.jpg,3.51
127606136@N0228662138533.jpg,3.71
guidocasati46704817512.jpg,4.25
37073171@N0833454601568.jpg,3.44
68678468@N0626095239913.jpg,4.36
95594808@N0539054167280.jpg,4.02
50727129@N0044931984001.jpg,4.0
curtisperry44346938432.jpg,4.11
137846026@N0728452793270.jpg,4.39
juliotrlima24743383566.jpg,4.25
153537832@N0243571951871.jpg,4.15
francobeccari9786438964.jpg,4.32
jackal146846975434.jpg,4.02
erg40366670040.jpg,4.17
95594808@N0525971471627.jpg,4.75
153537832@N0245010991814.jpg,5.13
147153897@N0630767833098.jpg,4.91
131335514@N0628655536127.jpg,5.46
95594808@N0538651688062.jpg,4.9
49214499@N0624250556782.jpg,4.02
balaphotographer39719285740.jpg,4.46
giannipaoloziliani43029938551.jpg,4.8
deeval28505888611.jpg,4.66
nathalie-photos44483900834.jpg,5.36
moise-levi26183702737.jpg,4.73
maudali28017441486.jpg,5.37
76966681@N0229214312217.jpg,3.77
95594808@N0528828611820.jpg,5.08
marthaander38329917702.jpg,4.2
dimaruss3446666604794.jpg,4.17
zawaski40485887193.jpg,4.64
sebnesme36988968993.jpg,4.63
weshicks25458056176.jpg,4.71
49214499@N0624980555300.jpg,4.06
sanodi41215938621.jpg,3.74
21819767@N084656900423.jpg,4.73
107649826@N0536512319524.jpg,4.16
jdloudon44882962175.jpg,4.66
156297092@N0743349925584.jpg,5.13
umarhashmi28565175808.jpg,4.89
giannipaoloziliani28370589907.jpg,4.71
95594808@N0540363894831.jpg,4.31
95594808@N0542415780321.jpg,4.88
alpatov_roma27659403096.jpg,4.19
haroonalkhan39626974092.jpg,4.33
95186044@N0518309467403.jpg,4.04
131238258@N0324003784031.jpg,5.14
astrid32167423367.jpg,3.89
134764957@N0239054033105.jpg,5.08
96654411@N0245569833752.jpg,4.07
95594808@N0530905440627.jpg,4.42
ennioxx32791368167.jpg,4.29
131991519@N0229173498633.jpg,4.42
152071985@N0443734347065.jpg,4.97
terje-helberg-photography31351634204.jpg,4.67
134058068@N0822193425091.jpg,4.93
150228177@N0827409261208.jpg,3.78
5cantonas16001990152.jpg,4.71
55955186@N0423267934872.jpg,5.17
lucasantoro19986172030.jpg,5.24
jasonmgabriel24115453339.jpg,4.67
30590207@N0230137918042.jpg,4.08
97183403@N0841526432300.jpg,4.38
krupinsp28211815458.jpg,5.45
90pli816776514995.jpg,4.66
76351562@N0427694805597.jpg,5.4
91393867@N0028385430982.jpg,4.47
jasonmgabriel25051301074.jpg,4.49
geordie__snapper26192232788.jpg,4.7
106123975@N0537077245334.jpg,4.89
giannipaoloziliani38423965536.jpg,5.33
150218732@N0537306779870.jpg,4.53
splendidwhat27306700989.jpg,5.29
95594808@N0526409103411.jpg,5.03
cptstrazza24323239645.jpg,5.25
127447191@N0823563466489.jpg,4.9
88380809@N0725233853522.jpg,5.0
jiro_hanaki47156245222.jpg,4.66
grapfapan22712233650.jpg,4.33
alexanyan46372736495.jpg,4.12
mistergc24020446168.jpg,5.55
133774833@N0327064747445.jpg,5.11
batkhurel39749570760.jpg,3.98
astrid24795315389.jpg,4.74
wangyongnus13236118764.jpg,5.1
from-reinier27367146614.jpg,4.77
95594808@N0538512094044.jpg,4.85
49214499@N0623428882705.jpg,5.13
chriscwy19501762139.jpg,5.16
esintu46060386775.jpg,5.18
133774833@N0328293016382.jpg,5.34
131416380@N0229515708333.jpg,4.7
136113688@N0237877402295.jpg,4.81
95594808@N0540559090771.jpg,4.57
amurr12326685810308.jpg,3.88
kame339752090565.jpg,4.67
napafloma-pictures36852512104.jpg,4.96
76351562@N0438804181301.jpg,3.87
gletsherrockice26675189767.jpg,3.91
saucissonsoixantesix38622154174.jpg,5.17
nevisahsinamunhasir31056039694.jpg,3.96
sandravalera26475323111.jpg,4.73
68449261@N0828261036455.jpg,4.45
-wendenlook-39457613271.jpg,4.73
131416380@N0241779683291.jpg,4.77
68449261@N0846001064325.jpg,4.31
barbarissima25804075182.jpg,4.1
135476373@N0427020302851.jpg,5.24
suzanne-gibson27620447708.jpg,4.4
134352553@N0428112713037.jpg,4.03
dclmeyer42818686481.jpg,4.79
werner_schnell_images32787629727.jpg,3.66
154288154@N0445292717922.jpg,3.88
55422022@N0342470572310.jpg,4.38
138900976@N0342874279594.jpg,3.31
m-guerra21487355314.jpg,4.92
gmorlando38089597316.jpg,3.93
americandiesels25337052118.jpg,4.15
153609192@N0239310453312.jpg,5.31
dannicamra26641933143.jpg,4.73
95594808@N0524300518307.jpg,5.23
m-guerra39975449670.jpg,4.36
ra-tatzlum27259494879.jpg,4.86
128354622@N0639946734044.jpg,5.47
145035140@N0331328732764.jpg,4.75
126568250@N0241148481322.jpg,4.8
146363942@N0641715169561.jpg,4.8
35710031@N0643478019132.jpg,3.83
16714425@N0432771354397.jpg,4.85
taya29423761889501.jpg,4.67
peter_tappern20689208715.jpg,4.6
penguinsailor21807251773.jpg,4.79
phototintin25455326097.jpg,4.54
jackal141252009300.jpg,4.46
dbertone25588931297.jpg,4.67
blsphotos32572308526.jpg,5.24
100174276@N0523919051722.jpg,5.46
49214499@N0622762212931.jpg,4.96
79805801@N0221867055961.jpg,4.46
canonac15530013597.jpg,5.06
photiste38727787764.jpg,3.98
hqn30193305013.jpg,4.44
134378051@N0524699729180.jpg,4.67
canonac15706234966.jpg,5.12
133786071@N0625756096297.jpg,3.58
145214394@N0823601199578.jpg,4.27
bit-ramone24523802073.jpg,4.25
95594808@N0525689072798.jpg,4.99
132573008@N0620935817221.jpg,4.3
133774833@N0325847439611.jpg,5.21
92855615@N0441018001580.jpg,5.11
92179652@N0426473489412.jpg,5.79
32648459@N0424970033948.jpg,5.8
jackhasta47034425501.jpg,4.83
angelabreo31812542183.jpg,5.52
jangelo6829700375071.jpg,5.01
jonathanvowles39573341394.jpg,5.37
95594808@N0537624863312.jpg,5.56
dens_lens24822783892.jpg,5.21
tabliniumcarlson44449212834.jpg,4.94
133004239@N0540928098011.jpg,4.89
160019996@N0340513545533.jpg,5.42
kyllercg29065431191.jpg,4.96
primatologist26553527413.jpg,4.95
134864272@N0239138565642.jpg,5.05
freya_mv29467755076.jpg,4.43
fineartfotograf32629589097.jpg,5.4
127828611@N0233073645188.jpg,4.9
unslugged40511257874.jpg,5.48
126148542@N0447079697274.jpg,5.02
95594808@N0540860166440.jpg,5.31
visualideas23768776449.jpg,5.5
sun87ny25625189161.jpg,4.6
95594808@N0540677799311.jpg,5.61
ennioxx47616309931.jpg,4.9
majkakmecova42687170595.jpg,4.98
photoksenia39864537514.jpg,4.46
pushreset17036522298.jpg,4.71
103789104@N0537676454682.jpg,4.88
154525519@N0342116167680.jpg,5.26
phredkh39959755070.jpg,5.02
wrack21960727585.jpg,4.93
102472425@N0624118936209.jpg,4.96
149813677@N0645881837041.jpg,6.17
145723424@N0539567518062.jpg,5.24
buffdawgus33024783738.jpg,5.45
f1k129029310217.jpg,5.33
121964238@N0827379622589.jpg,6.07
137731904@N0539731783754.jpg,5.0
95594808@N0530745028757.jpg,5.65
sappho_et_amicae37775591106.jpg,5.59
141521174@N0729321637016.jpg,5.24
134864272@N0242099446382.jpg,5.17
155330420@N0337622490036.jpg,5.07
fredmatos15366013209.jpg,4.86
r_rodriguez29647265308.jpg,4.87
95594808@N0543752105830.jpg,5.11
danielenchev38837209930.jpg,5.49
95594808@N0536558637963.jpg,5.4
argentalico41015734204.jpg,5.5
geiguefoto43613664951.jpg,5.08
111683772@N0215224679971.jpg,5.13
95594808@N0529905666903.jpg,5.55
tobi040616954631856.jpg,5.19
137207784@N0423736084302.jpg,4.9
95594808@N0528848883617.jpg,4.95
106704724@N0223396281169.jpg,6.12
foggyray9023640134242.jpg,5.45
131850249@N0445808559812.jpg,5.48
85314460@N0238950851831.jpg,5.75
alfredlockwood31261061658.jpg,5.5
131416380@N0231839723177.jpg,5.1
147153897@N0642517253150.jpg,5.52
bobba_t39872657672.jpg,4.0
vavidar39614564820.jpg,5.75
134864272@N0243703620432.jpg,4.59
simonefisher6956773793.jpg,5.5
kldcott21810394494.jpg,5.83
dobingdesign31356145763.jpg,5.9
salmonpink28829803687.jpg,4.19
75768298@N0324722551168.jpg,5.79
bwileycoyote25511889654.jpg,5.75
txulalai30757551505.jpg,4.64
x1klima31149795905.jpg,5.27
michael_dittrich38452426524.jpg,5.22
bernd_thaller33904075718.jpg,5.7
29865701@N0224436738772.jpg,5.45
125902172@N0318164031039.jpg,5.67
francoisescriva41349740630.jpg,5.21
lesfuguesdubach31266954177.jpg,5.21
131416380@N0226865110964.jpg,5.19
crcasela31221763988.jpg,5.67
henka6921904619865.jpg,5.42
136144971@N0728340064871.jpg,5.08
hqn30615061296.jpg,4.73
26230150@N0831096527755.jpg,4.88
116461754@N0724152141839.jpg,5.52
95594808@N0527280618047.jpg,5.35
deinert-photography30134119897.jpg,5.58
93892755@N0225921668737.jpg,5.8
singflow26300403020.jpg,5.14
132555608@N0730737519037.jpg,3.85
lorinleecary31995023957.jpg,4.26
kellyamccauley31833475233.jpg,4.69
moise-levi40497057775.jpg,4.97
larrybraun26424259405.jpg,5.83
95594808@N0537306714712.jpg,5.04
97019005@N0845665006772.jpg,6.0
130423547@N0831651137267.jpg,4.84
kewlscrn27668604092.jpg,5.2
pauliusunknown21456052281.jpg,4.49
49214499@N0630833388450.jpg,4.86
partisan_van27108203990.jpg,4.57
95594808@N0539829384664.jpg,5.08
maen_abdeljawwad27401574999.jpg,5.46
stevemillward29369722452.jpg,4.62
138767595@N0446603042434.jpg,5.93
timnoonan21220779612.jpg,4.49
114824943@N0539905433970.jpg,4.64
hqn29893365471.jpg,4.83
mikedanneman18322921921.jpg,5.23
140228392@N0246000023115.jpg,6.0
maurizio_tat15365510696.jpg,5.44
127508165@N0624675683701.jpg,4.95
95594808@N0538160114784.jpg,5.62
primatologist26638502904.jpg,4.59
95594808@N0544192351134.jpg,5.13
116461754@N0717145310789.jpg,5.4
streetmatt24655271889.jpg,4.87
142382111@N0746649035704.jpg,5.38
134463254@N0724120881536.jpg,4.77
94704573@N0315245936479.jpg,4.68
pauliusunknown26459309540.jpg,5.07
131270415@N0326705626102.jpg,5.54
95594808@N0541491829931.jpg,5.16
marthaander24506253258.jpg,4.89
154525519@N0343085644831.jpg,5.36
wintala24139553138.jpg,5.35
ramireziblog24461091619.jpg,5.27
tayfunerr47642542122.jpg,5.19
nevisahsinamunhasir31783199146.jpg,4.93
121964238@N0839386243944.jpg,5.73
92855615@N0437228484122.jpg,5.64
poul_werner44450255131.jpg,5.87
toreriksphoto22453628292.jpg,5.67
unslugged27216734498.jpg,5.1
95594808@N0524909091098.jpg,5.29
jb_198423079582509.jpg,5.58
154525519@N0341610459805.jpg,5.79
95594808@N0531602817747.jpg,5.21
danielenchev39807864795.jpg,5.61
164310828@N0847735841421.jpg,5.13
phamhothanh38518862415.jpg,5.35
95594808@N0543318982645.jpg,6.02
owen_fitzpatrick28324883699.jpg,5.62
tiascapes24724306185.jpg,5.05
fernando_pc25210045070.jpg,6.24
napafloma-pictures37108133420.jpg,6.17
134864272@N0236872657480.jpg,4.47
95594808@N0538400987764.jpg,5.89
95594808@N0540595680632.jpg,5.95
aniwitt38926898050.jpg,5.92
137369413@N0529495154178.jpg,4.12
kyllercg29267974036.jpg,6.1
140228392@N0239011169984.jpg,6.39
emirato40456220995.jpg,4.72
mirjana_sesar37567540360.jpg,5.12
fantommst41610405824.jpg,5.9
astrid16125990165.jpg,5.42
ati_sun26695430845.jpg,6.34
111704494@N0429535568588.jpg,6.39
100087202@N0629513013845.jpg,5.83
pauliusunknown26253332900.jpg,5.86
99255026@N0734642565860.jpg,4.96
henka6923196281060.jpg,5.79
sfleurisson26703959389.jpg,5.58
pix-olga23142229855.jpg,5.2
halifaxlight24804829072.jpg,6.28
127508165@N0638837310525.jpg,5.79
129577003@N0427611842949.jpg,6.02
tomabenz16741214460.jpg,6.22
phredkh43570238324.jpg,5.39
silvia_photog32535226845.jpg,5.48
125687425@N0227776047655.jpg,6.1
stevemillward29125004325.jpg,5.9
chad_sparkes26111785421.jpg,5.5
a_life_shot_in_blackandwhite41192565785.jpg,4.29
emirato37999157325.jpg,5.46
askjellr21923632812.jpg,5.8
unslugged26329954137.jpg,6.2
robshanghai31846518302.jpg,5.95
danguimberteau23361990649.jpg,5.92
karine-eye25248815659.jpg,6.05
dmnqfnt31416548157.jpg,4.72
veeste24341344049.jpg,5.96
106721552@N0438815012915.jpg,5.4
134864272@N0225785467338.jpg,5.06
124918808@N0647091426654.jpg,5.24
photoksenia24861521067.jpg,5.72
106309526@N0823307070872.jpg,5.71
flcherb41388062051.jpg,6.56
scheggya37458591921.jpg,5.11
101128059@N0424242245284.jpg,6.0
123704698@N0827543831609.jpg,4.73
95594808@N0526929568589.jpg,5.93
37073171@N0846030651155.jpg,5.13
134864272@N0237183744802.jpg,4.49
karinavera22485120270.jpg,5.96
rvrossel39505325262.jpg,5.28
154525519@N0339832140295.jpg,6.02
emirato38924631605.jpg,4.83
mohsan37879520161.jpg,6.38
freya_mv25564459576.jpg,5.68
134864272@N0228937350117.jpg,6.28
yl16842027204865.jpg,6.14
127828611@N0247154032032.jpg,5.6
141252539@N0428776840116.jpg,6.0
tanitzergh24334430298.jpg,5.08
154525519@N0340455265931.jpg,5.37
134864272@N0237380235641.jpg,5.08
125567240@N0220706998894.jpg,5.81
rschnaible19529276822.jpg,5.42
dimmilan37926086725.jpg,5.92
150218732@N0536899304334.jpg,5.81
carlos-pinho40987158600.jpg,6.21
103718678@N0638477349672.jpg,5.48
123868009@N0525512093226.jpg,6.23
phredkh39956429565.jpg,5.29
113273578@N0340647745364.jpg,4.27
oscarmc21090254632.jpg,6.17
argentalico29901070917.jpg,5.62
137811685@N0722829917829.jpg,5.42
bobba_t39571875531.jpg,4.76
138015970@N0840555117160.jpg,5.56
134085348@N0524417462941.jpg,4.97
150415116@N0346337079385.jpg,6.51
142085622@N0628531537102.jpg,5.65
145723424@N0538958174005.jpg,5.88
134864272@N0243322842475.jpg,5.49
131416380@N0241317178005.jpg,5.47
hannu_ho15950374294.jpg,6.39
dens_lens26821033360.jpg,6.06
balaphotographer26346957037.jpg,5.46
lorinleecary40359428674.jpg,5.05
snowflowermass41332563890.jpg,5.29
136430109@N0832429560281.jpg,6.19
tooloose-letrek19745349995.jpg,6.12
95594808@N0539767722394.jpg,5.71
92855615@N0444778360862.jpg,5.74
142085622@N0629871889375.jpg,6.04
hqn42797545150.jpg,5.73
engelbart32364700643.jpg,5.36
ananabanana43906362644.jpg,5.63
johnaus27898807791.jpg,5.94
napafloma-pictures36751949393.jpg,6.03
154265160@N0445851322071.jpg,5.37
kevints_photos24460464295.jpg,6.2
hqn37784520591.jpg,5.88
marc-salomon46397324324.jpg,5.81
phamhothanh44675269525.jpg,5.6
126121376@N0243474919420.jpg,5.5
126424492@N0222452026308.jpg,6.33
125902172@N0318185142949.jpg,6.13
cjf-streetphoto41322610741.jpg,6.5
desomnis33720839658.jpg,5.45
mohsan37235759912.jpg,6.15
photoksenia24762198728.jpg,6.17
hqn39900909930.jpg,5.52
166249832@N0233249877468.jpg,5.29
sappho_et_amicae41673484740.jpg,6.4
napafloma-pictures36675034594.jpg,6.09
124918808@N0633991239168.jpg,4.77
154525519@N0344398010762.jpg,5.32
sormanns25530476245.jpg,6.03
photovibes43287379482.jpg,5.65
137825219@N0742964113752.jpg,6.0
rui_figueiredo41817757162.jpg,6.02
99255026@N0733185445046.jpg,5.45
erg27322171777.jpg,5.18
drtatanne23235582105.jpg,5.48
101128059@N0429606502273.jpg,6.46
137504441@N0539240826685.jpg,6.75
10413717@N0826683636235.jpg,5.85
horsts-fotos26475485108.jpg,6.67
124535466@N0438880189145.jpg,6.33
134864272@N0241552335301.jpg,5.3
derodeolifant39141608210.jpg,6.56
57347618@N0224992812974.jpg,6.73
roscolosco30925166015.jpg,6.79
petergood27593290009.jpg,6.47
vavidar46396716184.jpg,6.56
mousemanner28888748007.jpg,5.81
andrzej-skaluba27026750829.jpg,5.79
delboydino30964911956.jpg,5.88
shadyezz28638407918.jpg,5.63
hqn29748197167.jpg,6.15
my-sh-photography-me43338840062.jpg,6.21
28470120@N0524313685294.jpg,7.05
croix-roussien22634879170.jpg,6.03
146918744@N0838959370114.jpg,6.72
75317139@N0540747191693.jpg,5.79
angelabreo37903646175.jpg,7.38
75570698@N0343692111014.jpg,5.23
larsnordstrom31465746978.jpg,5.55
109236352@N0239097178410.jpg,6.72
147271304@N0542736565134.jpg,6.53
159690409@N0339855801785.jpg,6.01
ulf-granberg36308320234.jpg,6.62
159741714@N0532460338787.jpg,6.42
fgazioli24740150052.jpg,5.78
154525519@N0342360647621.jpg,6.53
147489041@N0436640969302.jpg,6.92
paulmoodyy41814003995.jpg,5.22
131888281@N0542931559902.jpg,5.75
159690409@N0336883463413.jpg,5.96
lintone725239418016.jpg,6.7
pauliusunknown17189563026.jpg,6.46
159690409@N0326738995967.jpg,5.9
95045773@N0733678100398.jpg,5.79
95594808@N0540063176475.jpg,6.42
95594808@N0537219997086.jpg,6.05
134864272@N0237297986701.jpg,5.85
rubenhpinilla25384088016.jpg,6.03
134864272@N0242676401204.jpg,6.34
78033586@N0244361223405.jpg,6.72
cdricrichet30576987005.jpg,5.56
argentalico45678642912.jpg,5.76
jenny_photos18433084283.jpg,6.49
phamhothanh38392727782.jpg,6.08
emirato41837913532.jpg,5.72
biolchini30500329010.jpg,6.52
djjasonj18253703929.jpg,5.92
dennisliang8625968232342.jpg,7.4
blackstation25103445976.jpg,6.04
eggii31909239227.jpg,5.82
patrickmilan40926904010.jpg,6.29
jessieleong30977315238.jpg,6.58
kevinphotos201543734090010.jpg,6.75
karlwagner8318289831.jpg,5.75
engelbart34352705760.jpg,5.16
frosch5038720003755.jpg,5.86
tomabenz17091126900.jpg,6.6
karinavera19963519452.jpg,7.02
leadin27405580431.jpg,6.3
jocelyn77744107468114.jpg,5.79
thelastdon24280629582.jpg,5.48
134864272@N0236501347253.jpg,5.12
stradou43390944972.jpg,6.32
124918808@N0632265649177.jpg,6.16
124282538@N0727772109083.jpg,6.12
54006599@N0738398764991.jpg,6.29
salmonpink43190672442.jpg,5.48
94445698@N0711155536646.jpg,5.92
hqn38813166962.jpg,5.67
leannecolephotography21989131339.jpg,6.25
ulf-granberg43119629060.jpg,5.81
flubscuteness26943737468.jpg,5.73
135675753@N0838981631510.jpg,5.68
tayfunerr47422211101.jpg,5.11
110805203@N0441560430544.jpg,6.58
138450832@N0737196604094.jpg,5.12
marthaander26601034139.jpg,5.83
107969715@N0522845277368.jpg,6.3
134378250@N0545444483711.jpg,6.65
95594808@N0538591621380.jpg,6.08
ulliottj40777485275.jpg,6.75
92855615@N0446411203665.jpg,5.9
123231224@N0424148665236.jpg,5.75
phamhothanh25595125977.jpg,6.04
126568250@N0239822595630.jpg,6.47
134864272@N0242354185481.jpg,5.69
25541031@N0826541228987.jpg,4.88
134803483@N0220152657486.jpg,6.58
ekovalev123912627794.jpg,6.81
73683441@N0731550834497.jpg,6.24
142136188@N0240801175152.jpg,6.69
argentalico41015718334.jpg,5.92
154525519@N0343495166575.jpg,6.64
33286260@N0020950884328.jpg,5.93
thelastdon17026035631.jpg,6.74
157800282@N0744405874045.jpg,5.19
akinsinan23806785069.jpg,6.21
95594808@N0544056416621.jpg,6.25
argentalico29083713668.jpg,6.81
eggii42884498132.jpg,5.98
131486100@N0417182550848.jpg,5.58
ulf-granberg38737479145.jpg,6.67
126095539@N0825685042920.jpg,6.89
28470120@N0527306737334.jpg,6.75
129344985@N0524987606697.jpg,6.9
albyn21707308963.jpg,5.96
stanzim45839627015.jpg,6.77
78033586@N0231571541718.jpg,6.29
69659670@N002078903104.jpg,6.5
leopicturenel448126588715549.jpg,6.33
16516058@N0323626058144.jpg,7.09
pauliusunknown15987588559.jpg,6.86
emirato44383389140.jpg,5.33
argentalico37448621421.jpg,7.29
blok-photo45862912674.jpg,6.5
rschnaible30839750753.jpg,6.56
dipimenov30316160992.jpg,7.7
valeriozaccone40720761562.jpg,6.26
celta415259091450.jpg,7.53
31779113@N0642138515762.jpg,7.17
92855615@N0446166921004.jpg,7.12
92855615@N0437194654296.jpg,6.96
lospromillosontour27064322086.jpg,7.39
cosimoss32475155872.jpg,7.12
88398914@N0646250504395.jpg,6.55
96066074@N0642825836410.jpg,6.83
keithryan2828464232730.jpg,5.72
fotoale6726118040991.jpg,7.09
159690409@N0337294602250.jpg,6.57
136327125@N0426814278706.jpg,6.87
137369413@N0524503202307.jpg,5.75
ulf-granberg44361675265.jpg,7.22
134378250@N0531916684884.jpg,7.42
lospromillosontour26539924034.jpg,7.12
iloveforest26310618019.jpg,7.69
lumenscript37481795041.jpg,5.88
lospromillosontour28036928335.jpg,6.57
paddy_c16653270112.jpg,6.55
16516058@N0327718928831.jpg,7.06
votec27445604918.jpg,7.44
yiannis_chatzi13773728654.jpg,6.64
66125938@N0725650583087.jpg,6.79
49010317@N0723420735729.jpg,6.58
159690409@N0340316263625.jpg,6.54
emirato39298649070.jpg,6.59
unslugged42769896791.jpg,7.56
bubaustapetrova21817192142.jpg,6.79
emirato39209866561.jpg,6.54
1010199326386739300.jpg,6.53
brechtvhb15814797154.jpg,7.62
emirato28062296987.jpg,6.71
xolois37124645634.jpg,7.08
pix-olga16490579346.jpg,7.04
145723424@N0539502842064.jpg,7.15
luizcontreira45701408392.jpg,6.56
lospromillosontour25961492541.jpg,6.58
41630296@N0539166729061.jpg,5.69
rschnaible32254293756.jpg,6.6
159690409@N0341188903800.jpg,6.3
jessieleong30406631508.jpg,7.22
108787585@N0723094088484.jpg,6.62
lospromillosontour27204831022.jpg,6.23
135656803@N0442580838021.jpg,6.74
argentalico29869273228.jpg,6.45
158084164@N0347647874751.jpg,6.08
131963089@N0824589273243.jpg,6.01
marcbarrot33511215668.jpg,7.62
feckr45688784762.jpg,7.02
jbroughton47751481951.jpg,6.38
31779113@N0621168425826.jpg,7.0
eggii40245803230.jpg,5.88
dimakk27228320042.jpg,6.33
77136928@N0427037813957.jpg,6.83
145723424@N0525983810038.jpg,6.58
149020698@N0836527753363.jpg,6.48
125406141@N0438646549502.jpg,6.26
hollandfotograaf18087221905.jpg,6.7
127769617@N0837084968496.jpg,6.81
126069139@N0623402572596.jpg,7.31
purifm43335970911.jpg,7.54
humaninterface23414942542.jpg,6.79
dameboudicca40513137913.jpg,6.11
130992689@N0341770558015.jpg,6.58
111747620@N0331036346137.jpg,6.02
127901242@N0222381010266.jpg,5.76
159690409@N0342998986761.jpg,6.45
111747620@N0342003385715.jpg,7.38
emirato39918393371.jpg,6.38
emirato37765559345.jpg,6.92
154525519@N0341983495141.jpg,7.0
argentalico41015711394.jpg,6.63
lospromillosontour26062057152.jpg,7.62
photoksenia39702626431.jpg,7.19
lospromillosontour27344790790.jpg,7.27
ivansgallery27876571124.jpg,6.75
joewild40059317951.jpg,6.54
103925212@N0223787157392.jpg,7.33
panaderocanonistas47196392592.jpg,6.96
rschnaible14845430764.jpg,6.44
felixhohlwegler31339653365.jpg,6.98
lady_ann31881478612.jpg,7.14
emirato26105356528.jpg,6.78
lospromillosontour25435498752.jpg,5.99
oscarplaza16256301813.jpg,6.94
164310828@N0846353856855.jpg,6.8
oussamamortet20936017259.jpg,6.13
argentalico45729072651.jpg,6.97
rayjphoto31837622842.jpg,7.04
111747620@N0339240134242.jpg,6.68
faithkaestner27938002759.jpg,5.77
lospromillosontour27552570064.jpg,6.92
37034324@N0547790490282.jpg,6.18
143966226@N0637848333541.jpg,6.74
91550765@N0631450217437.jpg,7.08
131993970@N0725106057634.jpg,6.25
krisscott24254544298.jpg,7.0
parkwang18020823550.jpg,7.62
138450832@N0741855692754.jpg,7.29
tommyhigh24637498304.jpg,7.1
100874789@N0327237211289.jpg,6.81
95481249@N0315462844883.jpg,7.1
alainst31567779745.jpg,5.76
108096486@N0716246803828.jpg,6.17
38791739@N025639884417.jpg,6.49
jesspictures38425369646.jpg,6.51
117090894@N0737340395141.jpg,6.93
c_theodorou31436392102.jpg,7.06
sizun_eye29113284957.jpg,7.29
maryag26073957203.jpg,6.88
phamhothanh38893549514.jpg,7.17
130389079@N0725232402495.jpg,7.57
emirato40013804211.jpg,6.8
129463157@N0816495708174.jpg,7.13
rschnaible32620376155.jpg,6.29
aymgo20895641450.jpg,7.39
humaninterface26285415926.jpg,7.27
-dem-43777844450.jpg,7.08
ulf-granberg43193965650.jpg,7.38
131963089@N0820796643973.jpg,6.54
159690409@N0341302721491.jpg,6.15
tayfunerr46699069434.jpg,6.43
n68cpe26760635838.jpg,6.08
sj-fotografie38664102004.jpg,8.18
gregumiecki33901527098.jpg,6.69
giuly-photo-passion43755063265.jpg,7.11
ajtomaz23866322625.jpg,7.63
resatkuleli29826418117.jpg,7.54
dannyboy0027269144566.jpg,6.6
ulf-granberg39507627592.jpg,7.23
tomblacklockphotography16092039133.jpg,7.22
70684778@N0421057826892.jpg,7.35
108096486@N0718803531821.jpg,6.59
lospromillosontour36761628584.jpg,7.37
pablofernandez143817344965.jpg,6.55
carinamckee19833445628.jpg,7.95
marc-salomon47298763872.jpg,7.42
156601024@N0539595371285.jpg,7.64
lospromillosontour39539907361.jpg,6.85
cnmark46450965295.jpg,6.48
therealmcquaide19204161646.jpg,7.46
emirato33606831548.jpg,6.5
luigitrambaglio43941587634.jpg,8.09
111747620@N0319749386105.jpg,7.67
100851286@N0816923839945.jpg,7.65
91550765@N0628794429340.jpg,6.52
giuly-photo-passion41750495695.jpg,7.28
fredmin18559551813.jpg,7.84
minebeyaz18228636748.jpg,7.18
giuly-photo-passion33836666778.jpg,6.77
132271845@N0539821831621.jpg,6.81
emirato47353059442.jpg,6.95
raul_photos38274271501.jpg,6.78
137154869@N0531996739227.jpg,7.78
159690409@N0342648865652.jpg,7.54
lospromillosontour42647302831.jpg,7.54
lospromillosontour38468971544.jpg,6.9
lospromillosontour37493176691.jpg,8.13
nazliaktuglu32442018651.jpg,7.62
penguinsailor24723275558.jpg,6.98
lospromillosontour27402299649.jpg,6.53
jocelyn77740606555400.jpg,7.8
100860509@N0745679012715.jpg,7.45
knutarne20968373641.jpg,6.62
126994837@N0724574236975.jpg,7.38
gregoryrohan29298463027.jpg,6.12
55365468@N0237696336995.jpg,6.73
120833037@N0638585569520.jpg,7.05
lospromillosontour38138689924.jpg,6.86
111747620@N0346598508514.jpg,7.4
mial121226037581.jpg,6.78
141521174@N0743249564161.jpg,7.9
115188198@N0322363665531.jpg,7.02
165918175@N0547606143632.jpg,6.32
onimura40818705981.jpg,6.81
gregumiecki38678286410.jpg,6.69
rschnaible31078863413.jpg,7.28
70684778@N0421049052831.jpg,7.48
98261679@N0528246522231.jpg,7.26
51724335@N0624899172723.jpg,7.96
123895834@N0842592310454.jpg,6.0
toninunez6622952207914.jpg,7.25
nazliaktuglu23560329454.jpg,7.31
justin-time24642715329.jpg,7.75
giuly-photo-passion40992155311.jpg,7.15
eggii39968338484.jpg,7.88
blsphotos23620211094.jpg,7.69
130159950@N0737183684023.jpg,7.96
mamunur_rashid24502827847.jpg,7.2
130992689@N0337425645106.jpg,7.12
penguinsailor44283920590.jpg,7.52
113700018@N0637241473506.jpg,7.67
kultpix32789770487.jpg,7.31
alexandraartcollections28402093107.jpg,6.11
109933955@N0726642632366.jpg,7.47
muntsa_joan-bw41974329402.jpg,7.17
barettsoroka16784833540.jpg,7.27
97711075@N0821233575351.jpg,7.44
137531429@N0739876089081.jpg,5.99
alainst26275776471.jpg,6.69
emirato42217695374.jpg,7.57
110416050@N0315083577064.jpg,7.63
74112261@N0547487766982.jpg,7.83
28449734@N0731104485198.jpg,6.79
n68cpe37119565134.jpg,7.5
annakwa22878483611.jpg,7.38
jotabsantos27550018557.jpg,6.75
100477236@N0219573210302.jpg,7.84
lohmannfotografie28189316869.jpg,7.83
phg_voyager28529477155.jpg,6.96
152245455@N0727765245669.jpg,7.79
cnmark46311440494.jpg,7.17
salmonpink42293910625.jpg,7.08
ajpscs42966901335.jpg,6.66
vampire-carmen14723688666.jpg,7.44
gregumiecki41841970621.jpg,6.44
126654539@N0824941168685.jpg,7.15
125864675@N0426038116780.jpg,7.67
hernanpc18957044513.jpg,6.86
raul_photos36899013350.jpg,7.08
100860509@N0738443067452.jpg,7.34
eneade8460810829.jpg,7.63
31779113@N0623598421130.jpg,6.42
lospromillosontour36859718114.jpg,7.05
lospromillosontour30417624156.jpg,7.68
pkomo16891234218.jpg,7.33
gabrielle196529489417736.jpg,6.83
103548647@N0815798283147.jpg,7.38
77136928@N0440508854355.jpg,7.67
argentalico45351028512.jpg,7.39
143323818@N0545813179765.jpg,8.24
156601024@N0546660978685.jpg,7.58
lospromillosontour24646965007.jpg,6.7
nutulescug16741878060.jpg,7.6
136852301@N0543238089360.jpg,6.99
lospromillosontour24688540197.jpg,7.27
therealmcquaide24541887341.jpg,7.84
kocyla23663824263.jpg,7.92
knulpgallery30360932310.jpg,6.73
emirato31043312088.jpg,6.96
70684778@N0420522216104.jpg,7.86
crofty13631750664695.jpg,6.89
120833037@N0642018728035.jpg,6.76
jactoll39179711235.jpg,7.41
155438794@N0642050730335.jpg,7.55
franma6528288316302.jpg,7.88
valkamch43193008342.jpg,7.03
68792473@N0424121756934.jpg,7.67
128531489@N0339807699492.jpg,6.44
74112261@N0539460424090.jpg,7.65
2dxtreem16772724631.jpg,7.29
michalnazimek40974037841.jpg,7.52
geoliv20637555564.jpg,7.54
mwschaff33543310508.jpg,7.69
reupa23449450385.jpg,8.1
lospromillosontour45811133685.jpg,7.89
mkaraoglu27180404091.jpg,7.69
luc-mechelen24164106482.jpg,8.69
120833037@N0640440191875.jpg,7.69
112125470@N0338912691300.jpg,7.67
piersmathias29473305287.jpg,7.96
lumenscript40378984972.jpg,6.97
a350wg27003786335.jpg,8.2
37034324@N0520685139798.jpg,7.73
kevin137walker37910635446.jpg,7.44
rodolforibas31918675391.jpg,8.0
158018233@N0846252876194.jpg,8.63
159861139@N0324871617267.jpg,7.26
stetre29930061384.jpg,8.11
stefanjurca27185023006.jpg,8.06
91550765@N0625429942696.jpg,8.0
kevin137walker46963838342.jpg,7.94
n68cpe30357277315.jpg,7.7
kevin137walker26404230743.jpg,8.89
samyhah31903826528.jpg,7.77
simon-alexander24229723693.jpg,8.04
kevin137walker28989389821.jpg,8.6
rschnaible40423021663.jpg,7.33
anxanum41724529141.jpg,7.35
z00p29983981155.jpg,8.05
165918175@N0531889035947.jpg,7.4
piersmathias40928359065.jpg,7.84
94969330@N0225577916164.jpg,8.15
143447993@N0725485982657.jpg,7.61
lospromillosontour32558856401.jpg,7.54
lospromillosontour25478780945.jpg,8.21
167611876@N0640731621413.jpg,8.34
guigui-lille20968173190.jpg,7.78
142419559@N0547702212242.jpg,8.17
piersmathias30216635237.jpg,7.99
lumenscript38381347322.jpg,7.13
94265950@N0525518613693.jpg,7.37
flindersian21305677245.jpg,8.08
michalnazimek40378249204.jpg,7.88
65075983@N0332432152257.jpg,6.96
mamunur_rashid24466841447.jpg,8.21
65075983@N0342641527812.jpg,7.95
chollsjr28553841985.jpg,7.36
126723203@N0828112785434.jpg,8.49
gazcreativediver17037523082.jpg,8.15
lospromillosontour31181805960.jpg,7.79
emirato32930237358.jpg,7.52
kevin137walker26700959761.jpg,8.59
emirato45740935181.jpg,7.55
piersmathias28449862247.jpg,7.69
107211676@N0730253166175.jpg,7.92
bmdphotography-scotland30048087780.jpg,8.07
21882319@N078766347494.jpg,8.61
gregoryrohan43096853902.jpg,7.71
emirato46423318591.jpg,7.95
111747620@N0323858268444.jpg,8.25
150147738@N0829610252087.jpg,7.3
lospromillosontour36578731284.jpg,7.52
pbo3131089579495.jpg,8.13
kevin137walker27516000170.jpg,8.45
