image,score
royal652434802855.jpg,3.81
estellef1907448228.jpg,2.34
lunitta092856928181.jpg,2.75
7281599@N07425801040.jpg,1.84
oferke401774778.jpg,1.85
49714327@N065589428313.jpg,3.02
sistab2302197285.jpg,2.7
142780391@N0727114104851.jpg,2.16
58586020@N004123917451.jpg,2.67
palitoz5024755452.jpg,2.73
menhawk498499999.jpg,2.88
30264143@N0013681713984.jpg,1.69
41_megapixel14448712721.jpg,2.12
9669636@N042614470185.jpg,2.31
i_am_sarikeian4601246217.jpg,2.94
8660488@N02530620349.jpg,2.38
vashistha4444770336.jpg,1.77
142994553@N0627203219442.jpg,2.58
devilineden5145146715.jpg,4.48
hotair2112171418881.jpg,2.36
142637831@N0726941988181.jpg,2.6
onurkafali1095260174.jpg,3.12
ju_cooper5852704606.jpg,2.34
strawberrydream2041913028.jpg,1.84
alexsebastianh7402502238.jpg,2.75
aiurita4729359511.jpg,1.77
mfbaki244647849.jpg,2.71
q8-aholic532773903.jpg,2.5
hdnature2346080115.jpg,2.06
ambientlight318168893.jpg,2.58
draagyn2612417688.jpg,4.38
steveandrou5883929257.jpg,3.09
marcgrau350823446.jpg,1.75
13540600@N032673488982.jpg,2.79
wormdog3508464914.jpg,3.06
papichulooo2785809001.jpg,3.1
elmina353504046.jpg,2.94
topsham4086828865.jpg,3.27
torley4267722892.jpg,3.25
j4rdim253892977.jpg,2.52
mariacurbani316370541.jpg,2.67
acwmaiden2565888915.jpg,2.78
pfly37404623.jpg,2.05
coffeeluv2402296294.jpg,2.25
discernphotography4554444225.jpg,3.33
125350549@N0722317295563.jpg,2.1
helgi1252517562062.jpg,4.06
sdekouadio25561984851.jpg,3.58
courtolino7151555319.jpg,2.73
anonimphoto28079356294.jpg,2.94
stevebowmanphotography27520997604.jpg,3.62
totoslayer2770074483.jpg,2.16
134741223@N0421716172722.jpg,3.14
33808803@N033338305285.jpg,4.0
arunroy4013203456.jpg,3.65
daniella72923576894375.jpg,1.93
75161281@N0064441275.jpg,3.07
stephenhayes557295758.jpg,2.67
dede902304242221.jpg,2.25
andrewmorrell1050679956.jpg,2.26
bluebeedesigns4705080462.jpg,2.5
toanam2066285918.jpg,1.73
galopoulos1110815729.jpg,1.62
cthiesen274685456.jpg,2.67
freakfreak3097945592.jpg,2.4
laurenrosenbaum2473129248.jpg,3.38
shaytal3784788213.jpg,3.54
robinmacblane3197686753.jpg,2.91
75923199@N002697954482.jpg,3.81
29989483@N002319815811.jpg,3.2
maggiemom2892271657.jpg,3.11
solapenna15484577258.jpg,4.28
johnson73044129356.jpg,3.83
mattp922660939320.jpg,3.35
astrostew26793073471.jpg,3.18
dionepsoc40501572733.jpg,3.21
100209471@N0313237697545.jpg,2.25
fergalocallaghan14239756135.jpg,4.53
madyorke3972505192.jpg,4.1
mediumpanda7317620814.jpg,3.62
masri_rasti5235598533.jpg,3.29
jalalspages711161806.jpg,1.95
willosphotos19216440398.jpg,2.83
alfredomadrigal26425262715.jpg,2.67
viddij3501769155.jpg,3.96
alories3345134041.jpg,4.09
treetops_photos1417543466.jpg,3.04
mgaz2657581054.jpg,2.21
130755272@N0823756510508.jpg,2.43
141866435@N0833387472661.jpg,3.55
my_exposure3636659831.jpg,4.17
mariacurbani404097159.jpg,2.91
juli_ani6222108144.jpg,2.91
acreb5531537339.jpg,2.7
33648476@N00972851192.jpg,4.08
thomas-riecken7684947310.jpg,2.25
grafspi31630350210.jpg,2.39
jacoliveira544610159.jpg,3.0
133890805@N0323778553402.jpg,3.04
11581147@N0633021529954.jpg,2.69
151818452@N0642632804400.jpg,4.17
96128519@N049190970992.jpg,2.7
ggreybeard26446041984.jpg,2.29
21480420@N034577708131.jpg,2.69
84041018112286285.jpg,2.45
klonowa4579439713.jpg,2.84
mira94583284653146.jpg,3.15
mojlogin519536131.jpg,3.26
dianes-pics3639623555.jpg,4.04
jimmorrisonlive4447980324.jpg,2.92
18284386@N029735710992.jpg,2.24
30064316@N043931174807.jpg,2.51
sketsnl15718540320.jpg,2.71
sunuq6373169277.jpg,2.67
waddell_family36748042183.jpg,4.0
simonjwood35144720945.jpg,2.69
142064735@N0633185410400.jpg,3.26
dawey22139116386.jpg,2.42
markcph7394896164.jpg,3.04
14419055@N083964318305.jpg,3.33
8992134@N0816684705960.jpg,2.42
131018912@N0624877110295.jpg,3.09
123670052@N0214258926970.jpg,2.9
154673520@N0746622759281.jpg,2.78
luckiestsam14908160403.jpg,3.94
29417041@N062863022457.jpg,2.92
27496071@N062797991054.jpg,2.94
jbphototon4170110306.jpg,3.19
natali_antonovich33115427814.jpg,3.33
thomas-riecken7409120862.jpg,2.38
asianu5562931769.jpg,3.12
dasmeet2983092481.jpg,3.38
ericbronson2550166065.jpg,4.54
7750444@N059273276040.jpg,2.56
149328524@N0823827193368.jpg,3.19
juha_riissanen4999063138.jpg,3.23
saint_463407707206.jpg,2.35
41816648@N0837714973726.jpg,3.47
thomas-riecken7265848628.jpg,3.22
148918617@N0333068614124.jpg,2.43
hwlee17570943706.jpg,3.65
djacidalee3020476978.jpg,3.96
132087056@N0520422498684.jpg,3.65
26408421@N043234590757.jpg,4.5
alessandro_raffaelli20040923072.jpg,2.41
fatima2t1640597304.jpg,2.16
frank-the-raven13912756161.jpg,3.42
147465992@N0731773963840.jpg,4.17
indiantraveller494265903.jpg,3.56
dimas_benedict2454400828.jpg,3.37
troter594182207180.jpg,4.4
maapu405716012.jpg,3.58
34379736@N00320125816.jpg,4.66
95766788@N069059893857.jpg,4.14
spicey_spiney16448641366.jpg,3.96
suckaface3081885903.jpg,4.25
spicey_spiney16536739207.jpg,3.37
dub_tuner25795192960.jpg,4.79
olga_gda3061890694.jpg,3.65
clicksart14441371620.jpg,2.71
99255026@N0713083667804.jpg,2.31
toomaskalda6064974133.jpg,4.1
_solange_791852351.jpg,2.71
thomas-riecken7689299906.jpg,2.76
trishaleve6828068432.jpg,4.81
92509011@N0823217407439.jpg,3.15
cazou16129948265.jpg,3.83
hiasl314988819375.jpg,3.68
splinx18815839318.jpg,3.03
irmimayr3228096369.jpg,3.5
oualibelahsene7494434598.jpg,3.88
peter_la16648170817.jpg,3.13
yve196415313539432.jpg,3.31
franciscoherreraphotography14314953503.jpg,4.26
svetlo_vsem22509047030.jpg,4.44
yourfantasytravelclub23568441405.jpg,3.73
cdhpix17141385238.jpg,4.21
131759323@N0216757184256.jpg,4.0
ric_ok32157681645.jpg,3.9
la_valevale28806061065.jpg,3.01
13499964@N0311392844106.jpg,4.2
purpleman3345819887.jpg,4.55
30284284@N046770070881.jpg,4.21
hiker56440367885.jpg,3.73
neoo43216748339506.jpg,3.67
visithuatulcobays32448727115.jpg,3.03
28753645@N076871997239.jpg,4.17
abbyharts14944023749.jpg,3.61
23267638@N062693189085.jpg,4.15
photographerglen960533002.jpg,3.77
dforan38823199902.jpg,4.0
ravishahphotography6868478528.jpg,3.54
11541098@N065067051009.jpg,3.81
rishirajmahato33371777305.jpg,4.21
keedap4557577766.jpg,3.42
35471453@N035729391698.jpg,4.39
schermannski34492740872.jpg,3.71
jalalspages5098993201.jpg,2.85
ka0tix3118318211.jpg,5.0
100175216@N0614382956300.jpg,2.7
22462950@N043654173995.jpg,4.92
natali_antonovich33917816796.jpg,3.52
srg_mro32031542232.jpg,3.47
angelica751367055241.jpg,4.53
starrypix6775469667.jpg,4.81
33435772@N033116367812.jpg,2.6
133890805@N0323303030714.jpg,2.79
closeyoureyesandkiss31886488421.jpg,4.69
splinx33785631313.jpg,3.69
88982759@N0615611874816.jpg,3.45
krittergirl5705368038.jpg,4.38
longint578243456656.jpg,4.72
tir_na_nog4527913443.jpg,3.04
flotxu6064805877.jpg,3.62
barbarabonannobnnrrb35185696485.jpg,4.17
thierry_legault4695771732.jpg,3.29
62908736@N0826558134004.jpg,2.8
rickhathaway31860738877.jpg,5.18
49209746@N055129784210.jpg,4.46
16590526@N0717848868468.jpg,3.3
timelessriver37046921225.jpg,2.75
ufopilot523882878.jpg,3.06
71212069@N004242445591.jpg,3.91
gem_images4121012296.jpg,4.15
wenspics_-_wpt7794744236.jpg,2.92
nandoonline2488835332.jpg,5.38
41960506@N0212831332475.jpg,3.53
9575287@N0729692008617.jpg,3.67
chris_van_dolleweerd6855869289.jpg,3.09
srahn31806498221.jpg,3.08
marivi19866556910723.jpg,3.25
keleka65640956886992.jpg,3.52
21655952@N079580386014.jpg,3.62
ozzrod36640588424.jpg,4.35
peetastn4863792630.jpg,3.97
astrostew26953877181.jpg,3.53
30983938@N043612650705.jpg,2.84
lapix77731282324490.jpg,2.92
87242456@N0240213612704.jpg,4.84
harikrishna12284735109.jpg,5.43
natali_antonovich33145678713.jpg,3.4
sdekouadio28389162350.jpg,3.41
16590526@N0717872100091.jpg,3.35
mbb645652559577.jpg,3.69
kerkaya9681750015.jpg,2.99
anupamrajeev12297938163.jpg,2.56
easy19555102292568.jpg,4.77
danwery27030556875.jpg,3.16
adventure3582840762.jpg,4.47
28873089@N083649380565.jpg,5.03
cindersmom3696302533.jpg,3.37
esther-241929731.jpg,2.96
mieledolce2741739440.jpg,4.35
grantbush7098282829.jpg,4.13
frank_tyrlik20211527326.jpg,3.86
evesnature13581826424.jpg,4.19
152592777@N0345341235591.jpg,3.67
alvaroqzd2261873567.jpg,3.08
thedavewalker14625383648.jpg,3.57
alexandrii36530930711.jpg,3.73
108270556@N0641046162131.jpg,4.79
glenelg482597065998.jpg,3.94
marcia_marton726943844.jpg,3.04
pesi4837797108.jpg,4.42
125048633@N0314694188416.jpg,4.01
spwasilla25127675116.jpg,4.18
richtpt24128271903.jpg,3.21
rebeak28672922673.jpg,4.13
162941123@N0443959971002.jpg,4.4
marialuisa34037547500.jpg,4.71
kdxweaver3888697098.jpg,4.88
kat-morgan5684872321.jpg,4.0
sahar_ferwaneh21173750059.jpg,3.53
abstract_effects341184262.jpg,4.6
hxkenneth4334943034.jpg,4.88
95715523@N0524128808451.jpg,3.98
wojciech_grzanka15797727420.jpg,5.34
yousefmalallah4574708387.jpg,4.35
58991066@N009052353985.jpg,4.46
worldwidewandering171728242.jpg,5.61
112169103@N0412092956644.jpg,5.6
faerberg3988215376.jpg,4.97
128905059@N0225109367180.jpg,4.69
mariopellerito14583230801.jpg,4.93
torsten_frank38498581815.jpg,5.05
andrefelipecarvalho28044940216.jpg,4.92
dfotofanatic5288116256.jpg,4.95
annabergs37609387396.jpg,4.94
nbonfanti13509175907.jpg,4.81
q8172559627938.jpg,4.06
truus360656393.jpg,4.57
thenbman9422699392.jpg,4.47
f_prestes5339554102.jpg,4.4
northwickpark3404074517.jpg,4.21
124154549@N0423361606975.jpg,4.82
horstphotoart21084891445.jpg,4.0
23350128@N054678841958.jpg,4.57
84125642@N0713538210213.jpg,5.04
maapu320821992.jpg,4.21
focusman5294376198.jpg,4.46
128938892@N0316512688793.jpg,4.65
sayaninmail14498561846.jpg,4.67
mattijsfotos32484284376.jpg,4.5
92448121@N0424521136905.jpg,4.58
miro_krol36983801755.jpg,4.14
thiagoant17105617691.jpg,4.23
133863100@N0620526649882.jpg,3.53
rrajaten5638284570.jpg,4.43
163605973@N0227863890388.jpg,4.34
thomas-riecken7669499616.jpg,4.63
rock_wolf29813133884.jpg,5.06
twistyshrimp16939283007.jpg,3.77
quelfragoso34230338495.jpg,4.51
21080957@N072143594905.jpg,4.33
louismusacchio16084187558.jpg,4.67
artsylens8722644774.jpg,3.45
9861648@N063161372834.jpg,5.37
newdawn_images5710289509.jpg,3.88
diogofirme5766382016.jpg,5.81
audiotribe5030230069.jpg,4.18
147479758@N0233070413245.jpg,4.27
cdell283781333.jpg,3.72
sdekouadio28641421946.jpg,4.04
62034326@N0033455284835.jpg,3.19
91823583@N0814483455750.jpg,4.02
ajbufalino14840645998.jpg,4.72
jimul34922510986.jpg,4.08
truus322452561.jpg,4.52
thomasarmstrong46494369042.jpg,5.18
jspmobilegraphy17343909633.jpg,4.12
astrostew28332982273.jpg,4.3
rishanshareef11703922756.jpg,4.16
krishram274381627759.jpg,3.29
dorcam167571172012.jpg,5.06
truus293164449.jpg,4.33
sculptorlil9243741970.jpg,4.13
rebeak6755548739.jpg,3.48
61459268@N0024042562055.jpg,4.65
east3rd15376604.jpg,5.15
uwalwi24609247965.jpg,3.88
cside352267586.jpg,4.71
dmweter2304650470.jpg,3.88
27368793@N029274052614.jpg,4.22
kjell7521008361852.jpg,5.01
tracyhughes2611271900.jpg,5.25
126243959@N0531430058981.jpg,4.66
miradudel15454428441.jpg,3.54
abstract_effects532176894.jpg,4.93
11461315@N061336968787.jpg,4.05
dellspics17061055458.jpg,4.02
kirstencooper17369128065.jpg,4.0
yousifani4402607967.jpg,5.35
22936584@N0517448128281.jpg,5.04
69258414@N0815089115147.jpg,5.77
vrocha50016097046084.jpg,3.45
peterestokes11353892306.jpg,5.53
mariavolskaya29679462937.jpg,4.49
kariganskye16558835454.jpg,5.65
mario_alpha25344519610.jpg,4.54
easy19555099487891.jpg,3.52
christaki7102960365.jpg,4.0
olemsteffensen16854882601.jpg,4.8
fethphon28560345326.jpg,3.87
asadbabil_smj2691720599.jpg,5.5
147479758@N0232224753954.jpg,4.97
68942208@N0210785065103.jpg,3.42
135050983@N0820941660491.jpg,5.16
134224668@N0821185534595.jpg,4.66
130494919@N0516650388582.jpg,4.6
timstimes6812728373.jpg,4.44
semper_scifi41166712162.jpg,4.98
nullerz3631674706.jpg,5.38
21620485@N0815936089333.jpg,3.81
40569445@N0239843693140.jpg,4.41
masri_rasti6793559846.jpg,4.43
24931307@N0424684517677.jpg,3.8
63164772@N0522695164691.jpg,4.58
apratimsaha3230967078.jpg,3.56
roshanatl4340408980.jpg,4.08
edleegwater31359900022.jpg,4.15
kendow17180748745.jpg,4.64
donmillertogo14818063973.jpg,4.53
infomastern35275541966.jpg,4.41
jane64pictures31635254433.jpg,4.55
workofnature6024069785.jpg,5.0
132833165@N0731171649340.jpg,4.04
nebbes6133000877578.jpg,5.39
mvtpictures13954874043.jpg,4.23
fvivarf3691054592.jpg,5.29
esther-316533313.jpg,4.52
135265200@N0624073252639.jpg,5.15
podbelsky147462017.jpg,5.72
135887534@N0727192391394.jpg,4.89
31052411@N046219782437.jpg,4.89
berndp23459454961.jpg,4.21
claudiopompeo34119587496.jpg,4.2
thomasarmstrong37991971066.jpg,4.79
alamond8366386498.jpg,5.41
illawarra5163242585.jpg,4.44
16590526@N0716834608344.jpg,4.12
pkoen28840520350.jpg,4.39
pkoen37302537661.jpg,3.91
notkalvin14884087611.jpg,3.6
arekev4168817576.jpg,4.09
intherough25521826190.jpg,6.08
24557420@N0516625979419.jpg,5.35
155515424@N0435754208934.jpg,4.49
mara86166344346.jpg,5.95
136749177@N0731411977654.jpg,4.29
jacobs_ian26035440726.jpg,4.89
26230150@N085911843389.jpg,5.37
stanzim6002627153.jpg,5.8
128624155@N0620816135103.jpg,4.01
126816719@N0325990083425.jpg,4.67
foggybummer31521425253.jpg,4.45
josteinsen9269438859.jpg,4.33
157296068@N0244967545344.jpg,3.64
50615476@N0314704834661.jpg,4.83
steveandrou20440011626.jpg,4.72
shertila21645786713.jpg,5.23
-r-e-n-22019626214.jpg,5.38
teo582609941808.jpg,4.97
rooney44415671958062.jpg,4.8
147479758@N0232752711453.jpg,5.29
uthred30180821838.jpg,4.08
3underpar34404233163.jpg,5.61
116099122@N0420763135866.jpg,5.08
fossibear5439127487.jpg,5.11
klonowa26967164032.jpg,4.29
mmoments26342006762.jpg,5.29
54436265@N075424127378.jpg,4.62
163752079@N0326354148867.jpg,5.04
md_anwar_hossain31652384418.jpg,5.08
27775566@N0615079016278.jpg,5.19
zohaibusman27032749998.jpg,4.01
108698153@N0526770532722.jpg,5.08
through_urizen11391408763.jpg,5.49
adabo22650813539.jpg,4.54
jocarlo17045306844.jpg,5.5
129910119@N0822891832643.jpg,4.41
greys-n-danes8387221480.jpg,5.28
eos-mike14605904520.jpg,5.65
somethingmonumental2473831848.jpg,5.69
the_smart_snake2111943607.jpg,5.21
125407841@N0839890954892.jpg,4.58
143426415@N0527241145075.jpg,5.35
126816719@N0316545826014.jpg,3.97
twistedfairy4013088012344.jpg,4.7
128361367@N0824274867949.jpg,3.91
16590526@N0716874054395.jpg,4.28
m_alsaleh4796430741.jpg,5.61
louismusacchio40714224563.jpg,3.84
149830176@N0538861316805.jpg,4.12
58188031@N0810105255684.jpg,6.08
bytegirl5562774314.jpg,4.71
40384381@N054893463372.jpg,4.71
esantucci34320005184.jpg,4.84
marcorigamonti6973781739.jpg,5.16
blickkontakt8373055592.jpg,5.83
58384947@N069614474375.jpg,5.12
victor-benitez3202566854.jpg,5.0
12085534@N0232434901853.jpg,4.52
147479758@N0232254687363.jpg,4.98
thorpeland2715793848.jpg,5.08
melifoto43667067652.jpg,4.79
larandy6210928789.jpg,6.03
peetastn6903819001.jpg,5.48
47249110@N0314390040888.jpg,5.55
donmillertogo36149527174.jpg,3.75
fotocafe902244349.jpg,4.95
walkingcolorado40500814255.jpg,4.33
bluelunarrose8517181259.jpg,5.62
sso1131413090235.jpg,4.6
stuckinthemetal8362361298.jpg,5.83
klonowa21637271276.jpg,4.24
autisticreaction31590383096.jpg,5.85
pixelatedsky39761808101.jpg,6.12
celestman26838809726.jpg,4.63
sabinche15578486007.jpg,5.95
benheine4051583399.jpg,5.29
davejglaves455076543.jpg,4.86
street_spirit3175858727.jpg,5.49
124286417@N0220591234358.jpg,4.27
leylagundogan3597669742.jpg,6.08
160843834@N0540302660380.jpg,5.69
24720892@N042755788287.jpg,4.88
murphyzmike10687154453.jpg,4.77
28668407@N023094677177.jpg,5.61
francois8827521058556.jpg,4.89
145267694@N0830756517423.jpg,5.85
-mlphoto6673492547.jpg,5.18
48527206@N055267068530.jpg,4.38
twinklespinalot25741148583.jpg,4.64
donkjensen5149990754.jpg,6.33
76201130@N0527464888353.jpg,5.13
17469730@N008277955987.jpg,5.8
41960506@N0215742139173.jpg,4.11
onirban31430428124.jpg,5.56
danielhopkins17128609140.jpg,3.84
50826080@N0017463048802.jpg,5.58
carool3173492869.jpg,5.05
murali-art2420429125.jpg,4.8
125654384@N0642295068231.jpg,4.92
35436622@N065742036649.jpg,4.94
bypauls24038516523.jpg,3.71
jer7424312400682.jpg,5.09
mturnau20110181103.jpg,6.3
hadeedsher9178847024.jpg,5.95
crocusdem4076010136.jpg,3.87
rikyfotos3385733394.jpg,5.33
ajax80559811207006.jpg,5.74
26683767@N0616659327110.jpg,5.54
shomirs_photos8291943582.jpg,3.74
136094180@N0628447647118.jpg,4.56
lisa-37-lethen13452524433.jpg,4.19
44236944@N0725936038875.jpg,3.73
hardeko16543443246.jpg,6.26
blairmchattiephotography22259649112.jpg,5.14
43452481@N025461107910.jpg,4.17
126478940@N0220973472622.jpg,3.71
decisive-moment-photography11825698406.jpg,5.23
indiantraveller2351295546.jpg,4.95
fallrod4665737959.jpg,5.85
baby7105460575.jpg,5.28
44571756@N0036289790081.jpg,5.31
btphotos201044085843604.jpg,5.09
amanclos28773182712.jpg,4.58
elenaleong18953741276.jpg,6.21
24043754@N073482143104.jpg,5.44
selena-jupiter6735407747.jpg,5.48
eng-ta6377013409.jpg,4.01
paulsimpsonphotography25350641062.jpg,6.04
59341452@N035447689141.jpg,4.51
95389484@N0614491343845.jpg,5.46
julesnene29632239636.jpg,5.67
dark-dave30982723320.jpg,4.89
yart_photography3167166653.jpg,5.86
marcia_marton647970587.jpg,4.67
21644167@N043086988383.jpg,4.26
anttsichlas3966343595.jpg,5.83
edenysw24864444759.jpg,4.31
olafur-ingi-olafsson17050741229.jpg,5.04
mattblythe19611057472.jpg,4.65
truus168440127.jpg,5.36
joekepieters12910989075.jpg,5.14
leenvanyperen3510806412.jpg,6.07
92843809@N0716458980978.jpg,3.83
joecatrin32952578411.jpg,4.71
tamarit7266122662.jpg,5.64
gavmonster19452805808.jpg,5.5
themagsters_photostream16652568424.jpg,4.13
alamond24391155186.jpg,6.12
sikaa443003868.jpg,4.89
136901629@N0331614453491.jpg,5.44
chrisar23690630910.jpg,5.75
podsville43944079284.jpg,5.2
fergalocallaghan9649931392.jpg,5.75
tonybrierton31806746980.jpg,6.02
75912018@N0616524872290.jpg,4.89
60587696@N036938816895.jpg,4.31
ecjeroen19173544750.jpg,5.11
16590526@N0720013743628.jpg,4.5
natilady9411836576.jpg,5.8
99076370@N0631027658671.jpg,5.58
121019654@N0729704992357.jpg,4.84
ollie_576771627901.jpg,5.3
edoardolavagno8568883483.jpg,4.67
ohiobuckeye28814863604.jpg,5.1
irene316470229185.jpg,5.0
frata608425241408.jpg,5.17
europeanasian8888888848.jpg,4.69
105449545@N0712646080685.jpg,5.6
chrisgibbs24807676089.jpg,4.77
ipaloni2545385380.jpg,4.95
peetastn43280220391.jpg,4.56
andreasgosch2255876792.jpg,5.81
nathalie-photos21041486482.jpg,5.31
81709772@N0735199671735.jpg,4.56
133985235@N0624193873673.jpg,6.0
matt-burke14626005865.jpg,4.76
miro_krol36586534470.jpg,5.2
julev6928128365705.jpg,6.03
monochrom-stream42692002304.jpg,6.29
clik_emotion3747077541.jpg,7.04
123686708@N0532317978481.jpg,6.04
bruno_brujah3629504327.jpg,5.27
shaun_rey30661195323.jpg,5.61
kg2km29562794354.jpg,5.65
alodk17322076511.jpg,5.42
onlyshilpi25977417988.jpg,5.28
ethanxxvi7994482807.jpg,5.1
kjkmep16522660975.jpg,5.7
tomwildoner16505411825.jpg,4.87
60650565@N0331598099798.jpg,5.47
anupamrajeev12710420974.jpg,4.5
127921425@N0328782586951.jpg,5.9
103819905@N0511144501334.jpg,5.17
spectaclephotography14794119283.jpg,4.5
klonowa18193215969.jpg,5.48
133826524@N0224274285059.jpg,5.29
matrobinsonphoto15318506242.jpg,5.5
jonathen20242658069.jpg,4.87
lerefs5811449882.jpg,6.38
stellawind8229666764.jpg,4.9
49511688@N0411682721073.jpg,6.04
suresh_nd310016710272961.jpg,4.98
119779833@N0414628798240.jpg,4.91
europeanspaceagency9402209584.jpg,5.13
840410114992454905.jpg,4.46
guylordat24943578279.jpg,6.41
gsfc6244140977.jpg,5.52
jmcr9031878052795.jpg,5.85
sirmart4517961644.jpg,6.62
anonymousseeker19696324484.jpg,6.13
esynr29210163472.jpg,5.0
10065211@N0624248459291.jpg,4.34
irreb_rent6003285052.jpg,6.95
visualideas17973328933.jpg,5.33
alodk17101188012.jpg,5.71
spookyghost115827827951.jpg,6.02
129944223@N0831364075785.jpg,4.74
148165563@N0736400160446.jpg,5.56
143479928@N0330640395530.jpg,4.99
sb_photography9239164069855.jpg,6.2
cjhowitt32912312490.jpg,6.53
that_damn_duck28250674199.jpg,4.61
hello_dj_tgv13472220964.jpg,5.78
134048858@N0420351338732.jpg,5.53
54612410@N0519603541442.jpg,6.03
splashlight28386402942.jpg,4.34
arekev11971312334.jpg,5.57
jocassidy29411217360.jpg,5.69
141657472@N0728395903080.jpg,5.65
gcfotographos26511698784.jpg,6.38
braid443252670655.jpg,6.21
32889236@N028824344756.jpg,6.38
alodk26468185132.jpg,5.05
louismusacchio16270898322.jpg,5.68
147479758@N0233070429165.jpg,6.5
69318072@N0826538986560.jpg,6.17
arekev4096424794.jpg,6.13
evesnature5169490187.jpg,5.92
stephanexpose35855231541.jpg,6.2
131457094@N0622354515178.jpg,6.24
rebecamello3543989685.jpg,5.14
22936584@N0524061133601.jpg,6.61
57425935@N0231943506566.jpg,4.79
andystones6427402128916.jpg,5.58
124902797@N0247190783971.jpg,5.92
hardeko14606068120.jpg,6.25
sxbaird41135163762.jpg,6.3
zstincer5005892659.jpg,6.33
that_damn_duck33582584833.jpg,5.54
sedgefieldken8254188931.jpg,5.5
alessandrogiraldi3318472583.jpg,5.42
kckelleher1115118188596.jpg,6.38
wyrzykus6321546465.jpg,6.37
pmillera427608052159.jpg,5.5
100652856@N0813486664215.jpg,4.71
mc-shutter268613140.jpg,5.6
59231583@N0830644916911.jpg,5.79
ggpics34404549374.jpg,4.54
borealnz15421815103.jpg,5.94
clod871821604811501.jpg,6.25
venkatarameshkommoju30069447010.jpg,5.17
olivier-jaudoin31183654630.jpg,5.17
136463420@N0530817619613.jpg,5.27
92610789@N0415683592996.jpg,5.21
imageclear27815913491.jpg,5.2
bubbs671426440530.jpg,5.5
lov-ela2931963125.jpg,6.06
mutephotoblog3402486316.jpg,6.5
visualideas17456908928.jpg,5.32
anthonyh92414828634279.jpg,5.31
135924873@N0228275217491.jpg,5.3
rvroel38524860421.jpg,6.25
c-h-l4014430980.jpg,4.88
conall28073755217.jpg,5.83
lars138714819329103.jpg,6.85
tez_guitar16442723916.jpg,5.66
112036688@N0615576522190.jpg,5.53
fotofrysk4921469040863.jpg,6.54
martinzurek24669257332.jpg,6.29
shirrenlim16656133107.jpg,6.04
lumase6495570105.jpg,7.28
134413672@N0322253892420.jpg,6.83
davidjdalley25943190581.jpg,6.79
wolfkann19434488625.jpg,5.92
stellawind31785731786.jpg,5.24
151185004@N0437499305620.jpg,5.33
snowblind615532818028.jpg,5.96
robynhooz14143272878.jpg,6.39
146033580@N0731883832172.jpg,6.06
that_damn_duck45321109132.jpg,5.88
28500835@N0537701243046.jpg,4.66
ccyumc31180652541.jpg,7.21
61147735@N0515911904382.jpg,6.51
tezz450d11430878596.jpg,6.66
wilfred-roelofs13890282559.jpg,6.12
vikaskoshti4605929682.jpg,5.78
jarnasen15501710512.jpg,6.2
matthiasklaiber32230242820.jpg,6.05
genelabo45911329315.jpg,7.06
cathytangmy27657709390.jpg,6.21
nigelwallace132071812733.jpg,5.8
weickmann20221523698.jpg,6.83
aires25425154853.jpg,6.36
timboss8114861321438.jpg,6.93
real_tokyo32761799945.jpg,5.11
135090594@N0324837334675.jpg,5.56
alemdag2474144390.jpg,6.47
jotabsantos11196076345.jpg,6.12
lndtrigg14836620757.jpg,5.92
grancanario33009965210.jpg,5.75
131238258@N0322529838837.jpg,5.38
132833165@N0721801811455.jpg,6.64
that_damn_duck36713384381.jpg,5.94
klengel22653361667.jpg,5.88
jcfajardo15396145601.jpg,6.31
peetastn4427770778.jpg,6.92
marcd718976781434.jpg,6.29
ammfazlan23502834479.jpg,4.99
miracleconspiracy31075324473.jpg,6.64
126577243@N0816881845061.jpg,4.87
79874834@N028273069642.jpg,6.87
andystones6428990904856.jpg,5.14
rober1000x11888106235.jpg,6.79
all_things_nautical9235170595.jpg,6.17
131965867@N0826375759732.jpg,6.6
zimoch25814064678.jpg,5.43
mustafaalaa15253266217.jpg,6.32
129326934@N0223719138535.jpg,6.39
mikeyphillips43282149420.jpg,6.75
kazempson23854019530.jpg,5.17
darren-moore14486902840.jpg,6.39
wasifyaqeen11593846916.jpg,5.56
tantekaethe23665607813.jpg,5.79
lisa-37-lethen16234861654.jpg,5.42
peetastn17884912619.jpg,6.25
131573540@N0438485308574.jpg,5.19
mefistos16847080116.jpg,5.25
rayofpeace19274343809.jpg,6.34
pkk496010819445.jpg,6.52
pauldowning22336942691.jpg,6.41
bamawester488136978.jpg,6.62
adrians_art3703776979.jpg,7.45
kazwitkos13298485594.jpg,6.29
claudia-kiel28560669624.jpg,7.59
128496482@N0519590726441.jpg,5.91
malioli15877469207.jpg,6.45
sud8126997387386.jpg,6.0
131053902@N0828545350536.jpg,6.08
69842277@N00297389898.jpg,6.33
56637010@N0726841748033.jpg,7.41
daniel-stroebel24934636363.jpg,5.97
101572311@N0516053874546.jpg,6.63
aycasanflickrcom3437860266.jpg,5.77
69055597@N0830192648212.jpg,6.54
133303592@N0343134097580.jpg,5.88
gaviotita_200026990523487.jpg,5.31
rescopt25852606223.jpg,6.89
jankovoy27919843294.jpg,6.08
124461601@N0731119068581.jpg,5.88
soxfaninsd3263312839.jpg,5.67
142386798@N0830891712966.jpg,6.27
peajayhow6869920523.jpg,6.67
onemli24632662498.jpg,6.81
144243371@N0529992071625.jpg,6.19
terryaldhizer12745045015.jpg,6.52
54224433@N0716561269540.jpg,5.85
ioankal29381275635.jpg,5.45
31791237@N0233361831086.jpg,6.69
steo7114464564450.jpg,4.9
vincentveneruso31335691126.jpg,7.33
enrique-arevalo19921874436.jpg,5.96
tobesandjess14813926146.jpg,5.6
lh-joinery12507918843.jpg,7.4
roseen39196905342.jpg,6.28
amritash_9921481356233.jpg,6.84
14892851@N0613989499794.jpg,5.71
120578638@N0821351786862.jpg,6.06
adrians_art521245297.jpg,6.69
davidjp6444358084961.jpg,5.42
rickztoor14517604955.jpg,4.97
simpleman00742661317110.jpg,5.42
artsylens8287246098.jpg,5.7
boon_hong28554470685.jpg,5.5
132338393@N0618904107501.jpg,5.48
ivanterziisky16447099586.jpg,5.53
142474791@N0730803907412.jpg,5.46
rk_photos5411820296.jpg,7.08
49206401@N00517610650.jpg,6.71
75686686@N0730333399076.jpg,6.02
129349692@N0424194438132.jpg,5.65
dunja5777769508.jpg,5.08
criatvt14026398362.jpg,6.94
kjkmep17399349622.jpg,6.61
ggpics36678198301.jpg,6.0
148581798@N0333547797085.jpg,6.05
davidbrookerimages31919130313.jpg,5.78
davidgutierrez2258380266.jpg,6.94
129234688@N0530039501162.jpg,6.1
134493066@N0633671631354.jpg,5.69
137706713@N0530804617552.jpg,6.1
kernichphoto35997532875.jpg,5.99
43452481@N0216538841368.jpg,5.8
65338476@N0515713741416.jpg,6.18
snowpeak27805127797.jpg,6.97
oprahpics14482310409.jpg,6.38
dartmouthphotography30650647494.jpg,7.12
146131584@N0633822272992.jpg,5.87
larandy26471869123.jpg,5.36
s-b-b32810539332.jpg,6.48
146124713@N0246757990474.jpg,6.34
helgarosa14417803326.jpg,6.12
ks60one30694131962.jpg,5.94
schweizerrolf30183131800.jpg,6.44
28432918@N0425844030743.jpg,7.58
powerfocus6404062901.jpg,6.21
94467497@N0816934586319.jpg,5.46
robmacphotography37892230665.jpg,6.05
owen_fitzpatrick30535363183.jpg,7.19
malioli15836539815.jpg,6.17
a-cris14052299704.jpg,6.94
jenshaggren15111567127.jpg,5.47
algo3687203330.jpg,7.38
noro822403443791.jpg,6.87
akhombre22421220468.jpg,6.24
selvin285606577.jpg,7.33
41547529@N00597081866.jpg,6.49
mariamkimeridze22828940065.jpg,7.04
mimigd25587114243.jpg,7.12
inair9521973858.jpg,6.48
99076370@N0629844091855.jpg,6.48
54224433@N0716668136007.jpg,6.87
42337881@N0238640833506.jpg,4.95
norbertreimer20849031725.jpg,7.72
pekvaha9778212213.jpg,7.19
cbrockmann21310146323.jpg,6.62
123474721@N0617103530808.jpg,5.67
hyshoots9491339938.jpg,7.35
131238258@N0322963804163.jpg,7.07
bertrandkulik14973304029.jpg,7.04
130565695@N0731772931346.jpg,6.14
cdomenig2330359139.jpg,7.71
endless-love-photography13430104104.jpg,7.71
pedro_garcia_01532090977633.jpg,6.8
g0rsty14893620260.jpg,7.38
nerlando31131254932.jpg,5.95
vaeltaja5511889687.jpg,6.13
rambynas44306874201.jpg,6.64
animelikyan15550092496.jpg,6.04
milesifederico37917313601.jpg,7.04
jeridaking3574762370.jpg,7.36
oddiseis30274893175.jpg,7.25
bypauls25606583371.jpg,6.27
ana_gr6245681047.jpg,6.62
gsfc16086588490.jpg,6.14
chrisnaton14318728450.jpg,5.99
el-catalejo2600582374.jpg,7.34
natali_antonovich33664761706.jpg,5.45
helenanormark38031405144.jpg,5.98
arekev12073559305.jpg,7.11
veridiano329734896460.jpg,6.6
alberino23302531034.jpg,6.03
algo3289758989.jpg,6.0
46019178@N0531339935036.jpg,5.92
arturx8727986772045.jpg,5.8
jimatkins-sr30580522516.jpg,6.45
persona_natali32852345501.jpg,6.58
tdweeks16153715534.jpg,6.23
123634576@N0625113563049.jpg,6.3
victorroblesphotography25856492921.jpg,6.53
130671887@N0826213004284.jpg,6.38
that_damn_duck32809557685.jpg,6.4
hiker5614025101361.jpg,6.9
bharatgupta22965823565.jpg,6.19
114394213@N0230413917963.jpg,6.98
nrocher24844254989.jpg,6.48
vnnkhanh14785135818.jpg,7.4
moodyfan51712420923803.jpg,6.29
146839877@N0644264298954.jpg,6.38
nutulescug14921684079.jpg,7.27
92773053@N0328420233339.jpg,5.38
tonyinaus14228183174.jpg,6.58
richardamlewis14152865735.jpg,6.12
132357404@N0535854547015.jpg,6.14
aymgo22446166610.jpg,6.11
mustang000699292180760.jpg,6.15
138015784@N0631317340653.jpg,7.17
jerzeegolfer12875713734.jpg,6.42
16310943@N0729663081043.jpg,5.28
yalilaguiselle32243710417.jpg,6.13
76898597@N029504240276.jpg,6.72
130021923@N0726761809042.jpg,6.49
murali-art8224619926.jpg,7.37
andystones6426703387380.jpg,6.19
wizard1551c12634777704.jpg,7.16
lisa-37-lethen25217249231.jpg,5.96
littletinperson31481398684.jpg,6.87
jocarlo21227788772.jpg,6.75
jeridaking3002509434.jpg,7.12
valentinschalk24937044062.jpg,6.86
16701453@N0817108648415.jpg,7.03
32772931@N039229068571.jpg,7.81
andystones6425173176060.jpg,5.83
ccyumc25347671462.jpg,7.42
32772931@N0313388777075.jpg,7.72
scorpio_7913765031635.jpg,6.33
diogo_gasparetto2820611405.jpg,6.64
pjgrillo28288000744.jpg,6.46
flametree24233978726.jpg,5.43
peterspotka16385685721.jpg,5.97
trevgreen16760057836.jpg,6.46
natali_antonovich33791228895.jpg,5.64
blueeyeddebby407096986.jpg,6.58
matey3414775940.jpg,7.08
robmcavoy25265295762.jpg,7.79
75761363@N0814850902240.jpg,6.11
70874987@N0520350038005.jpg,5.89
peetastn28742271360.jpg,6.13
lordskully24017859334.jpg,7.0
135586771@N0240564647111.jpg,7.6
149439655@N0532018843862.jpg,7.2
99076370@N0631192702281.jpg,6.49
47743368@N0621604098428.jpg,6.12
131238258@N0322739277282.jpg,7.35
gkoiter27619078729.jpg,7.24
barbarabonannobnnrrb34644171383.jpg,6.94
sevdelin_atanasov26298389396.jpg,5.43
helgarosa14122961430.jpg,6.88
andreas-mally28806771340.jpg,6.54
18843374@N026768169441.jpg,7.18
71398264@N0429565368900.jpg,6.88
michytz3584718991.jpg,7.33
15030115@N0631251143196.jpg,7.17
96211389@N0335811550621.jpg,7.53
petiabalabanova30791041903.jpg,7.71
jenshaggren15893484620.jpg,7.53
ufukagun18653724029.jpg,6.65
7558695@N0540030464714.jpg,6.34
53079075@N0515095099113.jpg,7.71
134426129@N0530305414290.jpg,7.29
travel-tom25057517352.jpg,7.22
13399162@N0329960745323.jpg,6.89
mswansonphoto15862753995.jpg,7.22
sdrimagestore16392930035.jpg,7.75
jarcorboi21011130978.jpg,7.55
pp92412501990595.jpg,6.46
125725157@N0429703481334.jpg,5.76
jotabsantos12303873374.jpg,8.2
rassloff16765657250.jpg,5.76
jotabsantos17943845169.jpg,7.45
by_floki37557884242.jpg,8.03
27357821@N0020738631378.jpg,6.41
55864922@N0514724970839.jpg,6.2
16021433@N0731769178486.jpg,5.79
141877197@N0732770858088.jpg,7.14
vagpic30421051428.jpg,7.41
112711738@N0614150576499.jpg,7.29
131737448@N0340426319181.jpg,7.08
55864922@N0514818020916.jpg,7.83
dawnsview26621149885.jpg,6.7
ash227632370882466.jpg,5.98
kimmo-ojaniemi20461499884.jpg,7.38
138155038@N0341691186262.jpg,7.13
stevetaylors10604722646.jpg,6.87
adrians_art3428854478.jpg,8.89
mr_fabulous4382095686.jpg,5.99
chrisbrn35705238433.jpg,5.62
95110413@N0324080190364.jpg,6.65
adrians_art30529203232.jpg,8.68
luis-gaspar29294449614.jpg,7.12
141750336@N0442195560640.jpg,6.79
21632907@N0330006515440.jpg,6.4
wackelaugen28479571146.jpg,8.32
informal_photography22746276323.jpg,7.53
algo4432173778.jpg,7.13
yyao143261671405.jpg,6.79
114981774@N0416153921323.jpg,6.75
127639140@N0417302023292.jpg,7.45
124212775@N0515044130275.jpg,7.82
63847423@N0329098798294.jpg,7.17
ioankal29183964481.jpg,7.25
robynhooz26717726016.jpg,6.71
andystones6433648975035.jpg,6.68
117291948@N0826768383661.jpg,7.11
112310383@N0717236985606.jpg,7.86
33703016@N0331215859336.jpg,7.0
stefanorugolo7734961710.jpg,7.09
evergreen200526253301416.jpg,6.72
formosating15888578840.jpg,8.13
vd196622443096965.jpg,8.39
semitune24480104073.jpg,6.95
peterspotka16100751268.jpg,7.36
131578442@N0828605331073.jpg,6.68
108033162@N0416827102179.jpg,7.33
wackelaugen17647240543.jpg,7.08
jan-arne_pettersen14384548324.jpg,7.9
mr_kuchen23293968880.jpg,7.55
25184780@N0531537288812.jpg,7.95
wyrzykus9487119460.jpg,7.25
jessieleong13993104695.jpg,7.83
americandiesels16531027309.jpg,7.03
114063888@N0838411340431.jpg,7.64
136319788@N0530944471237.jpg,7.36
shashphotography33462798456.jpg,6.09
33569737@N0713509877065.jpg,8.21
129648924@N0428783856366.jpg,6.44
31309077@N047624432878.jpg,7.25
harakispicture31715591624.jpg,6.78
olafur-ingi-olafsson19061832599.jpg,7.55
mr-fotografie15435120869.jpg,6.86
militao3723602638939.jpg,6.9
rassloff16683777458.jpg,7.02
128026872@N0330167864305.jpg,7.18
picturesmathew32444125052.jpg,7.18
thalibthameem30476412262.jpg,6.87
tglow6299076890.jpg,7.02
heinz_tanja17870251939.jpg,7.03
maiyosh25722449291.jpg,6.04
146233806@N0826866423899.jpg,6.39
29487672@N0724822062615.jpg,7.71
132999220@N0520579958754.jpg,7.02
michelcouprie16162686489.jpg,6.75
donmillertogo14581809587.jpg,7.76
andystones6433517381061.jpg,6.92
eniogodoy29643174955.jpg,6.94
murraymike8941039913364393.jpg,6.94
131226413@N0833791447752.jpg,7.44
c3galaxia18791833623.jpg,6.78
robynhooz15634953929.jpg,6.35
mcbphotos24832271790.jpg,7.7
visualideas38610316894.jpg,6.62
76937733@N0510417802025.jpg,7.27
136327125@N0431047909590.jpg,7.63
115188198@N0331723881686.jpg,5.94
raghulrj18173454426.jpg,6.89
andystones6432972856992.jpg,6.14
146004124@N0640362134472.jpg,6.34
trini916112762499.jpg,6.45
fredrik_lindedal26822123100.jpg,7.5
aciepielewska13081368344.jpg,6.87
daylightwalker27855933642.jpg,7.03
vegarshansen15438606428.jpg,8.13
heatherpeaches27570819302.jpg,7.4
srahn27808925253.jpg,6.79
124740930@N0435638833224.jpg,6.37
mibby2331252697982.jpg,6.55
55864922@N0514820227986.jpg,6.9
129654140@N0537279757650.jpg,7.28
121766202@N0423183672751.jpg,5.67
133630378@N0825596709836.jpg,7.11
dorset-lady28407488591.jpg,7.33
tobi04064428259971.jpg,6.95
kjkmep23135648670.jpg,6.64
grazijanuario18414835908.jpg,8.04
98723310@N0421571995949.jpg,6.64
44991205@N038245963255.jpg,7.78
bracomfotografie25496022263.jpg,7.36
145950492@N0546254009935.jpg,7.12
134360274@N0831779692703.jpg,7.62
lisa-37-lethen41355186194.jpg,7.52
rogersbest33115354198.jpg,8.41
109773589@N0830952336580.jpg,7.38
thalibthameem22816137368.jpg,6.59
126944123@N0437789847161.jpg,7.36
93371050@N0233841960528.jpg,7.06
125857418@N0219617243804.jpg,6.75
47693491@N0321878459741.jpg,8.1
109720208@N0619675418948.jpg,8.29
99442184@N0317178811287.jpg,8.69
circleyq25490015775.jpg,9.11
55864922@N0514863720352.jpg,7.1
bracomfotografie32821266896.jpg,8.02
42868587@N0026014134091.jpg,7.44
126915310@N0815814819472.jpg,6.86
bracomfotografie36836367591.jpg,8.4
csiminis23788901626.jpg,8.2
76704355@N0440349688422.jpg,8.44
33703016@N0332660080481.jpg,8.62
blavandmaster19834274313.jpg,7.42
132872955@N0331351863296.jpg,8.07
jenshaggren31287516778.jpg,7.54
nposselt16250544854.jpg,6.34
33703016@N0325149420572.jpg,7.46
bracomfotografie29646088973.jpg,7.58
143641282@N0629804676234.jpg,8.45
kerkaya14137202213.jpg,7.89
jenshaggren26778569261.jpg,7.97
jotabsantos29103498523.jpg,7.25
halbfeld19462124336.jpg,7.79
ash227644143904124.jpg,7.19
55864922@N0521569299918.jpg,7.2
geezaweezer36440869325.jpg,7.37
115188198@N0330383997233.jpg,8.88
giovannimuscara43393171895.jpg,7.35
145089184@N0430949660764.jpg,8.1
famasse42905406930.jpg,9.04
133943109@N0238369492805.jpg,7.69
128653174@N0216466443313.jpg,8.5
sjffbb28307486020.jpg,7.59
pogspix25151134780.jpg,7.79
dylank22933141679.jpg,7.17
splashlight27705386032.jpg,7.33
golf_attasit15317842457.jpg,7.38
141738594@N0430124885957.jpg,6.66
119959206@N0829989404722.jpg,8.36
hugovonschreck29022641825.jpg,7.92
34557852@N0615495559579.jpg,7.51
80080858@N0622337836252.jpg,7.58
78033586@N0243570848282.jpg,8.25
33703016@N0325744306673.jpg,7.62
76704355@N0436372355126.jpg,7.58
jenshaggren30829394891.jpg,7.7
showmesavings34134058603.jpg,7.22
97546511@N0530373673383.jpg,7.81
115188198@N0323590163232.jpg,8.73
luxuriel22367358221.jpg,6.76
33703016@N0325716554414.jpg,7.38
93371050@N0240752108764.jpg,7.1
robertdownie25567115762.jpg,6.98
57710963@N0530072125561.jpg,7.33
xtraphoto23842977556.jpg,8.12
