image,score
marcipancat11754164213.jpg,2.7
slider51463496951.jpg,3.1
kimiagar2894874409.jpg,2.9
28300078@N0428791380612.jpg,2.11
booradbop342076217.jpg,2.62
34287392@N064711053573.jpg,2.84
memoongirl306833822.jpg,2.46
24289042@N082638234615.jpg,2.79
troybaker1472788940.jpg,2.33
27516608@N083619030766.jpg,3.12
vinkosunde542197625.jpg,2.83
dahlstroms4710007388.jpg,4.17
jyryk3213912033.jpg,3.55
bpdragon2835898415.jpg,2.71
grafik_fee522104749.jpg,3.49
12466980@N052801946837.jpg,3.24
morebubbles2581523373.jpg,2.33
tihor-dus5021987349.jpg,2.51
130779019@N0332050181251.jpg,3.46
tugga2258372033.jpg,2.6
chezza61416432953.jpg,3.23
joedesiderio29228733615.jpg,3.25
120230253@N0725592675790.jpg,3.46
31207271@N063442126723.jpg,3.47
kankouri3313659443.jpg,3.5
kadacat2506362337.jpg,2.31
bobnl2297266281.jpg,2.94
vishkavishkovski5403158468.jpg,2.43
28515533@N032951962506.jpg,3.73
bb7729449994243.jpg,3.46
chrissie200373730905.jpg,3.06
plastimodelismo_akira3981078093.jpg,2.75
34305027@N066874522155.jpg,3.02
7683177@N03709950612.jpg,2.15
agnes2452164741.jpg,2.73
carolannestimpson3437684500.jpg,3.62
kathy_zygo3632500066.jpg,2.83
kvaidya5456384862.jpg,2.56
cinziarizzo278600448.jpg,3.04
baby73370254752.jpg,4.03
morebubbles2578325371.jpg,2.84
feenixfoto3317818032.jpg,2.71
melissagray4495095556.jpg,2.92
norabolz4243301875.jpg,3.17
shirworld482118144.jpg,2.52
28090908@N043248638041.jpg,2.52
8359017@N02838711591.jpg,2.44
becca3k2088824139.jpg,2.73
henikeke24534709214.jpg,2.65
reflectionsreturn3619396854.jpg,2.44
143175349@N0430686974700.jpg,2.63
danniepolley30105056833.jpg,2.8
137769148@N0626031620612.jpg,4.19
128402054@N0716074116568.jpg,3.13
mobiledoll3774657394.jpg,3.38
brianhaslam3277253666.jpg,3.85
55202307@N002680955484.jpg,3.27
abrideu-sets5461048760.jpg,4.45
giorgiod29011106783.jpg,2.92
ele1534803097726.jpg,4.2
41116322@N0021610452595.jpg,4.04
18761825@N002341086989.jpg,3.13
middendorf20202452946.jpg,3.85
marlin_rasdam3034033541.jpg,3.47
46986851@N024961781676.jpg,4.01
aristogatta8402554134.jpg,3.42
arichards-gallery4315711617.jpg,3.39
sarasternberg6220688729.jpg,3.96
139000252@N0724822744521.jpg,3.85
30104391@N084398343757.jpg,4.13
pinkphotos627207030950.jpg,4.1
136928225@N0329638450933.jpg,3.21
behzad_noorifard7094946253.jpg,3.69
abrideu-sets9508706114.jpg,3.04
im2fast4u2c29266850405.jpg,2.99
63895238@N006329822266.jpg,3.72
kaoru873619158788.jpg,3.54
eulfab8257396744.jpg,3.38
cheryl_rose14395202625.jpg,3.94
greg_balla4179195040.jpg,4.33
64242238@N0414628793165.jpg,3.6
23620228@N027081080397.jpg,4.33
bee-ceedee6629997505.jpg,4.6
30029139@N077319665396.jpg,4.05
kerstingu9512313105.jpg,2.53
tresed479301906985.jpg,4.14
beave3369840200.jpg,3.35
37254648@N0720357807062.jpg,3.92
bhaskardutta31968624786.jpg,2.74
lenny_av7156873401.jpg,4.21
akhyana19441404872.jpg,2.79
mkmuruganandan29150146312.jpg,3.87
kwankhj8747136083.jpg,4.09
yabanji3361643339.jpg,3.42
127406945@N0824747199903.jpg,3.4
autumnwaters9273431385.jpg,2.98
mythoto14057399688.jpg,2.75
68769579@N0713807875175.jpg,3.38
40905298@N053906231629.jpg,3.95
130281204@N0623665695549.jpg,3.71
sewerdoc4858633106.jpg,3.53
annieta_photography_nl8585453378.jpg,3.76
20408885@N032852976887.jpg,3.1
83206992@N0223765540332.jpg,3.08
paulsimpsonphotography4479241303.jpg,4.37
27155275@N0212927399614.jpg,3.57
malikaladak28025919250.jpg,3.17
21644167@N046295205756.jpg,4.42
97120021@N0214642163208.jpg,4.07
wilfredolazaro4611300169.jpg,3.19
yogendra17421159319633.jpg,3.35
67105332@N076318038648.jpg,2.74
91520889@N0627148057173.jpg,4.66
parismadrid2458129715.jpg,3.73
10567341@N073531827915.jpg,3.84
atillavibes358055180.jpg,3.48
seasiderosegarden5081254880.jpg,3.42
thefernandeses12369433964.jpg,4.17
dutchnature5990882187.jpg,3.09
splashlight16411830119.jpg,3.39
26928455@N075528945651.jpg,4.66
tinica4633484708.jpg,3.33
7603557@N0816374398440.jpg,3.27
120789414@N0514124953847.jpg,4.06
ausguy8111744548926.jpg,3.51
25139520@N0446654045211.jpg,3.62
debamalya8512375711.jpg,3.67
storm-in-arizona2988711072.jpg,3.11
115576925@N0419706455626.jpg,2.95
mythoto19360446969.jpg,3.71
jo_0010850575085.jpg,2.74
pal19703255085613.jpg,3.44
estelada826701417633.jpg,3.83
bellaclicks3664484713.jpg,3.87
ligthelm5356201443.jpg,2.96
macieklew26466014062.jpg,3.81
lisagilliland16749644950.jpg,4.15
kittywrinkle4302550129.jpg,2.91
wernerkrause5690845594.jpg,3.85
itmelo2913926220.jpg,3.75
kirsten_m_lentoft524523799.jpg,3.68
texflix4397566700.jpg,4.61
chrisadrienne4631251940.jpg,2.55
inna_z8155009348.jpg,3.25
le-wookie25987371924.jpg,3.73
snowykate7036478839.jpg,2.8
georgiesharp5831390287.jpg,3.73
katysnaps2281602799.jpg,2.79
99707828@N0319401339431.jpg,3.73
freerkz29937158856.jpg,2.96
18761825@N002398012195.jpg,3.17
annahwatzphotography5689342303.jpg,4.35
dizzyanna7039668189.jpg,3.94
justemi3888316847.jpg,3.1
gironina13927037404.jpg,3.92
spacecb9627741409.jpg,3.05
giorgiod14367102987.jpg,3.5
borda_h2o3493057237.jpg,3.58
47148237@N0624036728955.jpg,3.75
23760461@N0625003732606.jpg,3.26
27241019@N0413817187764.jpg,4.01
flkrflk3893300624.jpg,4.75
kasia-pics15171922190.jpg,4.04
keleka6565314319575.jpg,5.0
28481088@N003487803417.jpg,4.04
meadowviewstudios24910093192.jpg,4.42
woonde3981541432.jpg,3.79
annabelleny5625705183.jpg,3.66
moggyminor16755759141.jpg,4.53
113510637@N0325717577954.jpg,3.69
danleeder20103181705.jpg,3.77
dikkebiggie6633784273.jpg,3.85
carshamus3402672382.jpg,3.96
49123964@N055855470781.jpg,3.41
peggypryor32125793346.jpg,4.54
tresed4721412249122.jpg,3.71
37254648@N078499304915.jpg,4.66
jimmygupana1394508612.jpg,4.26
118106855@N0523922443620.jpg,3.85
21644167@N049508186450.jpg,4.64
carlos3864989108719.jpg,4.83
pslee9997774497782.jpg,4.4
robinfrazier4325726874.jpg,3.81
gtncats17468984868.jpg,4.06
147102943@N0727692222749.jpg,3.4
annfrau8889702762.jpg,3.53
30645600@N064105121949.jpg,4.79
dalalsofshrishail6933149628.jpg,3.82
france_8639554121.jpg,3.33
9742303@N028570202424.jpg,4.85
sbickerdike13663939403.jpg,4.14
alexcabrita21276011752.jpg,3.09
annfrau2244197382.jpg,3.17
a_brewley5690578032.jpg,3.37
117569844@N0525230792193.jpg,3.96
vartzbed13616654574.jpg,3.74
126284919@N0621310794600.jpg,3.96
hanabidays2222601261.jpg,3.84
m4calliope4887524911.jpg,4.5
mendipblue17059833445.jpg,3.69
84041016714418191.jpg,4.3
johngcramer14367808704.jpg,4.38
emmaramskill24126083922.jpg,3.75
akhyana20017590161.jpg,4.09
bhuvanmp4649453645.jpg,3.62
pitysing2851355659.jpg,3.07
21644167@N046475382227.jpg,4.47
cttc29371251585.jpg,3.56
libertadleal4583436122.jpg,4.31
hamapenguin27114496046.jpg,3.69
48521072@N048317651991.jpg,5.48
kristapalmu5934976004.jpg,3.25
annkelliott3926936561.jpg,3.87
dolcedanielle4514190301.jpg,4.14
84265607@N002301063733.jpg,3.9
pedrolakes14355196296.jpg,3.93
leafypages9914075033.jpg,4.14
wilson_jacobes9569153928.jpg,4.45
21644167@N042573817784.jpg,4.34
luizamatyjaphotography5386817541.jpg,4.5
badkitty0228035063722.jpg,4.5
76587189@N0818022792305.jpg,4.52
kunstplatzl2769933717.jpg,5.42
55647737@N0417239964931.jpg,3.4
84265607@N0012344794373.jpg,4.17
118953905@N0614189452884.jpg,3.63
28481088@N00375451012.jpg,4.43
jhan16814635779947.jpg,3.94
paul-in-japan5380361702.jpg,4.16
allen_alien17030760624.jpg,4.34
10284458@N00456877278.jpg,4.33
monceau31961988770.jpg,3.34
10888027@N043466119430.jpg,3.29
17282664@N0324906193845.jpg,2.62
134696025@N0321032991123.jpg,3.88
68769579@N0720765503206.jpg,3.98
125784328@N0219966487325.jpg,3.28
scottmelvillepictures14668079884.jpg,3.46
linlaw393428582751.jpg,4.54
greg_balla4447329003.jpg,4.67
37254648@N078578773563.jpg,3.78
jnicholai20836955553.jpg,4.35
142324005@N0430052684280.jpg,3.83
mary_wv5198091430.jpg,4.23
zerohdog6838815001.jpg,4.54
t_e_brown14615483918.jpg,3.52
52591355@N0414334763934.jpg,4.65
132910913@N0327642935255.jpg,3.78
56611404@N035486032641.jpg,4.28
28481088@N003610818564.jpg,3.81
bagdadcafe403291958.jpg,4.64
123637849@N0814875593261.jpg,4.09
bratli12794234183.jpg,4.64
31421271@N085596203086.jpg,4.21
19779889@N0017985563733.jpg,4.14
44506883@N0430470847235.jpg,3.84
83646071@N004874049351.jpg,3.6
134696116@N0624946176450.jpg,4.17
58465068@N085891189244.jpg,3.52
126284919@N0620248239211.jpg,3.94
115242315@N0412124121014.jpg,4.14
ngramadies15558754881.jpg,3.27
marcoborg4536097470.jpg,4.38
abrideu-sets23412398864.jpg,3.62
ojiez3864183898.jpg,4.86
mary_faith22394688489.jpg,4.08
artcrowther23866602739.jpg,4.37
josegieskes26348996062.jpg,4.18
hamapenguin3196755158.jpg,4.58
giorgio52151047667.jpg,4.67
stanzim7157641127.jpg,3.77
126849102@N0617733797950.jpg,4.06
syreeta-my_pics6907567432.jpg,4.63
e_liddell14212460486.jpg,4.12
tonydias711463322624.jpg,4.44
cins_city3498240468.jpg,4.25
ramseyn25464633593.jpg,4.12
aaronmstanley8840944531.jpg,3.75
137646540@N0225040859551.jpg,3.44
debbie-photos5893868044.jpg,4.87
ropmann5605601926.jpg,4.71
7612124@N08514636056.jpg,5.08
107037990@N0316638467578.jpg,3.38
t-fukuda7159515991.jpg,5.25
lpipkin4382373448.jpg,5.27
kam742445000485.jpg,3.95
mihaiela961399324.jpg,3.5
35559983@N074359092079.jpg,4.46
jmgarcia12341105263.jpg,5.59
neta_gov3462997408.jpg,4.65
jasonmgabriel23480719622.jpg,3.76
peterbrake1054485475.jpg,3.83
4stories13723649774.jpg,4.99
18761825@N002514284940.jpg,3.23
11803211@N0630888257582.jpg,4.2
mayaqphotography3820101299.jpg,3.79
kalamakia449558009.jpg,4.58
atk-snowflake739608878.jpg,4.18
29679410@N023773468974.jpg,4.04
91133543@N0616384523788.jpg,3.08
72985717@N0324706802940.jpg,3.49
norm_waldroop8088731167.jpg,4.57
47148237@N0624010639256.jpg,4.52
bluejay20063952867080.jpg,5.09
anikin3664323332.jpg,3.45
77096872@N0029806605855.jpg,4.71
wulf00724729964510.jpg,4.11
milleleter4446017442.jpg,4.69
brian10417660223305.jpg,3.99
soccersc4103995896.jpg,4.81
kaffealskare17837399886.jpg,4.34
errysgallery6840748295.jpg,4.9
arichards-gallery3842191464.jpg,4.14
stokesley7731489480114.jpg,4.51
astridgabriella4327521363.jpg,4.19
117569844@N0524967873712.jpg,4.03
131380119@N0324170117501.jpg,3.55
21644167@N0411558394993.jpg,4.72
ivy_style336022554360.jpg,3.86
717images15205684670.jpg,4.88
kikicchi4781949704.jpg,4.03
smiller99918395241828.jpg,4.51
frazier86130185640.jpg,5.96
pieceoflace2198795787.jpg,5.33
99707828@N0326004215532.jpg,4.79
blueskystudio1354107674.jpg,4.26
monicaforss5380082205.jpg,4.79
marcusgreco31168184973.jpg,3.62
jbusch408544772.jpg,4.39
104182223@N0423973485610.jpg,4.83
taniasonnenfeld6896190884.jpg,4.33
ozgal18144959102.jpg,5.67
fotomakr8530819276.jpg,5.44
k4wea6395202753.jpg,3.68
texturonline5567598936.jpg,4.11
37116665@N043586935858.jpg,3.65
tresed4716426295674.jpg,4.85
pedrolakes14439218804.jpg,4.85
dmh6415643283649.jpg,3.88
22798593@N054330125271.jpg,4.83
dolldreamer5390772324.jpg,5.09
nm_flowergirl9382738459.jpg,4.54
atelier_jade285384824.jpg,3.51
68769579@N0713807900343.jpg,4.59
pikpix8177850647.jpg,4.61
palms120823488481.jpg,5.25
12729870@N042095734862.jpg,3.88
alangutsell30522722271.jpg,5.0
worldoftessa14899325358.jpg,4.95
30645600@N064105885158.jpg,4.76
121497482@N0416216102147.jpg,4.83
mhirano7828108106.jpg,4.99
e_liddell15681195612.jpg,4.94
kitcatcandy234900420.jpg,4.04
eurel_laugh23281476255.jpg,4.49
cluckyjoesphotos18098927451.jpg,4.0
flametree21333902149.jpg,3.75
csillagszem3876963647.jpg,4.87
gemelle115415205045.jpg,4.77
rokop3017509318.jpg,3.82
stone658705718328.jpg,4.29
fvandening11498084143.jpg,5.86
luxfecit17010899689.jpg,4.15
omniped382112338.jpg,4.44
slcook522648514121.jpg,4.6
miket64132273561980.jpg,5.38
35628955@N027992827487.jpg,4.41
peterestokes9284152887.jpg,5.96
ucumari2086083401.jpg,5.21
107889266@N0719335550255.jpg,4.56
oholysweet2535998725.jpg,4.22
14980862@N038967767605.jpg,3.96
133093921@N0719536089960.jpg,4.83
35628955@N027899769788.jpg,4.75
feyth2220762296.jpg,4.87
bidefordnick8387999810.jpg,5.03
23198949@N0826064408002.jpg,4.57
raditech8782030930.jpg,3.77
nomm33282880.jpg,3.83
palms133359217694.jpg,3.99
jacki12319812319110.jpg,3.82
jacopopoletto15194852231.jpg,5.47
ifido8405288918.jpg,3.97
alexa_maravilla23862238341.jpg,4.58
niggley24671251943.jpg,4.25
anymotion3589533484.jpg,5.44
tinica2277533461.jpg,4.0
92041731@N0317235996382.jpg,5.31
celeste7869676870.jpg,4.26
139556185@N0525823377603.jpg,4.97
doorsixteen5214286939.jpg,4.35
thrasher7227686639724.jpg,4.8
george_h_frizzell18414296660.jpg,3.59
josephforman29035904292.jpg,5.86
71561164@N0023242206280.jpg,5.25
kiuko3708986751.jpg,3.9
134559287@N0220820458709.jpg,4.17
maria_jose_almeida886076537.jpg,4.41
helenabragafotopoesias5340151553.jpg,5.02
47148237@N0624197570551.jpg,4.26
sammikins19764464864672.jpg,4.05
annieta_photography_nl8639485253.jpg,4.05
doublewithcream3814856292.jpg,3.65
34370937@N0725844678531.jpg,4.63
magdalengreen614935731.jpg,5.07
gilleverett19821750660.jpg,4.67
dopiaza300241370.jpg,4.65
j_mac_tt4824218926.jpg,5.18
21644167@N044840326565.jpg,5.64
maerten24357099815.jpg,3.82
21644167@N049482610258.jpg,5.29
8230318@N0614136032310.jpg,5.68
39823166@N0614638446267.jpg,4.47
duncandarbishire15388145561.jpg,5.44
23198949@N0828566714505.jpg,4.71
doorsixteen2888446682.jpg,3.92
terytky4497811694.jpg,5.14
chocobebs15520434805.jpg,4.94
nts_hk26892332630.jpg,4.17
e_liddell17587667001.jpg,4.01
doug888884545397677.jpg,4.58
24848163@N0817697817241.jpg,4.31
54736680@N026925707291.jpg,5.24
davidlev2137235963.jpg,4.17
doctorahmedbadr31501734434.jpg,5.48
35110249@N054653593789.jpg,4.86
vanikurup2302108695.jpg,3.88
maggggie28517250196.jpg,4.64
celeste5899104719.jpg,4.9
akalbudi5417910662.jpg,4.95
giorgiod28745246380.jpg,3.25
52963511@N0716903344130.jpg,5.57
21644167@N042104000279.jpg,5.5
kumaneko16016103416.jpg,5.49
34068123@N073410592300.jpg,5.21
16688871@N0322675422957.jpg,5.71
the_jorr350759189.jpg,5.5
jannekesfotos278845662.jpg,5.21
wvdvet24814295326.jpg,5.26
judylindo22590628244.jpg,5.16
djm-photography16704154508.jpg,5.87
phoenixvision7086359929.jpg,6.42
114781512@N0217025820597.jpg,4.66
preze19669857440.jpg,4.65
danleeder25816219143.jpg,4.55
yappingjak11868133024.jpg,6.31
splitti6818888376638.jpg,5.31
omygodtom27563739466.jpg,4.6
51295368@N0723616724864.jpg,4.73
silverdragonfly6894390783.jpg,4.64
38426812@N056972408027.jpg,4.25
mukumbura5120355592.jpg,5.5
slcook522317684286.jpg,4.45
johnadwillis3090115422.jpg,5.69
sastarrett1380272489.jpg,5.12
56046403@N048244254994.jpg,5.5
21644167@N0427307754364.jpg,4.76
pixx0ne5403751583.jpg,3.58
mar-itz7474472404.jpg,4.54
chrissie2003891886.jpg,5.86
21644167@N0416306466175.jpg,5.56
snic32019942247912.jpg,5.49
10276215@N033530164181.jpg,5.3
wwwcelinestalnl15457041354.jpg,5.52
24848163@N0823200341630.jpg,4.88
118733642@N0423172229192.jpg,5.63
ijuhasz2943935751.jpg,4.98
21644167@N0427458721976.jpg,5.68
43693449@N0526299169995.jpg,5.05
ecstaticist442379434.jpg,6.19
22311971@N0414086962568.jpg,4.33
just_good5507243465.jpg,4.63
93418591@N0421053167290.jpg,5.35
szalexs-513544986451.jpg,5.95
jciv3061391824.jpg,4.98
flametree23854817294.jpg,4.67
ingrid2059759.jpg,5.34
yellowshadow9215724859081.jpg,4.76
123616369@N0523657929133.jpg,5.35
49182852@N00381537821.jpg,5.31
dolphin_dolphin533083648.jpg,4.8
ollie_574468652371.jpg,4.95
7509810@N056862638678.jpg,4.76
92231417@N0516187435337.jpg,5.09
annkelliott16298937863.jpg,5.16
kaoru873454567187.jpg,6.15
rubempjr28243949395.jpg,4.42
annelies_438648440953.jpg,5.93
mewiefish15355163370.jpg,5.25
doorsixteen2929461584.jpg,5.21
maruja_photography3781690886.jpg,4.25
mamilein3680299227.jpg,5.24
nancyandwayne662493409.jpg,5.19
114781512@N0217504657083.jpg,4.75
21644167@N0421048511329.jpg,4.79
giorgio52368803705.jpg,6.45
studebakerbirds16155491284.jpg,5.7
137365023@N0627205580521.jpg,4.54
127634912@N0531819824110.jpg,5.4
flametree28896595035.jpg,4.16
glendahall19786468123.jpg,3.67
72939685@N0714653696847.jpg,5.38
infomastern22002092826.jpg,4.29
maerten9684724175.jpg,6.19
jenniferhsucc28700785556.jpg,4.95
annieta_photography_nl4110011010.jpg,5.42
mlrogers8972466443.jpg,5.04
bettyvlasiu10889353746.jpg,5.43
jackslad888732519.jpg,6.0
annemiekeprozee14195450752.jpg,5.37
artcrowther16180677665.jpg,4.92
mihaiela2217174964.jpg,5.21
duncandisorderly37142971025.jpg,4.98
21644167@N0415251306016.jpg,5.53
infomastern15845045574.jpg,5.19
miwa3190848206.jpg,5.17
johnidis14893949889.jpg,4.28
21644167@N0414323682187.jpg,5.6
maerten6730290231.jpg,6.4
minebeyaz2328475842.jpg,5.4
ascott14564622789.jpg,6.55
98637931@N0210861615116.jpg,5.27
jenniferhsucc32496249230.jpg,5.08
yabigweirdo70952572.jpg,5.88
missjaydoll5920673124.jpg,6.31
leslievictor27860486444.jpg,5.25
rroscoe2430807219.jpg,5.9
imagesofelbows4076342589.jpg,5.42
94770717@N0226588939536.jpg,4.25
angelicatphotography15897107964.jpg,5.04
61090240@N0229682828620.jpg,6.09
135674071@N0526515800571.jpg,5.46
bluemegarte3043321930.jpg,5.06
16483105@N0228141640666.jpg,4.92
tresed4726796668673.jpg,5.22
infomastern16566934693.jpg,5.15
41700107@N0815650574395.jpg,5.04
ascott4422960010.jpg,5.75
pyride33363757963.jpg,4.81
janetfo74711679499474.jpg,5.67
kimiron21534327626.jpg,5.31
77023397@N0520369527075.jpg,5.0
45445559@N0445830053714.jpg,5.13
annieta_photography_nl25950648682.jpg,4.75
etali21576847705.jpg,5.72
debster020923153486129.jpg,5.95
iliaal4324498313.jpg,4.53
tobi04062409997128.jpg,5.14
40273664@N038186711142.jpg,5.81
silvioluz6018916957.jpg,4.6
23198949@N0829211893252.jpg,4.65
14394124@N023666145554.jpg,4.25
93228645@N0218815976346.jpg,5.1
130360226@N0827774683312.jpg,5.1
dforan285441918.jpg,4.49
abrideu-sets24637269593.jpg,4.83
dannyhahn8240048059572.jpg,5.03
102991218541340102.jpg,5.29
lizardgal3463049880.jpg,3.92
stanzim22743213550.jpg,4.19
imageclear16243597265.jpg,5.0
bkhagar_gallery33369582173.jpg,4.83
maca595717897787.jpg,5.59
petjehuissen19120465535.jpg,6.03
37116665@N0422882243983.jpg,4.89
migueldelabastide24728165599.jpg,5.02
littletinperson16555351789.jpg,4.91
milliepa18199687863.jpg,5.46
bettyvlasiu7991666537.jpg,5.98
joka200015607907226.jpg,5.17
frazze46405339465.jpg,6.02
phil-greaves16817112649.jpg,6.27
rvoegtli24633795098.jpg,4.65
fiatluchs27569501656.jpg,5.28
louisepeters16025547033.jpg,6.33
andrewbharris14766210661.jpg,6.08
sandyboots613353506754.jpg,5.71
136595469@N0823178425834.jpg,5.23
annieta_photography_nl5464711242.jpg,6.52
infomastern25813750394.jpg,5.58
jennysteam499720698.jpg,6.4
beechcraftmuc48928747028.jpg,6.09
eggii16395035462.jpg,5.06
omygodtom16240502455.jpg,5.45
131634789@N0519564002928.jpg,5.73
jamalq81080517175.jpg,6.5
tinabalie4709939478.jpg,5.12
ollie_574570712564.jpg,5.57
99090143@N0515673509824.jpg,5.47
ben1241416582834.jpg,5.17
lizinitaly26321080142.jpg,5.52
peterscherub21523063388.jpg,5.35
55678598@N002528891698.jpg,5.15
95995253@N002298497847.jpg,5.75
anna_gamez26051335716.jpg,5.79
gazman_au19525280731.jpg,5.15
hollidunn18438025740.jpg,6.21
118311014@N0516445942133.jpg,5.7
tambako3324945513.jpg,6.12
52501771@N004103043130.jpg,7.07
xelor2341986516.jpg,5.12
notyetknown16036194374.jpg,5.06
48141388@N078369246275.jpg,5.64
perfectoarts4507661508.jpg,5.99
joel_baker5163065019.jpg,4.78
136479298@N0227174163972.jpg,5.75
aasta457546409.jpg,6.31
bramhonorez489790282.jpg,6.75
doorsixteen2594726432.jpg,4.91
brian10419370064606.jpg,4.96
imagehunter14931351568.jpg,6.01
cat-art5052363688.jpg,5.71
28429128@N054265392139.jpg,5.22
stellawind15207800478.jpg,5.58
126454994@N0525353496011.jpg,4.96
ceano8865605451.jpg,5.93
99178087@N0327906882880.jpg,4.79
janinerussell5583691672.jpg,6.44
38519424@N0810763889405.jpg,5.83
aogg28011495542.jpg,5.37
125550104@N0317055034931.jpg,4.98
lumivoreprod24439662353.jpg,6.06
13893571@N042373463195.jpg,4.97
psphoto20093954498604.jpg,5.07
stellawind16650265991.jpg,5.6
gironina5477238260.jpg,6.53
44506883@N0428961272712.jpg,5.14
105738224@N0225230137904.jpg,5.69
37254648@N078527871944.jpg,5.54
billsphotos30840814454.jpg,6.0
132756925@N0420406886423.jpg,5.29
icandream269735895.jpg,5.56
tekfx29948671653.jpg,5.6
136215351@N0224629825771.jpg,5.68
milliepa31496429634.jpg,5.51
95860232@N0718365714710.jpg,5.71
sizima3957824113.jpg,4.86
sergioromiti14509127339.jpg,5.64
chrisrtonks27966000750.jpg,4.88
mariola_aga6821172903.jpg,5.18
rosina2145358097.jpg,6.21
40354200@N066185077412.jpg,4.62
lidarose134090521.jpg,5.39
128905059@N0222536635822.jpg,5.42
95648496@N0216240998254.jpg,5.53
chmartial14513383648.jpg,5.86
wannwannmaru14958678125.jpg,5.6
sjrushton16655264664.jpg,4.65
francesco_grillo28152246013.jpg,5.58
gripspix26018637444.jpg,5.27
23478797@N073005614557.jpg,6.21
ksvrbrg2473312745.jpg,6.38
robamyphotos48864292572.jpg,6.04
jacovdme16874696992.jpg,5.56
21644167@N047435838438.jpg,5.78
stellawind8481535256.jpg,5.83
godelieve21915965874.jpg,5.87
oakus17273474024.jpg,5.7
95995253@N002719598209.jpg,5.27
lynnette_henderson2599407740.jpg,6.59
momentsinthenature14079697397.jpg,6.12
7482089@N0421813657154.jpg,6.37
dianne_m6074111134.jpg,6.98
kuro04215267720937.jpg,4.81
picolojojo5257564526.jpg,4.87
largeguy125121965532.jpg,5.52
luis_jordao3328805353.jpg,5.62
carbumba29746385395.jpg,5.69
reflectory6482465099.jpg,5.96
eyrie126997368832.jpg,5.1
136215351@N0226383144512.jpg,5.71
koaxial33671162284.jpg,5.19
homefries7blogspotcom3433435680.jpg,6.19
jup3nep364021320.jpg,6.43
niggley27642023760.jpg,5.71
homefries7blogspotcom3629114333.jpg,6.02
morran3362752213.jpg,5.64
stone6529419856416.jpg,4.89
16688871@N0317173301316.jpg,6.08
sewerdoc3061904865.jpg,4.97
sewerdoc2922512843.jpg,5.2
51661271@N002558176616.jpg,6.35
steo717350642080.jpg,5.81
22936584@N0520970804459.jpg,5.23
7684055@N0816450167945.jpg,5.68
56046403@N0411246500446.jpg,5.77
rachaelhickling3120445423.jpg,5.14
stanzim20258092613.jpg,4.71
sabinche5483086628.jpg,5.79
132989371@N0224659452759.jpg,5.41
floridapfe3852159234.jpg,7.04
supervliegzus6892515734.jpg,6.58
minorin2383116446.jpg,6.31
largeguy118719205882.jpg,6.13
omygodtom27597259944.jpg,6.33
96762632@N0322969929010.jpg,5.67
hotsnov0725021098826.jpg,7.28
necydalis7214806444.jpg,6.86
slcook523465300052.jpg,6.27
121339627@N0622420433259.jpg,6.11
turatti24991288154.jpg,6.08
flametree26568068283.jpg,5.29
haqiqimeraat26599078004.jpg,6.27
fabiogis50474983401.jpg,6.31
kvonk18352600226.jpg,6.92
117569844@N0526972632276.jpg,5.7
annieta_photography_nl21401416761.jpg,5.93
93744349@N0524520822903.jpg,6.78
25139520@N0431712460517.jpg,6.61
jstbtrflyz23274088904.jpg,6.46
skopelosnet5390539289.jpg,6.45
bgooderspics40895582744.jpg,5.96
nozomiwan32022607941.jpg,5.86
64242238@N0428548551686.jpg,6.23
sipmab7287130374.jpg,6.16
klaxtonphoto31641408693.jpg,6.89
garry030527307459141.jpg,5.26
22936584@N0523531196259.jpg,6.51
126710094@N0416947711609.jpg,6.02
chrisotruro14063744816.jpg,5.81
flametree28411140250.jpg,5.47
ulliottj25397850640.jpg,6.03
71323614@N0813718977714.jpg,6.2
23198949@N0828489032043.jpg,6.25
47193820@N0817253874823.jpg,6.74
marinyu19400213141.jpg,6.31
fridarossi3916401681.jpg,5.77
sandy_leidholdt5626109519.jpg,5.77
annkelliott8662345783.jpg,6.78
pkub13865717945.jpg,6.59
97019005@N0824621784494.jpg,7.01
brian10416415588903.jpg,5.63
theresae3723768413.jpg,6.1
violettatestacalda5790511198.jpg,7.04
21644167@N0415944379804.jpg,4.89
omygodtom26794922900.jpg,6.0
pelicanpetesphotos13148638935.jpg,6.36
miekjem382582840.jpg,6.14
cbiiidesigns25764287302.jpg,5.85
52229680@N0325604926125.jpg,5.98
caroline_paulus24029880265.jpg,6.08
17454344@N0821079678912.jpg,5.83
55090062@N0623720670072.jpg,6.62
24848163@N0816457994036.jpg,5.54
47193820@N0816932942177.jpg,6.47
115522963@N0514368047251.jpg,6.04
stanzim17832828723.jpg,6.34
43693449@N0527225477731.jpg,5.66
joka20007158346606.jpg,6.03
pedrolakes16657818790.jpg,5.86
145270835@N0734457195602.jpg,5.7
timmelling19440240845.jpg,6.17
rebecamello5670581223.jpg,6.88
abrideu-sets25683202613.jpg,5.46
wwwcelinestalnl12881474024.jpg,5.54
21644167@N0410889932504.jpg,5.33
joka200014757357025.jpg,6.04
bettyvlasiu15199983977.jpg,6.43
abrideu-sets21651942133.jpg,6.21
141492153@N0232303369716.jpg,4.92
cjkeddie27050217634.jpg,5.76
103815283@N0717978444354.jpg,6.86
114781512@N0219439626509.jpg,6.33
denisejc8542395196.jpg,5.81
roniyo26262543265.jpg,6.12
bobthebirdman11381603676.jpg,5.86
louisepeters14775246003.jpg,6.17
139710384@N0229069957106.jpg,6.11
nezumivsno611376851125.jpg,6.45
43693449@N0526155198721.jpg,5.74
steo719007079328.jpg,5.77
113496162@N0217216454209.jpg,6.39
23187053@N044632973885.jpg,6.25
129648924@N0426130154382.jpg,6.12
147225600@N0540084379491.jpg,6.44
infomastern26508263686.jpg,5.95
51295368@N078630069943.jpg,5.71
flametree24422716635.jpg,5.19
sicong_m18184870904.jpg,5.9
24557420@N0527254074741.jpg,6.17
airakti50273081653.jpg,6.12
21644167@N0427415063444.jpg,6.6
lubbakonsa3626066191.jpg,6.88
nts_hk27832654633.jpg,5.66
k-adams13559494243.jpg,6.71
stevenscott8728721508.jpg,5.58
minhavidadegata108878421.jpg,6.89
tresed4721040830848.jpg,6.52
sabinche116704172.jpg,7.46
lilylove2934833717.jpg,5.36
richard-north24056007289.jpg,5.94
84788026@N0616917296879.jpg,5.99
tunguska_rdm8409738829.jpg,5.97
bokis-foto_man29602621524.jpg,5.77
nikonparty6937132219.jpg,5.6
pedrolakes14585042097.jpg,6.04
flametree22413679378.jpg,6.04
linayum17766043962.jpg,5.39
ritakinyo2595715814.jpg,6.64
sammikins19766593316399.jpg,5.54
143007553@N0236146722363.jpg,6.13
jaybeespics6035167738.jpg,6.57
24848163@N0818171020032.jpg,5.71
hmoong10928769345.jpg,6.87
sreekanthvv1710778618434.jpg,5.47
stacey_imd20461706134.jpg,6.13
142475862@N0526366353653.jpg,5.71
omygodtom32816763606.jpg,6.38
randyherring26747647502.jpg,5.37
still-ves4009782752.jpg,6.46
jeanne-marie-photography17009554972.jpg,6.22
115487115@N0627758434184.jpg,6.95
omygodtom23606717585.jpg,5.96
akhyana30454676884.jpg,6.5
sierrasylvan7007434913.jpg,6.47
panga_ua29029159175.jpg,6.28
adettara2210070609.jpg,6.05
andrejtrnkoczy26123869450.jpg,6.95
9550033@N0430068554021.jpg,6.46
31765147@N0724007273509.jpg,5.72
goodnatureone28801294684.jpg,6.15
pearlwinch19615936616.jpg,6.27
28732124@N073409783478.jpg,6.16
28681973@N0012645878203.jpg,6.25
126975242@N0217540897233.jpg,5.67
malvar9061168126.jpg,7.62
hkvam133664603.jpg,5.88
ccbcpa16497254334.jpg,7.08
mikeyphillips16520909059.jpg,6.29
snewgewirtz17629224553.jpg,6.74
pware26971481511.jpg,7.19
deisiferreira21903163076.jpg,5.76
9550033@N0416808418026.jpg,6.98
110660666@N0717377476555.jpg,6.67
chrissie200335045932723.jpg,6.1
chris_baird25153492414.jpg,6.21
yellowshadow9218115275138.jpg,4.86
zoelujon26523417761.jpg,6.67
theenmoy16094812205.jpg,6.54
jessieleong23599664734.jpg,6.89
107543316@N0514028222618.jpg,6.45
aloma-anderson33515377492.jpg,6.25
richardamlewis18402109350.jpg,5.69
87185102@N0026976268432.jpg,6.21
136215351@N0225060318774.jpg,7.25
rowanhill14994091203.jpg,6.6
132485286@N0325751660650.jpg,6.09
kjkmep16648281542.jpg,7.04
61580017@N0625243500553.jpg,6.79
bbarekas27071283785.jpg,7.53
flametree21834690910.jpg,6.29
stanzim22660192027.jpg,6.33
13070711@N0326376872500.jpg,5.92
fathimah3752639566.jpg,6.92
mpg_flickr31535671593.jpg,5.75
tresed4723528926913.jpg,6.36
23187053@N045244718669.jpg,6.49
28429128@N054266139362.jpg,7.21
48141388@N0717221687085.jpg,6.65
tresed4729352074451.jpg,7.04
jnlehec17275115912.jpg,6.22
124626694@N0226734490002.jpg,7.43
glendahall14132626732.jpg,6.3
photodegraff8774312599.jpg,7.13
12bluros26841219840.jpg,6.61
davidolds_uk21202416650.jpg,6.76
114781512@N0218269108188.jpg,6.21
pearlwinch19021169623.jpg,6.9
aotaro27298800812.jpg,6.35
124706007@N0524060968774.jpg,6.47
102474837@N0326187221443.jpg,6.66
47093873@N0812770960574.jpg,6.5
85273962@N0528419562401.jpg,6.41
24848163@N0824088846682.jpg,6.03
92231417@N0516395309112.jpg,6.76
130998640@N0716999013790.jpg,6.9
flametree27792764675.jpg,5.88
melegib576837105.jpg,6.42
bitters-pictures23329875225.jpg,7.29
rackelh14493736435.jpg,6.51
theopendoor18429250075.jpg,6.24
illawarra28162297524.jpg,6.55
gazman_au26455934391.jpg,6.23
omygodtom29559207984.jpg,6.44
149012108@N0830961044264.jpg,6.43
digianalogue9422614314.jpg,6.47
130021923@N0734540000550.jpg,6.45
131159122@N0525461788923.jpg,7.23
121340447@N0318547860749.jpg,6.45
mikeyphillips16520909869.jpg,6.17
137207784@N0424477286615.jpg,5.96
sisko123571116639644230.jpg,6.83
preze15146119507.jpg,6.33
12355559@N0321707476340.jpg,6.48
bobbypalosaari20888398440.jpg,7.14
129360348@N0634561200555.jpg,6.25
borealnz24140341434.jpg,5.63
anavicor22337673299.jpg,6.13
flametree24272355615.jpg,6.15
stehouwerrecio27818411424.jpg,6.64
63653473@N0715090181068.jpg,6.28
87185102@N0016222837735.jpg,7.11
adrians_art185420351.jpg,7.87
aogg28819729476.jpg,6.13
syasui20813976010.jpg,6.9
129648924@N0428358649992.jpg,6.54
115487115@N0626401274505.jpg,6.83
saraduffsonntag26162946546.jpg,7.13
94602640@N068807056947.jpg,7.64
kazwitkos13525228134.jpg,6.71
mibby2330004981556.jpg,6.5
130448328@N0731966326160.jpg,7.11
85273962@N0525258420870.jpg,6.38
kaoru877118358301.jpg,6.88
129522127@N0831423475241.jpg,6.97
traudl20094103722000.jpg,6.72
davidolds_uk21398870081.jpg,6.35
blende1816416807542.jpg,7.6
illawarra16623117073.jpg,6.46
tresed4732172866931.jpg,6.34
129725754@N0725232653322.jpg,6.2
anne-minerve2595757192.jpg,5.54
bridgy20085223469020.jpg,6.47
arunk_photo16625130621.jpg,6.39
broadsword7416757844930.jpg,7.28
tresed4724393759276.jpg,6.48
24483707@N0221350752410.jpg,6.73
121340447@N0318636709151.jpg,6.68
ela-otto12887124924.jpg,6.13
134864272@N0227765840602.jpg,5.91
99178087@N0326254778191.jpg,6.55
marionchantal36905947896.jpg,6.25
grace_flowers524907817.jpg,7.83
wimvanbezouw27537425495.jpg,6.36
flametree27669195070.jpg,5.87
renate-europe27530594135.jpg,6.34
louisemillar35306591196.jpg,7.39
jeffdubay30436503084.jpg,6.4
bmasdeu27930151364.jpg,7.36
leerjp8465234633.jpg,8.05
147225600@N0533721627185.jpg,6.12
dogman532634720445.jpg,6.74
9550033@N0428095644941.jpg,7.01
108075182@N0417632383405.jpg,6.45
kaoru873683612663.jpg,6.83
100087202@N0628180814154.jpg,6.08
cokica17477843742.jpg,6.26
lara_101219506847431.jpg,6.19
21644167@N0415789290241.jpg,6.02
101692226@N0530324166815.jpg,6.85
24848163@N0817022098023.jpg,6.35
29487672@N0714903078585.jpg,6.11
135734568@N0541080036325.jpg,6.85
56046403@N0411661050765.jpg,6.23
didenze5737496585.jpg,6.02
flametree26148202722.jpg,6.45
sdrimagestore27638923646.jpg,6.91
hanspartes24022362621.jpg,7.58
timederveen17017516487.jpg,6.7
jeffdubay15529144583.jpg,5.78
123616369@N0531985327542.jpg,7.08
51418795@N0026171144422.jpg,6.95
71293631@N0324734497224.jpg,7.23
blichb9691974375.jpg,7.45
ninayak26122866802.jpg,7.44
35110249@N0518904543983.jpg,7.42
54277007@N0531895568803.jpg,8.0
janlupus26729963680.jpg,6.72
youwoo31154152286.jpg,7.75
komotini494138921104.jpg,7.1
kelev13779101524.jpg,7.25
federicoravassard18074008202.jpg,8.02
16956998@N035369153795.jpg,8.13
maharamiko23073211859.jpg,7.65
126454994@N0520842850288.jpg,7.47
jacovdme16849933626.jpg,6.94
47093873@N0827590884616.jpg,6.81
cluckyjoesphotos20894179969.jpg,7.62
kldcott25245999464.jpg,6.77
69558099@N0827715839701.jpg,6.68
gporada23393774624.jpg,7.33
93892755@N0231200800735.jpg,7.42
50407299@N0813899540651.jpg,7.4
anymotion27055514761.jpg,7.08
124706007@N0519724141879.jpg,6.64
126330948@N0523146052065.jpg,6.06
134006358@N0721069007376.jpg,7.0
107418573@N0527109439161.jpg,6.89
16706350@N0017141482485.jpg,7.11
cluckyjoesphotos26744707886.jpg,6.6
35110249@N0511100944216.jpg,7.67
varshinimj32301285256.jpg,7.64
pedrolakes26290532105.jpg,7.02
funch16590932420.jpg,6.06
stanzim24790889560.jpg,6.7
danyelb26251326484.jpg,7.37
12bluros16809670272.jpg,8.02
138176055@N0429760482140.jpg,7.49
theenmoy26443406285.jpg,6.64
peterisshaw34883992942.jpg,7.21
99178087@N0327965183523.jpg,6.75
pearlwinch24661244139.jpg,7.02
stunixus26181951615.jpg,6.67
baby72424550669.jpg,6.03
globalfoto33419831323.jpg,7.22
mrawajbeh14759049599.jpg,6.6
maca595536811171.jpg,7.13
sharonwills26623032794.jpg,6.83
131888281@N0517015144669.jpg,6.88
snewgewirtz17534384301.jpg,7.2
stehouwerrecio23073664223.jpg,6.67
alexburke13250085103.jpg,7.87
mcham43640873201.jpg,7.83
cluckyjoesphotos20649431086.jpg,7.28
dameboudicca17310084264.jpg,6.37
dutchnature13174439514.jpg,7.15
97914516@N0730213734255.jpg,7.87
terrycheng5207354662.jpg,6.83
22936584@N0530626830033.jpg,7.1
omygodtom14554221570.jpg,7.14
smiffy3732414471372.jpg,7.35
ascott17029114720.jpg,7.27
dutchnature24392137323.jpg,7.33
124468232@N0731485286044.jpg,7.92
boon_hong15366202276.jpg,7.04
bencolorblind27027251461.jpg,7.5
doctony493616395.jpg,8.08
16021433@N0722367015761.jpg,7.0
towytopper15455272269.jpg,7.53
mrawajbeh15018143872.jpg,6.95
idineshsoni34176029526.jpg,6.58
mbagwt17983112563.jpg,6.88
lara_101220281188789.jpg,6.79
123877403@N0629550031036.jpg,6.81
hemidj28094287590.jpg,7.25
sussetuss7717970142113.jpg,7.08
joka200019208120966.jpg,6.16
2010kev32351250326.jpg,7.12
prachivermaphotography14031981533.jpg,6.49
wimvanbezouw25740990204.jpg,6.58
128953644@N0220824349012.jpg,7.47
flametree28316141923.jpg,6.86
wimvanbezouw29425192440.jpg,6.75
theenmoy21087588402.jpg,6.49
xelor3477365753.jpg,6.5
iowaug14988071016.jpg,7.53
sdrimagestore15901722152.jpg,6.75
bubaustapetrova29126135861.jpg,6.86
100087202@N0616453601346.jpg,6.64
jennilou10125875839732.jpg,7.02
k_menzel26959329246.jpg,7.2
peterbrannon15839629623.jpg,7.9
pal19704300383287.jpg,6.61
124706007@N0518077266379.jpg,6.96
147465992@N0735320186295.jpg,6.94
jeanne-marie-photography38761571571.jpg,7.3
60193291@N0427464839504.jpg,7.39
yappingjak15232906425.jpg,7.55
95699445@N0831965324590.jpg,8.54
pearlwinch22313406436.jpg,6.89
bellatchitchi24639193434.jpg,7.03
rschnaible38226971951.jpg,6.88
85273962@N0528083088830.jpg,6.56
134864272@N0231916311270.jpg,6.7
george_pancescu18110271191.jpg,6.65
stehouwerrecio16265296149.jpg,6.6
115487115@N0629519825971.jpg,7.47
tresed4731437563570.jpg,7.29
121949668@N0830121172386.jpg,7.33
stellawind34778457626.jpg,6.92
diggoar14281594357.jpg,6.96
93020307@N0726720333296.jpg,6.89
mariola_aga14922208100.jpg,7.76
115487115@N0625199850003.jpg,7.24
godelieve23318654636.jpg,7.03
hjuengst27463456251.jpg,7.03
kristine_ann26487919795.jpg,7.73
yappingjak15141553376.jpg,8.28
130754245@N0717153883090.jpg,7.89
pearlwinch18432547221.jpg,7.9
jimborobbo6285735371.jpg,7.77
41901122@N00638437963.jpg,8.15
cardphoto16078204528.jpg,7.59
rowanhill30089549096.jpg,7.45
anne-minerve2126365049.jpg,8.41
lara_101225840210805.jpg,7.04
124590318@N0520476419891.jpg,7.12
135716390@N0726134986282.jpg,7.29
konstantin-o24015642822.jpg,8.45
rhadonda18575071636.jpg,6.94
sdrimagestore16274902269.jpg,8.12
10277195@N053422189186.jpg,7.75
134559287@N0230578467593.jpg,7.84
bobpado19703774119.jpg,7.71
nemi196831495977963.jpg,8.11
cluckyjoesphotos28309414553.jpg,7.6
67105332@N0716393568016.jpg,8.4
misja201119751239193.jpg,7.27
13505973@N0527486436181.jpg,7.98
j-man109116675862.jpg,7.2
124706007@N0518898075944.jpg,7.79
rowanhill15403341665.jpg,7.03
ghelm22057473501.jpg,8.04
sandylp22013088972.jpg,8.77
134864407@N0425335286333.jpg,7.35
sharonwills26405623682.jpg,7.64
32965979@N0228032229181.jpg,6.91
nemi196826077394293.jpg,6.92
varshinimj29678510972.jpg,8.23
132989371@N0236195534573.jpg,7.15
haribosphotos3542263789.jpg,7.39
cascotphotography28946875473.jpg,7.24
spangles4426005641422.jpg,7.57
charlottz18540572276.jpg,8.73
102717418@N0316467916487.jpg,7.79
szemisz21804548982.jpg,7.41
52095777@N0528484613831.jpg,7.75
theopendoor28567366380.jpg,7.37
116152517@N0816146967750.jpg,7.91
64457777@N0626460475901.jpg,7.42
116185858@N0315836273102.jpg,7.22
hunter190928158268671.jpg,7.35
124464287@N0725817634543.jpg,7.61
myplanetexperience27561606350.jpg,7.85
socalwildlife30107832933.jpg,8.52
12bluros18745737536.jpg,7.83
ajpscs13547510744.jpg,7.4
124060405@N0424701044565.jpg,7.39
124093236@N0417102468900.jpg,6.96
dfromonteil26612244675.jpg,7.37
137207784@N0426395119376.jpg,8.19
rexfoto5436922543211.jpg,8.26
dfromonteil26556240140.jpg,7.21
