image,score
crayzy_ray433496896.jpg,3.08
anavuckovic129241324.jpg,2.12
jackal123623488069.jpg,2.79
kvaidya5456409556.jpg,2.84
faixal_javaid3908683760.jpg,2.52
kathiemcl_pty2609568050.jpg,2.85
12609867@N086621430799.jpg,2.71
127707647@N0631111577434.jpg,2.21
flapjax_at_midnite4187690824.jpg,2.12
130554388@N0226992374474.jpg,2.75
jasonjoyce6327438980.jpg,2.62
135249869@N0423359703425.jpg,3.08
presbi6041211601.jpg,2.44
138054043@N0329154316356.jpg,3.48
60707297@N00413358670.jpg,2.04
moldura5634555716.jpg,4.86
czd729320372959.jpg,2.35
pcfannet27646580996.jpg,2.36
bluecoco3717538714.jpg,2.38
anicecupoftea97254969.jpg,3.23
9756073@N0816157880537.jpg,2.67
antonio_granada8697421666.jpg,1.99
merynda8544065550.jpg,2.53
rafasphotoart33683410803.jpg,2.18
johnlinwood3494976949.jpg,2.88
mamajulie200830016571676.jpg,2.3
no1bio3810489896.jpg,2.83
61572847@N035602922771.jpg,2.88
artsyt533895727.jpg,2.0
mozo959062306.jpg,2.39
02baphotogal6662815601.jpg,2.0
96313041@N0821245867484.jpg,3.08
debs2129058837596.jpg,3.15
whitesusie529723381.jpg,2.96
noemx22284912280.jpg,2.21
79557183@N087284493804.jpg,2.64
tezzer5710385381823.jpg,2.59
14380889@N025624090156.jpg,2.67
138054043@N0328565616064.jpg,3.42
137548853@N0823282349940.jpg,3.08
rockfeel6222738780.jpg,2.56
jandimin81769411.jpg,2.27
shupe0236889485896.jpg,3.04
23545056@N062779260087.jpg,3.04
666izzy16772120863.jpg,3.31
simns286308387.jpg,2.07
harnisch7024110855.jpg,2.56
royena2428014189.jpg,3.13
8skeinsofdanger718000239.jpg,2.85
cacadepollo22951116119.jpg,2.81
koji_kabuto3592353452.jpg,2.85
its-only-lines4961093820.jpg,1.97
bozina2857567076.jpg,3.1
cvmnrobs3885000885.jpg,3.43
jocranfill24034680621.jpg,2.46
greeneydmantis667403362.jpg,3.06
sandor_banyai7286978244.jpg,3.48
balci_can473844804.jpg,2.9
jackslad3395514835.jpg,2.48
apear12239553956.jpg,2.67
merlym3257796646.jpg,2.9
wongjunhao3639779839.jpg,2.13
melaniedelgado6738765687.jpg,1.97
bertdorazio2216179061.jpg,2.98
stchuck166031656.jpg,2.0
its-only-lines4961093836.jpg,2.88
16415249@N034545403598.jpg,2.71
squeakymarmot25033420060.jpg,3.18
24658705@N0230250904305.jpg,4.01
corinneski9340141642.jpg,2.46
teresa-p5743410292.jpg,4.04
bibi0156348764850.jpg,3.48
lyre2310181034.jpg,3.18
pankseelen6326589969.jpg,3.09
johannahobbs2844340219.jpg,4.62
tresed478007744287.jpg,3.11
gourabbayen28646079064.jpg,3.42
104182223@N0421875016725.jpg,3.0
homofugit4850777999.jpg,3.51
normanlowery4715963352.jpg,4.16
32428096@N0529452008976.jpg,3.25
jelens2395805095.jpg,3.28
pavlaeva5162524113.jpg,2.7
ligthelm5412708553.jpg,3.89
_mey_353350016.jpg,3.35
ok2smile30575700163.jpg,3.39
irene37107980645.jpg,2.9
clarifykat6289760111.jpg,3.88
pannatan6972432101.jpg,3.79
tstover8140069442.jpg,3.79
46534600@N0615062065861.jpg,3.52
depaulafotografie13560098755.jpg,4.14
isa_per3966024774.jpg,2.65
pbl5049059386.jpg,3.01
javajones2936651733.jpg,2.52
rvtn26051919785.jpg,3.88
emmaporium5198591932.jpg,3.29
eduardo_dacosta2698035494.jpg,3.31
sonjaooms30198439393.jpg,3.81
wardi5560892237.jpg,2.75
zitoun6625103142196.jpg,2.58
dhorne1066850714.jpg,2.99
annajeeeee5500030038.jpg,4.63
dave_hassar4996787245.jpg,4.38
lyre102693870.jpg,3.37
97389172@N0327806208003.jpg,3.48
124365888@N0615642265586.jpg,3.38
11699998@N042614355530.jpg,4.58
canaltowntraveler9334672638.jpg,3.25
theresafrazierphotography16138555810.jpg,3.46
31397044@N0814821155971.jpg,2.38
akersjc20005882652583.jpg,2.81
132334803@N0819273030123.jpg,3.17
jimsalvas24364823979.jpg,3.7
xtoffa4522762647.jpg,3.17
120794544@N0528099775914.jpg,3.3
gordoncalder6561566859.jpg,4.39
davedenby23984816030.jpg,3.46
amygunson3708519022.jpg,2.9
geosnapper6062720370.jpg,4.84
heavydrizzle3416248466.jpg,4.17
16842150@N067172783184.jpg,4.44
129770117@N0618615127993.jpg,3.83
goodhank2868127552.jpg,4.08
torg195526311487305.jpg,3.59
alsib21543683666.jpg,3.5
henry_hemming20955606353.jpg,2.98
its-only-lines34539464405.jpg,2.81
selbstgemacht6280250557.jpg,3.32
99116896@N0827146494173.jpg,3.69
39038793@N059340311898.jpg,3.24
dou_ble_you8757422169.jpg,2.65
diksit9961491003.jpg,3.58
geogalanis5140777802.jpg,3.69
fotohobbit4775573704.jpg,3.08
freddzy27942750402.jpg,3.94
garyd200814178126231.jpg,3.38
xicurp25269354524.jpg,3.87
peterpe27249962043.jpg,3.11
bratli32014276250.jpg,3.56
132334803@N0820763915786.jpg,2.91
petermanintveld21612761321.jpg,3.94
patxikun29320964133.jpg,3.0
stone658013615875.jpg,3.44
savagephotos24271672330.jpg,3.71
34046699@N073903603822.jpg,3.92
92862321@N0212986862773.jpg,4.06
137200651@N0723179128386.jpg,3.4
haloinc5735618468.jpg,3.19
131225362@N0529729568864.jpg,2.68
jhietter22173051364.jpg,3.52
peterdhosey14365968050.jpg,3.9
wyojones33358457071.jpg,3.5
its-only-lines35242316116.jpg,3.54
lukexli2150389436.jpg,2.88
pauet2952247132.jpg,3.61
tashistation3188463968.jpg,2.72
93951542@N029424550634.jpg,3.4
holgersteinmann8707020232.jpg,3.84
netagra8204174727.jpg,3.83
kaylovesvintage13929881049.jpg,3.81
scorpocat4424687601.jpg,3.64
27482169@N033586377357.jpg,3.42
justtakenpictures21336831593.jpg,3.94
39611512@N0214062278951.jpg,3.0
markw18681422523.jpg,3.83
via_antiqua26844138290.jpg,3.56
theshutterbugeye5050787250.jpg,3.56
simns566326175.jpg,3.48
westwhim6487531123.jpg,2.23
47249110@N0312759509125.jpg,3.06
dpsager30482148656.jpg,4.34
johanfromstellenbosch3988705417.jpg,3.44
28327968@N0223453568923.jpg,3.44
flapjax_at_midnite3979217080.jpg,3.21
clifmorris4782282966.jpg,2.74
128421297@N0229140699390.jpg,3.57
crosenhaft16438108950.jpg,3.36
e_liddell12495221244.jpg,3.04
hoomanz6815156794604.jpg,4.75
gourabbayen32535051825.jpg,3.01
dereknight5221987199.jpg,4.0
9524771@N0631057645315.jpg,3.96
145792714@N0731367567600.jpg,3.9
43509279@N088104843500.jpg,4.03
ajnaturephotos21332836533.jpg,4.09
bob_wright7216367578.jpg,3.92
jimcumming9290539243.jpg,4.87
pmillera432484055402.jpg,3.96
doug888885913424604.jpg,3.63
skipmoore14442949931.jpg,3.34
johnedward23793385145.jpg,3.73
jrlink28779036864.jpg,3.9
21644167@N046339835614.jpg,3.34
flipintex7001557567.jpg,3.65
cuppyuppycake9730044947.jpg,3.62
52002210@N036225163154.jpg,4.55
ropmann3394020763.jpg,4.62
johanfromstellenbosch3947885440.jpg,3.82
morran139895004.jpg,3.24
89464710@N088741763882.jpg,4.11
decor8458788437.jpg,4.17
satyas631817682.jpg,3.58
rebeak4990145613.jpg,3.7
kudaker586004355.jpg,4.13
52912302@N0318073922506.jpg,3.98
_davor13855175375.jpg,2.95
anieteke568288657.jpg,4.83
poseidon19842286959580.jpg,3.1
109004424@N0220461785151.jpg,4.67
fotoartcircle7873210148.jpg,3.99
23198949@N0833389294843.jpg,3.82
34654941@N024624651488.jpg,4.15
131370909@N0419472285840.jpg,3.67
naadloos26111006746.jpg,3.73
pegase197230829710662.jpg,3.62
26068111@N0214917553720.jpg,2.92
54526343@N0334763017616.jpg,3.58
hindrik14110429763.jpg,3.9
chrissie20036122574163.jpg,3.85
jenniferhsucc30249606571.jpg,4.25
ela-otto12440432274.jpg,4.73
jancas_original_digitals16639040654.jpg,3.56
dyxie532760412.jpg,3.34
stephee_r5071890866.jpg,4.45
inazuman2391154500.jpg,3.45
dennyc6913913527949.jpg,3.85
bibi0154419285187.jpg,3.65
artefax10088350243.jpg,4.48
fab0515132232932.jpg,3.98
greg_balla3933052834.jpg,4.56
kajsaeriksson6241087185.jpg,3.53
magic_rainer6997655666.jpg,4.39
kazwitkos14482367451.jpg,3.59
61977492@N0422852916446.jpg,3.61
thermop27922671321.jpg,4.39
hailun54280747.jpg,3.75
123991304@N0832436886666.jpg,3.12
miguel-supercars-photography18048119195.jpg,3.73
emilyquinton52096531.jpg,3.29
hbmike20005336685628.jpg,3.08
22218848@N0310213620196.jpg,5.37
lamboshane7369366654.jpg,3.29
usautos9815672087842.jpg,3.57
araswami3559823166.jpg,3.73
dmwardphotography28447856937.jpg,3.77
104503476@N0631392475960.jpg,3.68
58637931@N0710681360474.jpg,3.42
30374175@N077926585506.jpg,3.62
orencobirder28539039534.jpg,4.59
megumitedros10103054203.jpg,4.51
little_frank6032460406.jpg,3.66
oliverphotography7449219518.jpg,4.44
mario_alpha14118557112.jpg,3.25
28521388@N065895924033.jpg,4.13
31032215@N034333931959.jpg,3.36
greg_balla4155830523.jpg,4.47
arekev4793731098.jpg,4.22
jenn-turner8747165796.jpg,4.5
beegardener3624155862.jpg,3.82
camniar3143417379.jpg,3.64
hashammalik30666299594.jpg,3.46
97620489@N0614786130562.jpg,3.96
94875139@N0430107816563.jpg,4.29
merobson29589562030.jpg,4.65
65466751@N0624901210950.jpg,3.05
ulliottj6418550651.jpg,4.65
mgphotographe28534911616.jpg,4.96
reebeckisupergirl3893755273.jpg,4.8
sfe-co226294827902.jpg,3.63
128016608@N0649906702661.jpg,2.99
145549863@N0847068859584.jpg,4.01
johanfromstellenbosch3989462336.jpg,4.16
lenalgouveia4118622196.jpg,4.15
127995557@N0626190091384.jpg,3.12
slice_of_time12863795915.jpg,4.04
greg_balla8686260608.jpg,4.06
himalayan-trails5622161284.jpg,4.05
jsswanson6256197538.jpg,4.45
weberd33718550421.jpg,4.37
bobilina3123988777.jpg,3.38
aadnan6139882052465.jpg,3.22
dutchnature4548518565.jpg,4.17
lesec75409037.jpg,4.55
karins_linse13903336358.jpg,4.5
27457334@N023472411384.jpg,5.09
bluehazeg14525045663.jpg,4.77
62524522@N0828601265410.jpg,4.89
43509279@N088104843362.jpg,4.01
kvaidya29093020702.jpg,4.53
nyome_wallen272235603.jpg,3.92
25733576@N0233217254606.jpg,4.15
larryjay8968419933.jpg,4.21
mukumbura26777251091.jpg,4.79
11423291@N032457393433.jpg,3.7
18761825@N002573121296.jpg,4.64
deborahmoynihan25612481284.jpg,4.21
96972102@N008651571207.jpg,3.96
57820500@N067415792272.jpg,5.08
whitebeard13512913303.jpg,4.08
sjorssie30338980980.jpg,4.58
jonwisniewski26621791146.jpg,4.46
bluehazyjunem6259712875.jpg,4.14
picrick13699047135.jpg,4.72
woodycheese9486345057.jpg,4.79
93776982@N0716916521884.jpg,3.95
127995557@N0626728177171.jpg,4.12
wanman19524938207624.jpg,4.32
28732124@N074410626107.jpg,4.74
41963775@N075523260408.jpg,4.78
89464710@N0811225130805.jpg,5.04
tjetjep2353612845.jpg,4.21
tjetjep6253660470.jpg,4.37
mcerreia7570635078.jpg,4.37
jurek_durczak19079824091.jpg,4.85
9550033@N0441138854591.jpg,3.95
19779889@N0024574384003.jpg,4.53
isa_per2473446371.jpg,4.79
happyhowiephotography8670127286.jpg,5.72
28267706@N0234299281123.jpg,4.27
gufoastuto3328462137.jpg,4.16
jackteagle8278940180.jpg,3.81
35110249@N055179794720.jpg,4.61
clickclique3331660556.jpg,4.69
27518735@N003724807741.jpg,4.63
omaralnaqbi6894487540.jpg,4.53
39797696@N0015474432311.jpg,4.38
anned23299291246.jpg,4.56
baby7358538963.jpg,4.33
klphoto68903955.jpg,3.46
scansfield12865078184.jpg,4.86
22887580@N067058313925.jpg,3.64
sonjaooms31663870141.jpg,4.25
34121831@N0020597893069.jpg,4.27
krysper28301258913.jpg,5.15
65145475@N0030743399113.jpg,4.6
johnpetrick4441924281.jpg,3.67
rainriver2725186380.jpg,4.11
43509279@N088104843728.jpg,4.05
goddess_spiral309070718.jpg,4.32
kportin34320828656.jpg,4.21
jays_wildlife5697397979.jpg,4.43
rocket272213214022573.jpg,4.23
79056365@N0710423066516.jpg,4.11
mattparkerautomotivephotography14747361132.jpg,4.25
136514729@N0223628128313.jpg,4.27
gripspix23158117750.jpg,4.24
26244187@N034706457397.jpg,4.46
decipherment14028819878.jpg,4.4
katsrcool18561163121.jpg,4.13
veronika__k2425606002.jpg,5.65
ak_automotive5442496862.jpg,4.36
noecarrillo569333423.jpg,4.39
134226426@N0526788818486.jpg,4.38
tresed4713954037659.jpg,4.15
rmrayner16705263243.jpg,4.73
photos-cb26475869741.jpg,4.15
9524771@N069643287989.jpg,4.75
guen_k9665469519.jpg,5.14
eyerocksorigami12193706686.jpg,3.44
75747164@N0416809371591.jpg,5.09
48378726@N0091387849.jpg,4.04
araswami3379055865.jpg,4.92
98002629@N0216397259724.jpg,5.45
bestpicabusen7886471508.jpg,3.52
springlake9562798161.jpg,5.21
fotomie20095631258772.jpg,4.47
akebonobeya35381122955.jpg,4.31
thomsheridan6189060337.jpg,4.28
dan65169402866.jpg,4.76
bob_wright9066852216.jpg,4.48
justindomingue8731960493.jpg,4.38
33311000@N002761435799.jpg,5.48
alicemachteld168499348.jpg,4.54
mukumbura4033875033.jpg,5.13
27457334@N023471607007.jpg,4.09
tresed4716932003305.jpg,4.61
cybergabi442680540.jpg,4.1
elpasobirdman3813448393.jpg,4.7
27482169@N033586382095.jpg,3.97
37116665@N0428819115560.jpg,4.55
ollie_574783613240.jpg,4.66
jacobbaileyphotography6863836433.jpg,3.96
smitchelrific26823070611.jpg,4.29
23198949@N0827718943406.jpg,4.38
hotair2112167311248.jpg,6.0
sbrinn2664016095.jpg,4.74
8569015@N024410889698.jpg,4.47
ali_bear50774500.jpg,5.16
jenniferhsucc33699267275.jpg,3.92
wolfsoul1066827262.jpg,5.29
marcogiuman29081605365.jpg,4.64
mertonian3913001279.jpg,4.86
coofdy14577454343.jpg,4.42
adriennefromred3851473911.jpg,5.1
43302825@N027004397431.jpg,4.58
lucienagheen3533539356.jpg,5.58
39797696@N0015852044550.jpg,4.56
151341868@N0635159867323.jpg,4.7
113109144@N0213249805514.jpg,4.29
139556185@N0525966715092.jpg,6.02
kevrod201119498015641.jpg,5.11
josentoos3115289385.jpg,4.79
arekev4642968428.jpg,4.66
amastercreation4014051337.jpg,4.43
mythoto21969513838.jpg,4.64
dkol19735404991.jpg,5.56
137391268@N0431212247860.jpg,4.63
130046925@N0431458258061.jpg,4.86
gianniarmano35342849591.jpg,5.22
jeannot7492705227.jpg,5.12
53066200@N0217347979191.jpg,4.99
joannap13306274.jpg,5.29
bob_wright6033188900.jpg,5.22
57172445@N0331070977902.jpg,4.86
bibi0154415810437.jpg,4.63
wannwannmaru11910637014.jpg,5.55
ohiobuckeye13970164840.jpg,5.12
spitmcgee15646249169.jpg,4.64
132756925@N0420130945840.jpg,4.79
sewerdoc3907380379.jpg,4.21
pixel_addict2216823985.jpg,4.8
126085626@N0431103643862.jpg,4.53
masterofphotos26785618662.jpg,4.71
140548758@N0228108858976.jpg,5.17
jacquelineterhaar31024412260.jpg,6.29
39797696@N0015433370351.jpg,5.53
23198949@N0827368690283.jpg,5.0
112831603@N0415711532464.jpg,6.34
arekev3654138546.jpg,5.21
sarhounds2510295042.jpg,5.27
58006425@N045945592711.jpg,6.1
goodcryst4409194667.jpg,5.39
130323000@N0322058820394.jpg,4.63
volvob12b16098269242.jpg,5.63
23426098@N067995426797.jpg,5.77
infomastern17396843610.jpg,4.96
23198949@N0827307991160.jpg,5.13
53066200@N0214113343341.jpg,4.55
ajadhav24429934596.jpg,5.1
112292182@N0223185140963.jpg,5.04
119901987@N0618088156209.jpg,5.12
34121831@N0018478044224.jpg,4.8
menno_schaefer8711199148.jpg,5.38
cleerose29977346851.jpg,4.71
126963874@N0516082657992.jpg,5.2
30638010@N0325825138164.jpg,4.63
24848163@N0824673679092.jpg,4.77
nhamilton24371711904.jpg,5.8
lamemaestro16559187412.jpg,4.38
astronomia526225491196.jpg,5.21
gregob17631332856.jpg,5.22
stefanfricke35114693353.jpg,5.01
ramseyn25194539435.jpg,4.21
shertila28098292695.jpg,4.68
ashenbury24991824636.jpg,5.25
69558099@N0820423629775.jpg,4.51
xtraphoto13607927785.jpg,4.67
10276215@N0330232206651.jpg,4.81
209194314012600603.jpg,4.81
136479298@N0226686053173.jpg,4.7
63541243@N0416704983863.jpg,4.61
30997751@N0714160953957.jpg,4.14
flapjax_at_midnite3434461948.jpg,4.56
m-shimada197524763213026.jpg,4.77
radicaladventure16782490531.jpg,4.54
25526971@N0820424769162.jpg,5.17
sara_michael2635843252.jpg,4.97
95452935@N0231005304985.jpg,4.61
steffe30321799661.jpg,4.85
philocycler8277152710.jpg,3.9
pagedooley35665102480.jpg,4.98
132902662@N0527292098114.jpg,4.38
mikofox29556784721.jpg,4.89
elhawk34676898701.jpg,5.05
irene38695283136.jpg,5.87
16916080@N054108364689.jpg,3.74
djscobelpics17361519745.jpg,4.88
billposter707210740.jpg,5.4
stone658708871782.jpg,5.04
bob_wright23364746935.jpg,5.54
23198949@N0828706598011.jpg,5.28
45776227@N0432387369261.jpg,5.42
23198949@N0828152101723.jpg,4.88
stone658684117803.jpg,4.67
e_liddell13964527482.jpg,4.54
brian10414543387530.jpg,4.77
fxgr7706365696.jpg,5.46
37754959@N054015622949.jpg,5.58
petercornelis5017789137.jpg,5.11
119901987@N0617549347461.jpg,5.14
ruiperdigao6937319842.jpg,5.44
frogpondphotography18136908724.jpg,5.33
reinley30201908251.jpg,5.25
marcinkoczyk31167335281.jpg,4.83
129577045@N0535786791583.jpg,4.45
marchnwe80220590.jpg,3.79
nature_photography_tw13823866003.jpg,5.66
jeff_mitton12144667356.jpg,5.93
geordie_geoff27383555755.jpg,4.64
kathrynivy2775524790.jpg,4.99
34094515@N007665119466.jpg,5.35
orencobirder27081571786.jpg,5.28
jonfobes103319242.jpg,5.72
kanukster201628095225692.jpg,4.49
teracotta86476975539.jpg,4.5
126648501@N0226262695662.jpg,5.58
126680842@N0318234918691.jpg,5.16
nrg_crisis30721110440.jpg,5.91
98490493@N0723692558853.jpg,6.18
stevejm200924140385529.jpg,5.87
72939685@N0734635554404.jpg,5.0
scorpocat5573917023.jpg,4.75
donaldsducks3571546005.jpg,5.25
66166762@N0326220944294.jpg,5.48
plooyen6827789175.jpg,6.63
morphicx4334515112.jpg,5.29
claudionimuc14054380115.jpg,4.99
140548758@N0228588664086.jpg,5.83
rafdegeest200917768663712.jpg,6.37
doug888883206251524.jpg,7.07
kentcapture9841278586.jpg,5.67
98283107@N0713834685225.jpg,5.06
reddirtpics25689731184.jpg,5.73
14980862@N038383981310.jpg,5.45
78235718@N0332798029572.jpg,5.79
mos3ad27719371435.jpg,5.1
23198949@N0828106777743.jpg,5.77
95995253@N001337058453.jpg,4.78
marcmcdermott19768134970.jpg,5.52
abrahamjacobn36153929494.jpg,5.16
137220414@N0329776576983.jpg,6.17
flametree24905058500.jpg,4.74
84265607@N005679127716.jpg,5.07
30604643@N0315770714527.jpg,5.69
hindrik26266767514.jpg,5.53
digitalskill25451270615.jpg,5.62
enchantingnature6892640173.jpg,5.38
62524522@N0833838836351.jpg,5.94
flametree29882663515.jpg,4.8
94112395@N0616034398962.jpg,5.28
112553212@N0222067860971.jpg,6.02
wowe1013424047892.jpg,5.77
cverwaal25940230772.jpg,5.52
davidstella6877171902.jpg,6.12
cgoulao552047783.jpg,5.62
capmarcel35412945985.jpg,5.37
96972102@N0026091107040.jpg,5.1
8999293@N0316247707683.jpg,5.86
8515300@N0214659377929.jpg,5.12
gildatonello6863071402.jpg,4.84
rashid_alkubaisi5255516614.jpg,6.21
mac-kenya8076728800.jpg,5.57
francesco_grillo33535716956.jpg,5.67
7684055@N0822545743208.jpg,5.42
puzzler487914838900539.jpg,5.35
the-father2834524660.jpg,5.35
bluemed2402216503.jpg,5.29
21644167@N043103907114.jpg,4.98
137488937@N0630746165424.jpg,5.54
peterscherub16475839949.jpg,5.12
126038549@N0625393922273.jpg,4.51
60073719@N0429759652034.jpg,6.61
timurilenk26703385392.jpg,6.02
wmauricep33477449430.jpg,5.98
flametree22068323999.jpg,5.11
odahl30147067344.jpg,5.26
carol_collins4154336230.jpg,5.86
frogpondphotography18735644902.jpg,6.07
janine4d23887566936.jpg,6.02
dan45648551515878.jpg,5.13
105963846@N0524878047876.jpg,4.79
the-father4584584544.jpg,5.25
jggilbert14140484391.jpg,5.79
xthylacine8149289307.jpg,6.12
vartzbed13397333405.jpg,5.15
131525597@N0624911863630.jpg,5.52
rwiskowski28839275255.jpg,5.8
peterkok15796799384.jpg,5.42
canonqueenrocks17160677788.jpg,5.93
spykerforce6959892306.jpg,5.1
dextdee16890329302.jpg,6.58
linlaw398222408614.jpg,5.29
47249110@N0314871598069.jpg,5.29
119901987@N0617169227427.jpg,5.29
doug888882961110586.jpg,5.88
greis_photography7858652328.jpg,5.02
lizinitaly24747710650.jpg,4.91
imageclear29128698330.jpg,6.0
ekaterinaalexander134552647882.jpg,5.69
30604643@N0314040838129.jpg,6.46
swampgas218096895569.jpg,5.52
shmily54965784.jpg,5.7
23310196@N0623311910366.jpg,5.37
screek14080352369.jpg,5.4
kennyfreeland27213475666.jpg,4.23
shinharada11162914103.jpg,5.4
74730395@N0213477495623.jpg,5.92
ricmcarthur23723714945.jpg,5.39
ctofcsco8840728726.jpg,5.89
werner_schnell_images5737157353.jpg,4.65
anita-katita6964450309.jpg,5.7
18092121@N009261236476.jpg,6.05
hooby-marburg5528942445.jpg,6.53
nikonworld7707395176.jpg,5.05
tresed4726075422391.jpg,5.09
13747655@N062223202000.jpg,5.33
hymasimages19951477724.jpg,5.58
niek_goossen25079482112.jpg,6.25
janlupus15502713692.jpg,5.94
68166820@N0816702579604.jpg,4.91
76648835@N0723092652945.jpg,4.67
tonny_dl34812140230.jpg,5.36
jimj0will29092159836.jpg,5.72
121974754@N0517234858375.jpg,5.38
23198949@N0827970075024.jpg,5.7
jkdblg14514196921.jpg,5.91
117916483@N0533770428484.jpg,5.47
nondesigner19967180455.jpg,5.35
56349968@N0526866481680.jpg,6.03
rasande28213212366.jpg,5.21
its-only-lines32456170776.jpg,6.58
21191338@N0720095361230.jpg,5.29
rossendgricasas29215698613.jpg,5.28
114017326@N0512795491324.jpg,5.79
33416825@N0034199776745.jpg,5.48
127604308@N0229394919712.jpg,5.8
cornelphotography15137241251.jpg,5.27
timebox34055105341.jpg,5.54
josequental17113635174.jpg,5.96
136450705@N0322428260048.jpg,6.27
heisajo5603273698.jpg,6.23
tobalo420395879.jpg,7.17
dpsager30482149876.jpg,6.19
mister_marken28321551440.jpg,5.25
raopaz2049055541.jpg,6.29
kapitalist6337006207353.jpg,5.15
puckpics26498497026.jpg,5.48
25221954@N045143347505.jpg,5.57
thecarhotel14158878875.jpg,5.44
mplonsky9417616377.jpg,6.58
flametree29355542621.jpg,5.1
thereisnofreelunchintheworld8329134889.jpg,5.74
dpsager30482147166.jpg,6.88
24848163@N0822428660042.jpg,5.58
pop383517885785.jpg,6.05
flametree29450785015.jpg,5.66
mattscott3323723047946.jpg,5.62
redmani4929251579504.jpg,5.73
paulsimpsonphotography28469958791.jpg,6.25
todoe31474750673.jpg,5.67
135434384@N0724723879283.jpg,5.81
flioukas1453225516.jpg,6.56
astronomia517050385769.jpg,5.98
cruadin502559886.jpg,5.97
flametree28194315266.jpg,5.24
131737313@N0431722633422.jpg,6.12
130222475@N0639143737680.jpg,6.0
30468039@N0436090249880.jpg,6.34
39797696@N0015849222739.jpg,6.27
22888993@N035684396668.jpg,5.88
143940461@N0428685398941.jpg,6.52
ioankal28836723671.jpg,5.76
30590207@N0226089595183.jpg,5.57
rtv80179217.jpg,6.07
147112734@N0234894050580.jpg,6.1
133122171@N0225613129195.jpg,5.88
93519387@N004661005167.jpg,6.63
23198949@N0828629494925.jpg,6.04
134278129@N0226880102492.jpg,6.06
ollie_579294912078.jpg,6.9
tresed4727669334392.jpg,7.17
sandy_leidholdt7752618258.jpg,5.92
billvarney8648009961.jpg,5.83
43525429@N0416647926243.jpg,5.93
23198949@N0827244834793.jpg,6.2
99390420@N0222928871126.jpg,5.59
aniko-battyanyi26282049006.jpg,5.97
evanffitzer34403901310.jpg,6.28
mukumbura19608936928.jpg,6.79
flametree29949551222.jpg,5.76
cuppyuppycake16730550429.jpg,6.02
abhishekverma5531630230066.jpg,6.47
38015621@N086180207121.jpg,6.35
martinlabar16145406538.jpg,5.52
peterbrannon14066769368.jpg,6.22
132102164@N0427161337350.jpg,5.88
114677852@N0213089566275.jpg,6.05
tkclip33934995506.jpg,6.34
8525214@N06738278004.jpg,5.65
41646801@N084537613259.jpg,5.89
sjrushton22386674606.jpg,5.52
flametree24111406274.jpg,5.96
phillymanpete26408408976.jpg,5.23
39797696@N0015848003730.jpg,6.2
flametree27145402184.jpg,5.21
rackelh15725360682.jpg,5.89
a350wg24576251796.jpg,6.27
weshicks25781010436.jpg,6.26
jwhanley30797263713.jpg,5.82
22936584@N0529600717150.jpg,4.94
flametree28791286403.jpg,5.42
140014004@N0730418511042.jpg,6.58
capmarcel34653258691.jpg,5.91
24848163@N0815533380028.jpg,5.98
flametree29403859423.jpg,5.18
136233657@N0834450423126.jpg,6.19
48039161@N0634090137702.jpg,6.0
30590207@N0235271802532.jpg,5.54
theenmoy14425868029.jpg,6.05
146485007@N0836730689210.jpg,5.86
flametree20906489238.jpg,5.5
ericflexyourhead14275699157.jpg,6.21
karenmcq29543356763.jpg,5.66
95995253@N002296232771.jpg,5.55
tresed4718968395745.jpg,5.9
raspberryridgehouse19584455871.jpg,5.88
baby73050622518.jpg,7.42
asautomotivephotography22622330748.jpg,5.26
39797696@N0025801345864.jpg,5.81
clbarret20038226911280.jpg,6.29
flametree30164083656.jpg,5.55
holfo23156767680.jpg,5.65
94086562@N0834183442003.jpg,6.19
sandra_gilchrist20656526258.jpg,5.54
mukumbura26634342343.jpg,6.19
31081663@N043311506332.jpg,6.21
carolinafraser30709242701.jpg,6.12
bob_wright5664144909.jpg,6.38
ichnusa_land4342836865.jpg,5.19
judit_t28981607025.jpg,6.13
29487672@N0715418719596.jpg,5.88
110391003@N0713736581113.jpg,7.05
phillymanpete26649136302.jpg,6.17
109557975@N0726289871075.jpg,6.2
jmawnster29396367231.jpg,5.9
patrickmilan32164167136.jpg,5.61
flametree22554006159.jpg,5.24
114805503@N0533700548973.jpg,6.89
russky9716480302793.jpg,5.46
aadnan61312140304876.jpg,5.96
artcrowther15137346966.jpg,6.16
115487115@N0627246944312.jpg,5.83
studiodxavier37055045891.jpg,6.27
flametree22343220889.jpg,5.29
29487672@N0714929611125.jpg,6.45
louisemillar34139338443.jpg,5.97
23198949@N0827991460404.jpg,6.19
141503886@N0826915484504.jpg,5.61
27298457@N034804703121.jpg,6.08
samtuckerphoto27364268653.jpg,6.13
73241875@N0216247717677.jpg,5.34
gheckels30769874266.jpg,6.45
smoke_alicious_jan3450310230.jpg,5.64
timmelling23552632320.jpg,6.12
markles6242694637.jpg,7.19
131502728@N0620845521053.jpg,6.39
gvonwahlde26078223984.jpg,6.33
131468089@N0520816511879.jpg,5.91
12639210@N082571162930.jpg,6.36
29487672@N0714815458588.jpg,5.71
hayashina14455912452.jpg,6.38
billy_wilson4470466748.jpg,6.27
cher1286128967676891.jpg,5.55
stanzebla34943061590.jpg,5.85
annmaxine3386368697.jpg,7.0
michael_schoenborn27117106283.jpg,5.67
47249110@N0314871659428.jpg,6.07
23179744@N0316879222002.jpg,6.46
belizaphotography36257120124.jpg,6.81
tresed4734778337500.jpg,6.02
stanzim20628692020.jpg,6.17
47193820@N0818367216478.jpg,6.54
illawarra18732759118.jpg,6.04
11462409@N003367057529.jpg,6.5
131159122@N0526479538695.jpg,6.14
nickinthegarden18505906871.jpg,6.32
flametree24086818164.jpg,5.88
95123291@N0227543469712.jpg,5.93
pop383257202626.jpg,6.45
thadz33826870302.jpg,6.09
blitzballerx36271493761.jpg,6.38
28732124@N073350704409.jpg,6.5
tresed4716712831979.jpg,6.69
bob_wright33320454756.jpg,6.51
flametree28933917811.jpg,6.05
lindap5731770127132.jpg,6.88
manganite4982132019.jpg,6.5
lego730965869514.jpg,5.59
wannwannmaru12543627744.jpg,6.71
kenih34103777214.jpg,6.44
matroni2617777733.jpg,6.5
alexarnaoudov19854245796.jpg,5.17
78706308@N0630114562863.jpg,6.4
108075182@N0420403805958.jpg,5.94
sedge80820432297681.jpg,6.85
flametree22026584564.jpg,6.05
thalibthameem27167071821.jpg,6.37
chrissie200315194312845.jpg,6.87
mark_burns_photography22779256242.jpg,6.13
39797696@N0021264609933.jpg,6.67
randyherring31552042884.jpg,6.5
birispaul3526207906.jpg,7.6
33416825@N007561382312.jpg,6.86
giuliasilvia2404890851.jpg,7.08
carol_collins3762801862.jpg,7.7
hawkperson17183304411.jpg,6.33
island_deborah29437983214.jpg,6.44
132225075@N0419415612909.jpg,6.62
flametree27830776386.jpg,6.11
84935187@N0415184358029.jpg,6.67
chrissie200332692045561.jpg,6.38
flametree20723852824.jpg,6.21
tporter28935964452.jpg,6.41
kazwitkos15519694707.jpg,7.25
derodeolifant19347056015.jpg,6.37
124890644@N0214626408901.jpg,6.53
thecarhotel15121238403.jpg,6.47
123616369@N0526414464244.jpg,6.51
39797696@N0018334220760.jpg,6.2
helenpixel13847412585.jpg,6.73
115487115@N0626823920106.jpg,6.12
119901987@N0617125698578.jpg,6.6
135434384@N0723730145825.jpg,6.14
spiro-a15843536647.jpg,7.04
illawarra5160328514.jpg,6.04
filsaahmed23553906372.jpg,6.36
chris-hughes16699064473.jpg,6.28
95995253@N003903719251.jpg,6.0
bettyvlasiu31726226436.jpg,6.98
127836661@N0323332279319.jpg,6.5
billy_wilson4320150899.jpg,6.67
70874987@N0519491120465.jpg,6.54
21644167@N0414813041782.jpg,7.42
114781512@N0220880277191.jpg,6.26
stanzim28862757021.jpg,6.33
_makamll_33952835860.jpg,7.35
carolyneaton26205668910.jpg,6.9
bob_wright28181802146.jpg,7.29
bdthomas7427791118771.jpg,6.83
spangles445017354631.jpg,6.62
100087202@N0626973838411.jpg,7.13
147112734@N0234989190756.jpg,6.85
goldenginkgofx33337343894.jpg,6.29
vanderappel17753855196.jpg,5.94
95110413@N0327941610281.jpg,6.8
124976195@N0715050452787.jpg,7.15
baby7484868084.jpg,7.38
latenightowl12017085.jpg,6.34
115127407@N0630822944775.jpg,6.6
47193820@N0816887360238.jpg,6.06
baby74260072180.jpg,6.62
36081663@N00138934708.jpg,6.54
akurashashin25836828764.jpg,7.03
98723310@N0421629020639.jpg,5.88
sandra_gilchrist28655233396.jpg,6.36
26235634@N0628039907582.jpg,7.62
pilechko28609365230.jpg,5.85
baby72965239320.jpg,6.75
77020683@N0822527832970.jpg,7.37
119901987@N0617689397555.jpg,6.37
100701994@N0519509609389.jpg,6.72
tekfx42529493935.jpg,6.89
29558743@N0329075147840.jpg,6.46
48206448@N0634388656754.jpg,6.82
98723310@N0419263635804.jpg,5.96
stevetaylors9110500987.jpg,6.32
the-father3462458845.jpg,6.33
radimersky27471292856.jpg,7.19
rebecamello7848093754.jpg,6.46
132777550@N0217323296592.jpg,6.64
reyub26853140526.jpg,6.71
108075182@N0419373557303.jpg,6.31
roniyo27488838220.jpg,7.0
39797696@N0027343773383.jpg,6.67
koroa10265999834.jpg,7.04
136571942@N0333964130441.jpg,6.67
tdlucas500026972829101.jpg,6.38
cluckyjoesphotos19995943105.jpg,6.33
tresed4716796559699.jpg,7.01
ashishdaga35301839435.jpg,6.27
lorenzoclick13722302124.jpg,6.56
zen3d26624732575.jpg,6.86
p_revagar18108681728.jpg,5.89
133972384@N0426885253142.jpg,7.34
96972102@N0030238371701.jpg,6.36
mbatesfoto30943548370.jpg,6.0
carolyneaton25968847483.jpg,6.46
hartwellphotography35535827154.jpg,6.73
brian10435868518464.jpg,5.92
omygodtom33475001171.jpg,6.48
bob_wright15048777756.jpg,6.08
stevetaylors5401870951.jpg,5.83
fabriziocomizzoli21889862038.jpg,6.46
mukumbura4130798964.jpg,6.12
96982450@N0612474956223.jpg,6.31
tclaud22315576370.jpg,6.4
jessieleong8097876106.jpg,6.51
100701994@N0516530872510.jpg,6.71
flametree21965977545.jpg,6.08
brian10414827428768.jpg,6.77
bobgunderson29000436281.jpg,6.75
zulbaning28344124666.jpg,6.48
filsaahmed33513769486.jpg,6.42
madarchie024540735109.jpg,6.49
baby7437517892.jpg,7.79
tommrazek26297355591.jpg,6.96
99178087@N0327561121226.jpg,6.23
125969625@N0827978331900.jpg,6.28
mmawad7627185173524.jpg,6.08
gaphiker16129168567.jpg,6.06
tresed4731564235163.jpg,5.94
kenih34620018261.jpg,6.53
rucko0715612390531.jpg,5.89
jeffmiller_photography33974206532.jpg,7.61
michytz3431559528.jpg,6.85
23198949@N0827637526941.jpg,6.27
glendahall13161915634.jpg,6.47
95110413@N0328490960505.jpg,6.46
99178087@N0326449971366.jpg,5.87
29487672@N0714336152840.jpg,6.72
durairaj4463586311.jpg,6.53
nickinthegarden18660915186.jpg,5.96
bdthomas7429123144922.jpg,7.37
119400285@N0725727810371.jpg,7.85
pearlwinch25110189816.jpg,7.06
milliepa24904251515.jpg,6.3
39797696@N0026357705911.jpg,6.94
jaimewalsh2149504285.jpg,7.68
10380360@N0722794428790.jpg,6.47
tresed4727983261886.jpg,7.13
rowanhill18765866184.jpg,6.62
134864272@N0231714947213.jpg,7.27
95110413@N0328257138040.jpg,7.11
cris_de_r36693539870.jpg,7.21
elenaleong24913981376.jpg,6.37
keithmidson16388245960.jpg,7.35
brian10414777280440.jpg,6.54
102717418@N0314122715597.jpg,8.09
flametree21113045605.jpg,6.62
115487115@N0628670304061.jpg,7.7
aeriedesign42974416435.jpg,7.41
tresed4717275922076.jpg,6.83
52973249@N0410020758124.jpg,7.23
119901987@N0625885211273.jpg,6.9
29487672@N0716441627400.jpg,7.43
51639259@N0316747875009.jpg,7.08
tresed4729638157662.jpg,7.22
tresed4725675978512.jpg,6.6
134818193@N0627626050726.jpg,7.07
39797696@N0028059437770.jpg,6.5
lique130427096105046.jpg,7.08
derodeolifant29835285876.jpg,8.45
saptakbanerjee198314727528115.jpg,7.0
andrejtrnkoczy14038664143.jpg,7.27
anujnair5157327523.jpg,7.17
flametree25107984676.jpg,6.58
34121831@N0027295725202.jpg,7.53
jwhanley27168618963.jpg,7.16
whipix124011481323.jpg,7.19
rowanhill19368078832.jpg,6.54
stanlupophotography26562917252.jpg,7.17
johannesberg20143295879.jpg,7.85
sanodi25560089912.jpg,6.78
94429298@N0814967786627.jpg,7.3
39797696@N0027698170780.jpg,6.63
the_way_i_see13776505584.jpg,6.83
baby7421900239.jpg,7.95
44991205@N0317145271609.jpg,7.75
95823068@N0628498642964.jpg,6.83
peterbrannon21779276552.jpg,7.14
130044222@N0416212364524.jpg,6.67
134864272@N0227026102903.jpg,6.61
16177003@N0318738923405.jpg,6.96
133972384@N0426423122014.jpg,7.33
pinky017328303961073.jpg,7.09
94674192@N0720555455626.jpg,7.25
139413734@N0223841574134.jpg,6.86
gregsbirds18302071294.jpg,7.24
aguisolcr26720701514.jpg,6.85
whitooney19382200722.jpg,6.69
mifrira26408265644.jpg,7.91
dimitridepaepe481594936.jpg,7.28
grobinette26614842661.jpg,6.94
mark_rigler_uk36561020732.jpg,7.05
gervanio16095613077.jpg,7.67
12bluros19809032800.jpg,7.7
mibby2334755266375.jpg,6.88
68166820@N0831901243655.jpg,7.27
janlupus19437145016.jpg,7.2
rkspics34517692831.jpg,7.4
123656301@N0326085661682.jpg,6.73
39797696@N0028735814040.jpg,6.98
skylinestudionl26685066022.jpg,7.63
66039972@N0327543675012.jpg,7.26
lenblumin28086829154.jpg,7.88
metroman082425680378.jpg,7.75
syxanka28965684422.jpg,6.72
95823068@N0615609156698.jpg,6.98
baby72320956680.jpg,7.88
erik_van_hassel27644630580.jpg,6.88
hutterdesign29383537783.jpg,6.72
sharonwills31153066646.jpg,7.29
hand_of_sands3328467406.jpg,6.79
108075182@N0432284576210.jpg,7.0
115487115@N0628660799503.jpg,6.97
frostroomhead18401705903.jpg,6.38
worthingwanderer24286465085.jpg,6.41
119679149@N0328023600056.jpg,7.47
95995253@N003411541301.jpg,7.03
97201328@N0230551470286.jpg,7.3
sandy_leidholdt27559327130.jpg,6.83
ajh200817541149208.jpg,7.86
baby7576278272.jpg,7.37
100087202@N0625755910844.jpg,6.97
115487115@N0622770250438.jpg,7.85
124130353@N0814271391653.jpg,6.96
nadia-veronica29920235201.jpg,6.71
elin22218057354758.jpg,6.8
mikicabgd31647832760.jpg,7.46
bobgeilings34514695544.jpg,7.71
11248476@N0636399812076.jpg,7.56
stilgar25208979914.jpg,8.16
egdc21125384803203.jpg,7.62
108075182@N0429208209321.jpg,6.35
stehouwerrecio23422186923.jpg,6.97
sharonwills22627429954.jpg,7.33
louisemillar35177900323.jpg,6.38
sandy_leidholdt30483194434.jpg,6.46
130281204@N0621235883654.jpg,7.28
yasmine-hens34404812836.jpg,6.89
atila_y28183496596.jpg,6.96
ekaterinaalexander133872279164.jpg,6.33
ptanja7114679950057.jpg,6.75
134818193@N0626181370356.jpg,6.96
92476335@N0227381087756.jpg,7.3
omygodtom26892194042.jpg,6.94
gregsbirds27700606103.jpg,7.58
119901987@N0626721769982.jpg,6.52
85273962@N0527305941654.jpg,6.56
clbarret20039783377931.jpg,7.54
139056264@N0229384627792.jpg,6.83
sam0hsong24755454426.jpg,6.55
lecabri16790958070.jpg,6.67
hemidj28071149260.jpg,7.21
hudsonian-godwit29983725622.jpg,7.2
145093364@N0833576758300.jpg,6.7
derodeolifant25583142946.jpg,6.6
47193820@N0821776463879.jpg,7.1
bobcarter24535304864.jpg,7.03
sharonwills23102361544.jpg,6.69
n_m_india32238914093.jpg,7.66
95110413@N0327979208394.jpg,7.02
mct_photography20951873404.jpg,7.46
illawarra28390275221.jpg,6.58
23179744@N0316614961223.jpg,6.55
grobinette26378510482.jpg,6.8
dirkvanderveen29439860603.jpg,6.87
35110249@N0524847658619.jpg,7.1
dustinholmes34668361433.jpg,6.17
flametree27813669473.jpg,6.45
rolandbrugge30380128405.jpg,6.82
16706350@N0019569111563.jpg,5.95
mukumbura3064708069.jpg,7.17
108075182@N0428417465294.jpg,6.8
95823068@N0635271164585.jpg,7.01
edgarasvaicikevicius21233261184.jpg,6.96
98395686@N0733111838041.jpg,7.4
131993970@N0729471124901.jpg,7.27
aleadam28163079834.jpg,7.29
bdthomas7429367662500.jpg,7.77
sandythompson28643123241.jpg,7.65
106513743@N0513608462823.jpg,6.79
one1stanbul23402323875.jpg,7.36
100087202@N0615737802714.jpg,7.05
146809682@N0436241039012.jpg,7.72
5rosa124277475564.jpg,7.42
theenmoy17161435819.jpg,7.45
64534310@N0729583894111.jpg,7.77
theopendoor26033719485.jpg,7.35
sprengben7189200768.jpg,8.04
129992538@N0227194939391.jpg,7.88
alanpope28514628910.jpg,7.45
fuyi9896820506.jpg,7.23
n_m_india27709874964.jpg,7.95
94100125@N0726451584502.jpg,7.85
95823068@N0627259355782.jpg,6.83
massimo-buccolieri23375006709.jpg,8.35
147484545@N0635086221835.jpg,7.27
gazcreativediver19323611454.jpg,7.6
beatriceverez26643946006.jpg,8.22
uncletee21819127341.jpg,7.18
kenny_barker13898393271.jpg,7.67
theopendoor24786395372.jpg,6.94
agrusoft33107819895.jpg,7.31
verzeletti26111258951.jpg,7.5
95823068@N0630364832920.jpg,7.46
33238446@N0530577258402.jpg,7.03
134818193@N0629380931005.jpg,7.57
djiezeskraaist27251340902.jpg,7.71
26849514@N065729440850.jpg,8.06
134864407@N0423430791820.jpg,6.96
shutterjack21657510500.jpg,8.53
jordicorbillaphotography26783198082.jpg,7.29
134818193@N0627353412342.jpg,7.83
95823068@N0617383046644.jpg,7.69
129341276@N0617083552067.jpg,7.88
yasmine-hens36362852790.jpg,7.11
peterbrannon29183163091.jpg,7.92
reupa26135490445.jpg,8.21
